demand_id,medicine_id,location_id,date,forecast_demand_7d,forecast_demand_30d,historical_daily_demand
DEM-000001,MED-001,LOC-001,2026-09-10,382,1632,56.4
DEM-000002,MED-001,LOC-001,2026-09-09,456,1953,65.1
DEM-000003,MED-001,LOC-001,2026-09-08,443,1899,63.3
DEM-000004,MED-001,LOC-001,2026-09-07,490,2100,70.0
DEM-000005,MED-001,LOC-001,2026-09-06,315,1350,45.0
DEM-000006,MED-001,LOC-001,2026-09-05,388,1662,55.4
DEM-000007,MED-001,LOC-001,2026-09-04,302,1296,43.2
DEM-000008,MED-001,LOC-001,2026-09-03,344,1473,49.1
DEM-000009,MED-001,LOC-001,2026-09-02,406,1740,58.0
DEM-000010,MED-001,LOC-001,2026-09-01,302,1293,43.1
DEM-000011,MED-001,LOC-001,2026-08-31,340,1455,48.5
DEM-000012,MED-001,LOC-001,2026-08-30,438,1875,62.5
DEM-000013,MED-001,LOC-001,2026-08-29,414,1776,59.2
DEM-000014,MED-001,LOC-001,2026-08-28,344,1473,49.1
DEM-000015,MED-001,LOC-001,2026-08-27,424,1818,60.6
DEM-000016,MED-001,LOC-001,2026-08-26,472,2022,67.4
DEM-000017,MED-001,LOC-001,2026-08-25,298,1275,42.5
DEM-000018,MED-001,LOC-001,2026-08-24,471,2019,67.3
DEM-000019,MED-001,LOC-001,2026-08-23,448,1920,64.0
DEM-000020,MED-001,LOC-002,2026-09-10,292,1484,44.5
DEM-000021,MED-001,LOC-002,2026-09-09,291,1248,41.6
DEM-000022,MED-001,LOC-002,2026-09-08,249,1068,35.6
DEM-000023,MED-001,LOC-002,2026-09-07,250,1071,35.7
DEM-000024,MED-001,LOC-002,2026-09-06,379,1623,54.1
DEM-000025,MED-001,LOC-002,2026-09-05,337,1446,48.2
DEM-000026,MED-001,LOC-002,2026-09-04,372,1593,53.1
DEM-000027,MED-001,LOC-002,2026-09-03,358,1536,51.2
DEM-000028,MED-001,LOC-002,2026-09-02,326,1395,46.5
DEM-000029,MED-001,LOC-002,2026-09-01,400,1716,57.2
DEM-000030,MED-001,LOC-002,2026-08-31,298,1278,42.6
DEM-000031,MED-001,LOC-002,2026-08-30,328,1407,46.9
DEM-000032,MED-001,LOC-002,2026-08-29,376,1611,53.7
DEM-000033,MED-001,LOC-002,2026-08-28,340,1455,48.5
DEM-000034,MED-001,LOC-002,2026-08-27,382,1635,54.5
DEM-000035,MED-001,LOC-002,2026-08-26,332,1425,47.5
DEM-000036,MED-001,LOC-002,2026-08-25,354,1518,50.6
DEM-000037,MED-001,LOC-002,2026-08-24,242,1035,34.5
DEM-000038,MED-001,LOC-002,2026-08-23,273,1170,39.0
DEM-000039,MED-001,LOC-003,2026-09-10,408,1835,63.3
DEM-000040,MED-001,LOC-003,2026-09-09,357,1530,51.0
DEM-000041,MED-001,LOC-003,2026-09-08,400,1716,57.2
DEM-000042,MED-001,LOC-003,2026-09-07,487,2088,69.6
DEM-000043,MED-001,LOC-003,2026-09-06,421,1806,60.2
DEM-000044,MED-001,LOC-003,2026-09-05,423,1812,60.4
DEM-000045,MED-001,LOC-003,2026-09-04,384,1644,54.8
DEM-000046,MED-001,LOC-003,2026-09-03,398,1704,56.8
DEM-000047,MED-001,LOC-003,2026-09-02,561,2403,80.1
DEM-000048,MED-001,LOC-003,2026-09-01,490,2100,70.0
DEM-000049,MED-001,LOC-003,2026-08-31,481,2061,68.7
DEM-000050,MED-001,LOC-003,2026-08-30,374,1602,53.4
DEM-000051,MED-001,LOC-003,2026-08-29,510,2187,72.9
DEM-000052,MED-001,LOC-003,2026-08-28,372,1596,53.2
DEM-000053,MED-001,LOC-003,2026-08-27,425,1821,60.7
DEM-000054,MED-001,LOC-003,2026-08-26,573,2457,81.9
DEM-000055,MED-001,LOC-003,2026-08-25,489,2094,69.8
DEM-000056,MED-001,LOC-003,2026-08-24,468,2007,66.9
DEM-000057,MED-001,LOC-003,2026-08-23,499,2139,71.3
DEM-000058,MED-001,LOC-004,2026-09-10,410,1550,53.5
DEM-000059,MED-001,LOC-004,2026-09-09,288,1233,41.1
DEM-000060,MED-001,LOC-004,2026-09-08,346,1482,49.4
DEM-000061,MED-001,LOC-004,2026-09-07,336,1440,48.0
DEM-000062,MED-001,LOC-004,2026-09-06,324,1389,46.3
DEM-000063,MED-001,LOC-004,2026-09-05,475,2037,67.9
DEM-000064,MED-001,LOC-004,2026-09-04,461,1977,65.9
DEM-000065,MED-001,LOC-004,2026-09-03,346,1482,49.4
DEM-000066,MED-001,LOC-004,2026-09-02,416,1782,59.4
DEM-000067,MED-001,LOC-004,2026-09-01,363,1554,51.8
DEM-000068,MED-001,LOC-004,2026-08-31,469,2010,67.0
DEM-000069,MED-001,LOC-004,2026-08-30,375,1608,53.6
DEM-000070,MED-001,LOC-004,2026-08-29,335,1437,47.9
DEM-000071,MED-001,LOC-004,2026-08-28,332,1422,47.4
DEM-000072,MED-001,LOC-004,2026-08-27,396,1698,56.6
DEM-000073,MED-001,LOC-004,2026-08-26,335,1437,47.9
DEM-000074,MED-001,LOC-004,2026-08-25,401,1719,57.3
DEM-000075,MED-001,LOC-004,2026-08-24,466,1995,66.5
DEM-000076,MED-001,LOC-004,2026-08-23,363,1557,51.9
DEM-000077,MED-001,LOC-005,2026-09-10,495,1885,61.5
DEM-000078,MED-001,LOC-005,2026-09-09,344,1476,49.2
DEM-000079,MED-001,LOC-005,2026-09-08,334,1431,47.7
DEM-000080,MED-001,LOC-005,2026-09-07,349,1494,49.8
DEM-000081,MED-001,LOC-005,2026-09-06,471,2019,67.3
DEM-000082,MED-001,LOC-005,2026-09-05,510,2187,72.9
DEM-000083,MED-001,LOC-005,2026-09-04,423,1812,60.4
DEM-000084,MED-001,LOC-005,2026-09-03,338,1449,48.3
DEM-000085,MED-001,LOC-005,2026-09-02,413,1770,59.0
DEM-000086,MED-001,LOC-005,2026-09-01,559,2394,79.8
DEM-000087,MED-001,LOC-005,2026-08-31,448,1920,64.0
DEM-000088,MED-001,LOC-005,2026-08-30,553,2370,79.0
DEM-000089,MED-001,LOC-005,2026-08-29,526,2256,75.2
DEM-000090,MED-001,LOC-005,2026-08-28,326,1395,46.5
DEM-000091,MED-001,LOC-005,2026-08-27,494,2115,70.5
DEM-000092,MED-001,LOC-005,2026-08-26,484,2076,69.2
DEM-000093,MED-001,LOC-005,2026-08-25,450,1929,64.3
DEM-000094,MED-001,LOC-005,2026-08-24,386,1656,55.2
DEM-000095,MED-001,LOC-005,2026-08-23,475,2034,67.8
DEM-000096,MED-001,LOC-006,2026-09-10,181,779,25.7
DEM-000097,MED-001,LOC-006,2026-09-09,230,984,32.8
DEM-000098,MED-001,LOC-006,2026-09-08,222,951,31.7
DEM-000099,MED-001,LOC-006,2026-09-07,161,690,23.0
DEM-000100,MED-001,LOC-006,2026-09-06,185,792,26.4
DEM-000101,MED-001,LOC-006,2026-09-05,153,654,21.8
DEM-000102,MED-001,LOC-006,2026-09-04,225,966,32.2
DEM-000103,MED-001,LOC-006,2026-09-03,221,948,31.6
DEM-000104,MED-001,LOC-006,2026-09-02,164,705,23.5
DEM-000105,MED-001,LOC-006,2026-09-01,198,849,28.3
DEM-000106,MED-001,LOC-006,2026-08-31,195,837,27.9
DEM-000107,MED-001,LOC-006,2026-08-30,150,642,21.4
DEM-000108,MED-001,LOC-006,2026-08-29,211,903,30.1
DEM-000109,MED-001,LOC-006,2026-08-28,188,807,26.9
DEM-000110,MED-001,LOC-006,2026-08-27,212,909,30.3
DEM-000111,MED-001,LOC-006,2026-08-26,188,804,26.8
DEM-000112,MED-001,LOC-006,2026-08-25,135,579,19.3
DEM-000113,MED-001,LOC-006,2026-08-24,167,717,23.9
DEM-000114,MED-001,LOC-006,2026-08-23,137,588,19.6
DEM-000115,MED-001,LOC-007,2026-09-10,432,1796,55.1
DEM-000116,MED-001,LOC-007,2026-09-09,354,1518,50.6
DEM-000117,MED-001,LOC-007,2026-09-08,302,1293,43.1
DEM-000118,MED-001,LOC-007,2026-09-07,475,2037,67.9
DEM-000119,MED-001,LOC-007,2026-09-06,490,2100,70.0
DEM-000120,MED-001,LOC-007,2026-09-05,307,1317,43.9
DEM-000121,MED-001,LOC-007,2026-09-04,393,1683,56.1
DEM-000122,MED-001,LOC-007,2026-09-03,304,1302,43.4
DEM-000123,MED-001,LOC-007,2026-09-02,451,1932,64.4
DEM-000124,MED-001,LOC-007,2026-09-01,452,1935,64.5
DEM-000125,MED-001,LOC-007,2026-08-31,316,1356,45.2
DEM-000126,MED-001,LOC-007,2026-08-30,390,1671,55.7
DEM-000127,MED-001,LOC-007,2026-08-29,406,1740,58.0
DEM-000128,MED-001,LOC-007,2026-08-28,346,1482,49.4
DEM-000129,MED-001,LOC-007,2026-08-27,475,2034,67.8
DEM-000130,MED-001,LOC-007,2026-08-26,379,1623,54.1
DEM-000131,MED-001,LOC-007,2026-08-25,334,1431,47.7
DEM-000132,MED-001,LOC-007,2026-08-24,404,1731,57.7
DEM-000133,MED-001,LOC-007,2026-08-23,444,1902,63.4
DEM-000134,MED-001,LOC-008,2026-09-10,183,896,26.7
DEM-000135,MED-001,LOC-008,2026-09-09,207,888,29.6
DEM-000136,MED-001,LOC-008,2026-09-08,186,795,26.5
DEM-000137,MED-001,LOC-008,2026-09-07,193,828,27.6
DEM-000138,MED-001,LOC-008,2026-09-06,153,654,21.8
DEM-000139,MED-001,LOC-008,2026-09-05,163,699,23.3
DEM-000140,MED-001,LOC-008,2026-09-04,175,750,25.0
DEM-000141,MED-001,LOC-008,2026-09-03,201,861,28.7
DEM-000142,MED-001,LOC-008,2026-09-02,164,702,23.4
DEM-000143,MED-001,LOC-008,2026-09-01,163,699,23.3
DEM-000144,MED-001,LOC-008,2026-08-31,148,633,21.1
DEM-000145,MED-001,LOC-008,2026-08-30,205,879,29.3
DEM-000146,MED-001,LOC-008,2026-08-29,164,702,23.4
DEM-000147,MED-001,LOC-008,2026-08-28,233,999,33.3
DEM-000148,MED-001,LOC-008,2026-08-27,228,978,32.6
DEM-000149,MED-001,LOC-008,2026-08-26,148,633,21.1
DEM-000150,MED-001,LOC-008,2026-08-25,164,705,23.5
DEM-000151,MED-001,LOC-008,2026-08-24,209,894,29.8
DEM-000152,MED-001,LOC-008,2026-08-23,162,696,23.2
DEM-000153,MED-001,LOC-009,2026-09-10,323,1263,40.7
DEM-000154,MED-001,LOC-009,2026-09-09,288,1233,41.1
DEM-000155,MED-001,LOC-009,2026-09-08,337,1443,48.1
DEM-000156,MED-001,LOC-009,2026-09-07,340,1458,48.6
DEM-000157,MED-001,LOC-009,2026-09-06,244,1044,34.8
DEM-000158,MED-001,LOC-009,2026-09-05,229,981,32.7
DEM-000159,MED-001,LOC-009,2026-09-04,281,1206,40.2
DEM-000160,MED-001,LOC-009,2026-09-03,280,1200,40.0
DEM-000161,MED-001,LOC-009,2026-09-02,287,1230,41.0
DEM-000162,MED-001,LOC-009,2026-09-01,328,1404,46.8
DEM-000163,MED-001,LOC-009,2026-08-31,319,1368,45.6
DEM-000164,MED-001,LOC-009,2026-08-30,368,1578,52.6
DEM-000165,MED-001,LOC-009,2026-08-29,229,981,32.7
DEM-000166,MED-001,LOC-009,2026-08-28,276,1185,39.5
DEM-000167,MED-001,LOC-009,2026-08-27,267,1143,38.1
DEM-000168,MED-001,LOC-009,2026-08-26,349,1494,49.8
DEM-000169,MED-001,LOC-009,2026-08-25,253,1083,36.1
DEM-000170,MED-001,LOC-009,2026-08-24,244,1044,34.8
DEM-000171,MED-001,LOC-009,2026-08-23,284,1218,40.6
DEM-000172,MED-001,LOC-010,2026-09-10,312,1336,45.9
DEM-000173,MED-001,LOC-010,2026-09-09,404,1731,57.7
DEM-000174,MED-001,LOC-010,2026-09-08,319,1368,45.6
DEM-000175,MED-001,LOC-010,2026-09-07,393,1686,56.2
DEM-000176,MED-001,LOC-010,2026-09-06,338,1449,48.3
DEM-000177,MED-001,LOC-010,2026-09-05,250,1071,35.7
DEM-000178,MED-001,LOC-010,2026-09-04,418,1791,59.7
DEM-000179,MED-001,LOC-010,2026-09-03,388,1665,55.5
DEM-000180,MED-001,LOC-010,2026-09-02,412,1767,58.9
DEM-000181,MED-001,LOC-010,2026-09-01,405,1734,57.8
DEM-000182,MED-001,LOC-010,2026-08-31,391,1677,55.9
DEM-000183,MED-001,LOC-010,2026-08-30,270,1158,38.6
DEM-000184,MED-001,LOC-010,2026-08-29,327,1401,46.7
DEM-000185,MED-001,LOC-010,2026-08-28,279,1194,39.8
DEM-000186,MED-001,LOC-010,2026-08-27,312,1335,44.5
DEM-000187,MED-001,LOC-010,2026-08-26,251,1077,35.9
DEM-000188,MED-001,LOC-010,2026-08-25,308,1320,44.0
DEM-000189,MED-001,LOC-010,2026-08-24,415,1779,59.3
DEM-000190,MED-001,LOC-010,2026-08-23,288,1233,41.1
DEM-000191,MED-002,LOC-001,2026-09-10,253,1197,35.9
DEM-000192,MED-002,LOC-001,2026-09-09,326,1398,46.6
DEM-000193,MED-002,LOC-001,2026-09-08,265,1137,37.9
DEM-000194,MED-002,LOC-001,2026-09-07,288,1233,41.1
DEM-000195,MED-002,LOC-001,2026-09-06,210,900,30.0
DEM-000196,MED-002,LOC-001,2026-09-05,230,984,32.8
DEM-000197,MED-002,LOC-001,2026-09-04,323,1383,46.1
DEM-000198,MED-002,LOC-001,2026-09-03,269,1152,38.4
DEM-000199,MED-002,LOC-001,2026-09-02,263,1128,37.6
DEM-000200,MED-002,LOC-001,2026-09-01,292,1251,41.7
DEM-000201,MED-002,LOC-001,2026-08-31,197,843,28.1
DEM-000202,MED-002,LOC-001,2026-08-30,270,1155,38.5
DEM-000203,MED-002,LOC-001,2026-08-29,258,1107,36.9
DEM-000204,MED-002,LOC-001,2026-08-28,307,1314,43.8
DEM-000205,MED-002,LOC-001,2026-08-27,210,900,30.0
DEM-000206,MED-002,LOC-001,2026-08-26,321,1377,45.9
DEM-000207,MED-002,LOC-001,2026-08-25,200,855,28.5
DEM-000208,MED-002,LOC-001,2026-08-24,214,918,30.6
DEM-000209,MED-002,LOC-001,2026-08-23,271,1161,38.7
DEM-000210,MED-002,LOC-002,2026-09-10,180,759,26.8
DEM-000211,MED-002,LOC-002,2026-09-09,232,996,33.2
DEM-000212,MED-002,LOC-002,2026-09-08,166,711,23.7
DEM-000213,MED-002,LOC-002,2026-09-07,202,867,28.9
DEM-000214,MED-002,LOC-002,2026-09-06,204,876,29.2
DEM-000215,MED-002,LOC-002,2026-09-05,184,789,26.3
DEM-000216,MED-002,LOC-002,2026-09-04,201,861,28.7
DEM-000217,MED-002,LOC-002,2026-09-03,195,834,27.8
DEM-000218,MED-002,LOC-002,2026-09-02,237,1017,33.9
DEM-000219,MED-002,LOC-002,2026-09-01,162,693,23.1
DEM-000220,MED-002,LOC-002,2026-08-31,215,921,30.7
DEM-000221,MED-002,LOC-002,2026-08-30,165,708,23.6
DEM-000222,MED-002,LOC-002,2026-08-29,181,777,25.9
DEM-000223,MED-002,LOC-002,2026-08-28,210,900,30.0
DEM-000224,MED-002,LOC-002,2026-08-27,172,735,24.5
DEM-000225,MED-002,LOC-002,2026-08-26,174,744,24.8
DEM-000226,MED-002,LOC-002,2026-08-25,218,936,31.2
DEM-000227,MED-002,LOC-002,2026-08-24,148,636,21.2
DEM-000228,MED-002,LOC-002,2026-08-23,188,807,26.9
DEM-000229,MED-002,LOC-003,2026-09-10,350,1220,43.5
DEM-000230,MED-002,LOC-003,2026-09-09,264,1131,37.7
DEM-000231,MED-002,LOC-003,2026-09-08,273,1170,39.0
DEM-000232,MED-002,LOC-003,2026-09-07,385,1650,55.0
DEM-000233,MED-002,LOC-003,2026-09-06,376,1611,53.7
DEM-000234,MED-002,LOC-003,2026-09-05,376,1611,53.7
DEM-000235,MED-002,LOC-003,2026-09-04,290,1245,41.5
DEM-000236,MED-002,LOC-003,2026-09-03,255,1092,36.4
DEM-000237,MED-002,LOC-003,2026-09-02,368,1578,52.6
DEM-000238,MED-002,LOC-003,2026-09-01,346,1485,49.5
DEM-000239,MED-002,LOC-003,2026-08-31,331,1419,47.3
DEM-000240,MED-002,LOC-003,2026-08-30,393,1686,56.2
DEM-000241,MED-002,LOC-003,2026-08-29,338,1449,48.3
DEM-000242,MED-002,LOC-003,2026-08-28,230,984,32.8
DEM-000243,MED-002,LOC-003,2026-08-27,365,1566,52.2
DEM-000244,MED-002,LOC-003,2026-08-26,279,1194,39.8
DEM-000245,MED-002,LOC-003,2026-08-25,340,1455,48.5
DEM-000246,MED-002,LOC-003,2026-08-24,386,1653,55.1
DEM-000247,MED-002,LOC-003,2026-08-23,251,1074,35.8
DEM-000248,MED-002,LOC-004,2026-09-10,139,665,21.5
DEM-000249,MED-002,LOC-004,2026-09-09,135,579,19.3
DEM-000250,MED-002,LOC-004,2026-09-08,163,699,23.3
DEM-000251,MED-002,LOC-004,2026-09-07,172,738,24.6
DEM-000252,MED-002,LOC-004,2026-09-06,130,555,18.5
DEM-000253,MED-002,LOC-004,2026-09-05,165,708,23.6
DEM-000254,MED-002,LOC-004,2026-09-04,134,576,19.2
DEM-000255,MED-002,LOC-004,2026-09-03,153,657,21.9
DEM-000256,MED-002,LOC-004,2026-09-02,188,804,26.8
DEM-000257,MED-002,LOC-004,2026-09-01,183,783,26.1
DEM-000258,MED-002,LOC-004,2026-08-31,120,516,17.2
DEM-000259,MED-002,LOC-004,2026-08-30,148,633,21.1
DEM-000260,MED-002,LOC-004,2026-08-29,136,582,19.4
DEM-000261,MED-002,LOC-004,2026-08-28,113,486,16.2
DEM-000262,MED-002,LOC-004,2026-08-27,176,756,25.2
DEM-000263,MED-002,LOC-004,2026-08-26,166,711,23.7
DEM-000264,MED-002,LOC-004,2026-08-25,134,576,19.2
DEM-000265,MED-002,LOC-004,2026-08-24,174,747,24.9
DEM-000266,MED-002,LOC-004,2026-08-23,158,678,22.6
DEM-000267,MED-002,LOC-005,2026-09-10,225,999,35.6
DEM-000268,MED-002,LOC-005,2026-09-09,308,1320,44.0
DEM-000269,MED-002,LOC-005,2026-09-08,311,1332,44.4
DEM-000270,MED-002,LOC-005,2026-09-07,262,1122,37.4
DEM-000271,MED-002,LOC-005,2026-09-06,301,1290,43.0
DEM-000272,MED-002,LOC-005,2026-09-05,267,1143,38.1
DEM-000273,MED-002,LOC-005,2026-09-04,207,888,29.6
DEM-000274,MED-002,LOC-005,2026-09-03,204,876,29.2
DEM-000275,MED-002,LOC-005,2026-09-02,229,981,32.7
DEM-000276,MED-002,LOC-005,2026-09-01,310,1329,44.3
DEM-000277,MED-002,LOC-005,2026-08-31,296,1269,42.3
DEM-000278,MED-002,LOC-005,2026-08-30,305,1308,43.6
DEM-000279,MED-002,LOC-005,2026-08-29,310,1329,44.3
DEM-000280,MED-002,LOC-005,2026-08-28,216,924,30.8
DEM-000281,MED-002,LOC-005,2026-08-27,221,948,31.6
DEM-000282,MED-002,LOC-005,2026-08-26,201,861,28.7
DEM-000283,MED-002,LOC-005,2026-08-25,294,1260,42.0
DEM-000284,MED-002,LOC-005,2026-08-24,308,1320,44.0
DEM-000285,MED-002,LOC-005,2026-08-23,243,1041,34.7
DEM-000286,MED-002,LOC-006,2026-09-10,110,554,16.7
DEM-000287,MED-002,LOC-006,2026-09-09,144,615,20.5
DEM-000288,MED-002,LOC-006,2026-09-08,150,645,21.5
DEM-000289,MED-002,LOC-006,2026-09-07,140,600,20.0
DEM-000290,MED-002,LOC-006,2026-09-06,144,618,20.6
DEM-000291,MED-002,LOC-006,2026-09-05,90,384,12.8
DEM-000292,MED-002,LOC-006,2026-09-04,135,579,19.3
DEM-000293,MED-002,LOC-006,2026-09-03,109,468,15.6
DEM-000294,MED-002,LOC-006,2026-09-02,148,633,21.1
DEM-000295,MED-002,LOC-006,2026-09-01,139,597,19.9
DEM-000296,MED-002,LOC-006,2026-08-31,144,615,20.5
DEM-000297,MED-002,LOC-006,2026-08-30,140,600,20.0
DEM-000298,MED-002,LOC-006,2026-08-29,105,450,15.0
DEM-000299,MED-002,LOC-006,2026-08-28,139,594,19.8
DEM-000300,MED-002,LOC-006,2026-08-27,94,405,13.5
DEM-000301,MED-002,LOC-006,2026-08-26,144,615,20.5
DEM-000302,MED-002,LOC-006,2026-08-25,143,612,20.4
DEM-000303,MED-002,LOC-006,2026-08-24,102,438,14.6
DEM-000304,MED-002,LOC-006,2026-08-23,140,600,20.0
DEM-000305,MED-002,LOC-007,2026-09-10,169,803,24.8
DEM-000306,MED-002,LOC-007,2026-09-09,152,651,21.7
DEM-000307,MED-002,LOC-007,2026-09-08,132,567,18.9
DEM-000308,MED-002,LOC-007,2026-09-07,148,636,21.2
DEM-000309,MED-002,LOC-007,2026-09-06,162,693,23.1
DEM-000310,MED-002,LOC-007,2026-09-05,213,912,30.4
DEM-000311,MED-002,LOC-007,2026-09-04,223,954,31.8
DEM-000312,MED-002,LOC-007,2026-09-03,157,672,22.4
DEM-000313,MED-002,LOC-007,2026-09-02,191,819,27.3
DEM-000314,MED-002,LOC-007,2026-09-01,169,723,24.1
DEM-000315,MED-002,LOC-007,2026-08-31,224,960,32.0
DEM-000316,MED-002,LOC-007,2026-08-30,181,777,25.9
DEM-000317,MED-002,LOC-007,2026-08-29,220,942,31.4
DEM-000318,MED-002,LOC-007,2026-08-28,141,606,20.2
DEM-000319,MED-002,LOC-007,2026-08-27,223,954,31.8
DEM-000320,MED-002,LOC-007,2026-08-26,147,630,21.0
DEM-000321,MED-002,LOC-007,2026-08-25,222,951,31.7
DEM-000322,MED-002,LOC-007,2026-08-24,155,666,22.2
DEM-000323,MED-002,LOC-007,2026-08-23,141,603,20.1
DEM-000324,MED-002,LOC-008,2026-09-10,118,460,15.6
DEM-000325,MED-002,LOC-008,2026-09-09,118,507,16.9
DEM-000326,MED-002,LOC-008,2026-09-08,113,483,16.1
DEM-000327,MED-002,LOC-008,2026-09-07,105,450,15.0
DEM-000328,MED-002,LOC-008,2026-09-06,116,498,16.6
DEM-000329,MED-002,LOC-008,2026-09-05,97,417,13.9
DEM-000330,MED-002,LOC-008,2026-09-04,125,534,17.8
DEM-000331,MED-002,LOC-008,2026-09-03,82,351,11.7
DEM-000332,MED-002,LOC-008,2026-09-02,137,588,19.6
DEM-000333,MED-002,LOC-008,2026-09-01,114,489,16.3
DEM-000334,MED-002,LOC-008,2026-08-31,125,537,17.9
DEM-000335,MED-002,LOC-008,2026-08-30,127,543,18.1
DEM-000336,MED-002,LOC-008,2026-08-29,122,525,17.5
DEM-000337,MED-002,LOC-008,2026-08-28,104,444,14.8
DEM-000338,MED-002,LOC-008,2026-08-27,86,369,12.3
DEM-000339,MED-002,LOC-008,2026-08-26,122,522,17.4
DEM-000340,MED-002,LOC-008,2026-08-25,102,435,14.5
DEM-000341,MED-002,LOC-008,2026-08-24,101,432,14.4
DEM-000342,MED-002,LOC-008,2026-08-23,133,570,19.0
DEM-000343,MED-002,LOC-009,2026-09-10,186,801,27.2
DEM-000344,MED-002,LOC-009,2026-09-09,186,795,26.5
DEM-000345,MED-002,LOC-009,2026-09-08,185,792,26.4
DEM-000346,MED-002,LOC-009,2026-09-07,174,744,24.8
DEM-000347,MED-002,LOC-009,2026-09-06,156,669,22.3
DEM-000348,MED-002,LOC-009,2026-09-05,187,801,26.7
DEM-000349,MED-002,LOC-009,2026-09-04,242,1035,34.5
DEM-000350,MED-002,LOC-009,2026-09-03,214,915,30.5
DEM-000351,MED-002,LOC-009,2026-09-02,237,1017,33.9
DEM-000352,MED-002,LOC-009,2026-09-01,207,888,29.6
DEM-000353,MED-002,LOC-009,2026-08-31,174,747,24.9
DEM-000354,MED-002,LOC-009,2026-08-30,200,858,28.6
DEM-000355,MED-002,LOC-009,2026-08-29,143,612,20.4
DEM-000356,MED-002,LOC-009,2026-08-28,173,741,24.7
DEM-000357,MED-002,LOC-009,2026-08-27,188,804,26.8
DEM-000358,MED-002,LOC-009,2026-08-26,204,873,29.1
DEM-000359,MED-002,LOC-009,2026-08-25,211,906,30.2
DEM-000360,MED-002,LOC-009,2026-08-24,192,822,27.4
DEM-000361,MED-002,LOC-009,2026-08-23,189,810,27.0
DEM-000362,MED-002,LOC-010,2026-09-10,160,739,22.4
DEM-000363,MED-002,LOC-010,2026-09-09,186,798,26.6
DEM-000364,MED-002,LOC-010,2026-09-08,132,567,18.9
DEM-000365,MED-002,LOC-010,2026-09-07,125,534,17.8
DEM-000366,MED-002,LOC-010,2026-09-06,162,696,23.2
DEM-000367,MED-002,LOC-010,2026-09-05,172,738,24.6
DEM-000368,MED-002,LOC-010,2026-09-04,146,627,20.9
DEM-000369,MED-002,LOC-010,2026-09-03,188,807,26.9
DEM-000370,MED-002,LOC-010,2026-09-02,183,783,26.1
DEM-000371,MED-002,LOC-010,2026-09-01,176,753,25.1
DEM-000372,MED-002,LOC-010,2026-08-31,137,588,19.6
DEM-000373,MED-002,LOC-010,2026-08-30,135,579,19.3
DEM-000374,MED-002,LOC-010,2026-08-29,120,513,17.1
DEM-000375,MED-002,LOC-010,2026-08-28,139,594,19.8
DEM-000376,MED-002,LOC-010,2026-08-27,159,681,22.7
DEM-000377,MED-002,LOC-010,2026-08-26,191,819,27.3
DEM-000378,MED-002,LOC-010,2026-08-25,124,531,17.7
DEM-000379,MED-002,LOC-010,2026-08-24,153,657,21.9
DEM-000380,MED-002,LOC-010,2026-08-23,172,738,24.6
DEM-000381,MED-003,LOC-001,2026-09-10,167,677,23.3
DEM-000382,MED-003,LOC-001,2026-09-09,181,777,25.9
DEM-000383,MED-003,LOC-001,2026-09-08,122,525,17.5
DEM-000384,MED-003,LOC-001,2026-09-07,190,813,27.1
DEM-000385,MED-003,LOC-001,2026-09-06,191,819,27.3
DEM-000386,MED-003,LOC-001,2026-09-05,132,564,18.8
DEM-000387,MED-003,LOC-001,2026-09-04,160,687,22.9
DEM-000388,MED-003,LOC-001,2026-09-03,138,591,19.7
DEM-000389,MED-003,LOC-001,2026-09-02,209,894,29.8
DEM-000390,MED-003,LOC-001,2026-09-01,169,723,24.1
DEM-000391,MED-003,LOC-001,2026-08-31,127,543,18.1
DEM-000392,MED-003,LOC-001,2026-08-30,145,621,20.7
DEM-000393,MED-003,LOC-001,2026-08-29,198,849,28.3
DEM-000394,MED-003,LOC-001,2026-08-28,163,699,23.3
DEM-000395,MED-003,LOC-001,2026-08-27,194,831,27.7
DEM-000396,MED-003,LOC-001,2026-08-26,182,780,26.0
DEM-000397,MED-003,LOC-001,2026-08-25,211,903,30.1
DEM-000398,MED-003,LOC-001,2026-08-24,176,753,25.1
DEM-000399,MED-003,LOC-001,2026-08-23,207,888,29.6
DEM-000400,MED-003,LOC-002,2026-09-10,126,546,17.1
DEM-000401,MED-003,LOC-002,2026-09-09,123,528,17.6
DEM-000402,MED-003,LOC-002,2026-09-08,144,618,20.6
DEM-000403,MED-003,LOC-002,2026-09-07,126,540,18.0
DEM-000404,MED-003,LOC-002,2026-09-06,149,639,21.3
DEM-000405,MED-003,LOC-002,2026-09-05,139,594,19.8
DEM-000406,MED-003,LOC-002,2026-09-04,121,519,17.3
DEM-000407,MED-003,LOC-002,2026-09-03,107,459,15.3
DEM-000408,MED-003,LOC-002,2026-09-02,106,456,15.2
DEM-000409,MED-003,LOC-002,2026-09-01,132,564,18.8
DEM-000410,MED-003,LOC-002,2026-08-31,140,600,20.0
DEM-000411,MED-003,LOC-002,2026-08-30,124,531,17.7
DEM-000412,MED-003,LOC-002,2026-08-29,131,561,18.7
DEM-000413,MED-003,LOC-002,2026-08-28,108,462,15.4
DEM-000414,MED-003,LOC-002,2026-08-27,95,408,13.6
DEM-000415,MED-003,LOC-002,2026-08-26,108,465,15.5
DEM-000416,MED-003,LOC-002,2026-08-25,108,462,15.4
DEM-000417,MED-003,LOC-002,2026-08-24,111,474,15.8
DEM-000418,MED-003,LOC-002,2026-08-23,125,537,17.9
DEM-000419,MED-003,LOC-003,2026-09-10,125,594,18.7
DEM-000420,MED-003,LOC-003,2026-09-09,149,639,21.3
DEM-000421,MED-003,LOC-003,2026-09-08,103,441,14.7
DEM-000422,MED-003,LOC-003,2026-09-07,127,546,18.2
DEM-000423,MED-003,LOC-003,2026-09-06,137,588,19.6
DEM-000424,MED-003,LOC-003,2026-09-05,128,549,18.3
DEM-000425,MED-003,LOC-003,2026-09-04,113,486,16.2
DEM-000426,MED-003,LOC-003,2026-09-03,128,549,18.3
DEM-000427,MED-003,LOC-003,2026-09-02,163,699,23.3
DEM-000428,MED-003,LOC-003,2026-09-01,140,600,20.0
DEM-000429,MED-003,LOC-003,2026-08-31,148,636,21.2
DEM-000430,MED-003,LOC-003,2026-08-30,160,684,22.8
DEM-000431,MED-003,LOC-003,2026-08-29,153,657,21.9
DEM-000432,MED-003,LOC-003,2026-08-28,125,537,17.9
DEM-000433,MED-003,LOC-003,2026-08-27,99,423,14.1
DEM-000434,MED-003,LOC-003,2026-08-26,123,528,17.6
DEM-000435,MED-003,LOC-003,2026-08-25,153,654,21.8
DEM-000436,MED-003,LOC-003,2026-08-24,160,684,22.8
DEM-000437,MED-003,LOC-003,2026-08-23,167,714,23.8
DEM-000438,MED-003,LOC-004,2026-09-10,110,448,14.5
DEM-000439,MED-003,LOC-004,2026-09-09,110,471,15.7
DEM-000440,MED-003,LOC-004,2026-09-08,88,378,12.6
DEM-000441,MED-003,LOC-004,2026-09-07,88,378,12.6
DEM-000442,MED-003,LOC-004,2026-09-06,101,432,14.4
DEM-000443,MED-003,LOC-004,2026-09-05,78,333,11.1
DEM-000444,MED-003,LOC-004,2026-09-04,95,408,13.6
DEM-000445,MED-003,LOC-004,2026-09-03,114,489,16.3
DEM-000446,MED-003,LOC-004,2026-09-02,99,423,14.1
DEM-000447,MED-003,LOC-004,2026-09-01,85,366,12.2
DEM-000448,MED-003,LOC-004,2026-08-31,102,438,14.6
DEM-000449,MED-003,LOC-004,2026-08-30,83,357,11.9
DEM-000450,MED-003,LOC-004,2026-08-29,111,474,15.8
DEM-000451,MED-003,LOC-004,2026-08-28,78,333,11.1
DEM-000452,MED-003,LOC-004,2026-08-27,98,420,14.0
DEM-000453,MED-003,LOC-004,2026-08-26,108,462,15.4
DEM-000454,MED-003,LOC-004,2026-08-25,78,333,11.1
DEM-000455,MED-003,LOC-004,2026-08-24,112,480,16.0
DEM-000456,MED-003,LOC-004,2026-08-23,84,360,12.0
DEM-000457,MED-003,LOC-005,2026-09-10,137,639,21.4
DEM-000458,MED-003,LOC-005,2026-09-09,130,555,18.5
DEM-000459,MED-003,LOC-005,2026-09-08,139,597,19.9
DEM-000460,MED-003,LOC-005,2026-09-07,175,750,25.0
DEM-000461,MED-003,LOC-005,2026-09-06,144,615,20.5
DEM-000462,MED-003,LOC-005,2026-09-05,174,747,24.9
DEM-000463,MED-003,LOC-005,2026-09-04,181,774,25.8
DEM-000464,MED-003,LOC-005,2026-09-03,133,570,19.0
DEM-000465,MED-003,LOC-005,2026-09-02,119,510,17.0
DEM-000466,MED-003,LOC-005,2026-09-01,114,489,16.3
DEM-000467,MED-003,LOC-005,2026-08-31,157,672,22.4
DEM-000468,MED-003,LOC-005,2026-08-30,195,834,27.8
DEM-000469,MED-003,LOC-005,2026-08-29,141,606,20.2
DEM-000470,MED-003,LOC-005,2026-08-28,166,711,23.7
DEM-000471,MED-003,LOC-005,2026-08-27,176,756,25.2
DEM-000472,MED-003,LOC-005,2026-08-26,166,711,23.7
DEM-000473,MED-003,LOC-005,2026-08-25,174,747,24.9
DEM-000474,MED-003,LOC-005,2026-08-24,190,816,27.2
DEM-000475,MED-003,LOC-005,2026-08-23,129,552,18.4
DEM-000476,MED-003,LOC-006,2026-09-10,51,221,7.8
DEM-000477,MED-003,LOC-006,2026-09-09,61,261,8.7
DEM-000478,MED-003,LOC-006,2026-09-08,58,249,8.3
DEM-000479,MED-003,LOC-006,2026-09-07,48,204,6.8
DEM-000480,MED-003,LOC-006,2026-09-06,62,267,8.9
DEM-000481,MED-003,LOC-006,2026-09-05,64,273,9.1
DEM-000482,MED-003,LOC-006,2026-09-04,46,198,6.6
DEM-000483,MED-003,LOC-006,2026-09-03,60,255,8.5
DEM-000484,MED-003,LOC-006,2026-09-02,64,273,9.1
DEM-000485,MED-003,LOC-006,2026-09-01,44,189,6.3
DEM-000486,MED-003,LOC-006,2026-08-31,66,282,9.4
DEM-000487,MED-003,LOC-006,2026-08-30,70,300,10.0
DEM-000488,MED-003,LOC-006,2026-08-29,44,189,6.3
DEM-000489,MED-003,LOC-006,2026-08-28,42,180,6.0
DEM-000490,MED-003,LOC-006,2026-08-27,50,216,7.2
DEM-000491,MED-003,LOC-006,2026-08-26,62,264,8.8
DEM-000492,MED-003,LOC-006,2026-08-25,70,300,10.0
DEM-000493,MED-003,LOC-006,2026-08-24,53,228,7.6
DEM-000494,MED-003,LOC-006,2026-08-23,62,267,8.9
DEM-000495,MED-003,LOC-007,2026-09-10,94,392,12.5
DEM-000496,MED-003,LOC-007,2026-09-09,71,303,10.1
DEM-000497,MED-003,LOC-007,2026-09-08,103,441,14.7
DEM-000498,MED-003,LOC-007,2026-09-07,106,456,15.2
DEM-000499,MED-003,LOC-007,2026-09-06,94,405,13.5
DEM-000500,MED-003,LOC-007,2026-09-05,71,306,10.2
DEM-000501,MED-003,LOC-007,2026-09-04,113,483,16.1
DEM-000502,MED-003,LOC-007,2026-09-03,104,444,14.8
DEM-000503,MED-003,LOC-007,2026-09-02,83,354,11.8
DEM-000504,MED-003,LOC-007,2026-09-01,86,369,12.3
DEM-000505,MED-003,LOC-007,2026-08-31,83,357,11.9
DEM-000506,MED-003,LOC-007,2026-08-30,90,387,12.9
DEM-000507,MED-003,LOC-007,2026-08-29,82,351,11.7
DEM-000508,MED-003,LOC-007,2026-08-28,106,456,15.2
DEM-000509,MED-003,LOC-007,2026-08-27,105,450,15.0
DEM-000510,MED-003,LOC-007,2026-08-26,71,303,10.1
DEM-000511,MED-003,LOC-007,2026-08-25,112,480,16.0
DEM-000512,MED-003,LOC-007,2026-08-24,96,411,13.7
DEM-000513,MED-003,LOC-007,2026-08-23,106,453,15.1
DEM-000514,MED-003,LOC-008,2026-09-10,72,326,10.2
DEM-000515,MED-003,LOC-008,2026-09-09,92,393,13.1
DEM-000516,MED-003,LOC-008,2026-09-08,64,276,9.2
DEM-000517,MED-003,LOC-008,2026-09-07,85,366,12.2
DEM-000518,MED-003,LOC-008,2026-09-06,75,321,10.7
DEM-000519,MED-003,LOC-008,2026-09-05,73,312,10.4
DEM-000520,MED-003,LOC-008,2026-09-04,71,303,10.1
DEM-000521,MED-003,LOC-008,2026-09-03,83,354,11.8
DEM-000522,MED-003,LOC-008,2026-09-02,64,276,9.2
DEM-000523,MED-003,LOC-008,2026-09-01,87,372,12.4
DEM-000524,MED-003,LOC-008,2026-08-31,86,369,12.3
DEM-000525,MED-003,LOC-008,2026-08-30,57,243,8.1
DEM-000526,MED-003,LOC-008,2026-08-29,88,378,12.6
DEM-000527,MED-003,LOC-008,2026-08-28,63,270,9.0
DEM-000528,MED-003,LOC-008,2026-08-27,72,309,10.3
DEM-000529,MED-003,LOC-008,2026-08-26,78,333,11.1
DEM-000530,MED-003,LOC-008,2026-08-25,69,294,9.8
DEM-000531,MED-003,LOC-008,2026-08-24,55,234,7.8
DEM-000532,MED-003,LOC-008,2026-08-23,87,372,12.4
DEM-000533,MED-003,LOC-009,2026-09-10,87,424,13.1
DEM-000534,MED-003,LOC-009,2026-09-09,86,369,12.3
DEM-000535,MED-003,LOC-009,2026-09-08,113,486,16.2
DEM-000536,MED-003,LOC-009,2026-09-07,104,447,14.9
DEM-000537,MED-003,LOC-009,2026-09-06,83,354,11.8
DEM-000538,MED-003,LOC-009,2026-09-05,69,297,9.9
DEM-000539,MED-003,LOC-009,2026-09-04,117,501,16.7
DEM-000540,MED-003,LOC-009,2026-09-03,73,312,10.4
DEM-000541,MED-003,LOC-009,2026-09-02,105,450,15.0
DEM-000542,MED-003,LOC-009,2026-09-01,93,399,13.3
DEM-000543,MED-003,LOC-009,2026-08-31,107,459,15.3
DEM-000544,MED-003,LOC-009,2026-08-30,104,444,14.8
DEM-000545,MED-003,LOC-009,2026-08-29,102,435,14.5
DEM-000546,MED-003,LOC-009,2026-08-28,94,402,13.4
DEM-000547,MED-003,LOC-009,2026-08-27,108,465,15.5
DEM-000548,MED-003,LOC-009,2026-08-26,74,315,10.5
DEM-000549,MED-003,LOC-009,2026-08-25,80,342,11.4
DEM-000550,MED-003,LOC-009,2026-08-24,104,444,14.8
DEM-000551,MED-003,LOC-009,2026-08-23,84,360,12.0
DEM-000552,MED-003,LOC-010,2026-09-10,110,474,15.4
DEM-000553,MED-003,LOC-010,2026-09-09,106,456,15.2
DEM-000554,MED-003,LOC-010,2026-09-08,125,537,17.9
DEM-000555,MED-003,LOC-010,2026-09-07,101,432,14.4
DEM-000556,MED-003,LOC-010,2026-09-06,122,525,17.5
DEM-000557,MED-003,LOC-010,2026-09-05,97,414,13.8
DEM-000558,MED-003,LOC-010,2026-09-04,96,411,13.7
DEM-000559,MED-003,LOC-010,2026-09-03,88,378,12.6
DEM-000560,MED-003,LOC-010,2026-09-02,92,396,13.2
DEM-000561,MED-003,LOC-010,2026-09-01,88,378,12.6
DEM-000562,MED-003,LOC-010,2026-08-31,113,483,16.1
DEM-000563,MED-003,LOC-010,2026-08-30,126,540,18.0
DEM-000564,MED-003,LOC-010,2026-08-29,92,393,13.1
DEM-000565,MED-003,LOC-010,2026-08-28,94,402,13.4
DEM-000566,MED-003,LOC-010,2026-08-27,110,471,15.7
DEM-000567,MED-003,LOC-010,2026-08-26,124,531,17.7
DEM-000568,MED-003,LOC-010,2026-08-25,139,594,19.8
DEM-000569,MED-003,LOC-010,2026-08-24,112,480,16.0
DEM-000570,MED-003,LOC-010,2026-08-23,97,417,13.9
DEM-000571,MED-004,LOC-001,2026-09-10,273,1170,40.8
DEM-000572,MED-004,LOC-001,2026-09-09,216,927,30.9
DEM-000573,MED-004,LOC-001,2026-09-08,298,1278,42.6
DEM-000574,MED-004,LOC-001,2026-09-07,258,1104,36.8
DEM-000575,MED-004,LOC-001,2026-09-06,368,1575,52.5
DEM-000576,MED-004,LOC-001,2026-09-05,301,1290,43.0
DEM-000577,MED-004,LOC-001,2026-09-04,324,1389,46.3
DEM-000578,MED-004,LOC-001,2026-09-03,234,1002,33.4
DEM-000579,MED-004,LOC-001,2026-09-02,351,1503,50.1
DEM-000580,MED-004,LOC-001,2026-09-01,291,1248,41.6
DEM-000581,MED-004,LOC-001,2026-08-31,351,1506,50.2
DEM-000582,MED-004,LOC-001,2026-08-30,304,1305,43.5
DEM-000583,MED-004,LOC-001,2026-08-29,288,1233,41.1
DEM-000584,MED-004,LOC-001,2026-08-28,284,1215,40.5
DEM-000585,MED-004,LOC-001,2026-08-27,243,1041,34.7
DEM-000586,MED-004,LOC-001,2026-08-26,223,954,31.8
DEM-000587,MED-004,LOC-001,2026-08-25,362,1551,51.7
DEM-000588,MED-004,LOC-001,2026-08-24,289,1239,41.3
DEM-000589,MED-004,LOC-001,2026-08-23,343,1470,49.0
DEM-000590,MED-004,LOC-002,2026-09-10,197,960,30.6
DEM-000591,MED-004,LOC-002,2026-09-09,167,717,23.9
DEM-000592,MED-004,LOC-002,2026-09-08,178,765,25.5
DEM-000593,MED-004,LOC-002,2026-09-07,227,972,32.4
DEM-000594,MED-004,LOC-002,2026-09-06,197,843,28.1
DEM-000595,MED-004,LOC-002,2026-09-05,278,1191,39.7
DEM-000596,MED-004,LOC-002,2026-09-04,174,747,24.9
DEM-000597,MED-004,LOC-002,2026-09-03,251,1074,35.8
DEM-000598,MED-004,LOC-002,2026-09-02,232,996,33.2
DEM-000599,MED-004,LOC-002,2026-09-01,254,1089,36.3
DEM-000600,MED-004,LOC-002,2026-08-31,187,801,26.7
DEM-000601,MED-004,LOC-002,2026-08-30,222,951,31.7
DEM-000602,MED-004,LOC-002,2026-08-29,214,915,30.5
DEM-000603,MED-004,LOC-002,2026-08-28,213,912,30.4
DEM-000604,MED-004,LOC-002,2026-08-27,262,1122,37.4
DEM-000605,MED-004,LOC-002,2026-08-26,277,1188,39.6
DEM-000606,MED-004,LOC-002,2026-08-25,197,843,28.1
DEM-000607,MED-004,LOC-002,2026-08-24,234,1002,33.4
DEM-000608,MED-004,LOC-002,2026-08-23,232,996,33.2
DEM-000609,MED-004,LOC-003,2026-09-10,401,1454,50.4
DEM-000610,MED-004,LOC-003,2026-09-09,305,1308,43.6
DEM-000611,MED-004,LOC-003,2026-09-08,393,1683,56.1
DEM-000612,MED-004,LOC-003,2026-09-07,295,1266,42.2
DEM-000613,MED-004,LOC-003,2026-09-06,298,1278,42.6
DEM-000614,MED-004,LOC-003,2026-09-05,279,1197,39.9
DEM-000615,MED-004,LOC-003,2026-09-04,265,1137,37.9
DEM-000616,MED-004,LOC-003,2026-09-03,352,1509,50.3
DEM-000617,MED-004,LOC-003,2026-09-02,380,1629,54.3
DEM-000618,MED-004,LOC-003,2026-09-01,321,1377,45.9
DEM-000619,MED-004,LOC-003,2026-08-31,309,1326,44.2
DEM-000620,MED-004,LOC-003,2026-08-30,402,1722,57.4
DEM-000621,MED-004,LOC-003,2026-08-29,401,1719,57.3
DEM-000622,MED-004,LOC-003,2026-08-28,353,1512,50.4
DEM-000623,MED-004,LOC-003,2026-08-27,398,1707,56.9
DEM-000624,MED-004,LOC-003,2026-08-26,444,1902,63.4
DEM-000625,MED-004,LOC-003,2026-08-25,417,1788,59.6
DEM-000626,MED-004,LOC-003,2026-08-24,386,1653,55.1
DEM-000627,MED-004,LOC-003,2026-08-23,393,1683,56.1
DEM-000628,MED-004,LOC-004,2026-09-10,261,1142,37.0
DEM-000629,MED-004,LOC-004,2026-09-09,286,1227,40.9
DEM-000630,MED-004,LOC-004,2026-09-08,323,1386,46.2
DEM-000631,MED-004,LOC-004,2026-09-07,312,1338,44.6
DEM-000632,MED-004,LOC-004,2026-09-06,204,876,29.2
DEM-000633,MED-004,LOC-004,2026-09-05,218,933,31.1
DEM-000634,MED-004,LOC-004,2026-09-04,238,1020,34.0
DEM-000635,MED-004,LOC-004,2026-09-03,301,1290,43.0
DEM-000636,MED-004,LOC-004,2026-09-02,275,1179,39.3
DEM-000637,MED-004,LOC-004,2026-09-01,235,1008,33.6
DEM-000638,MED-004,LOC-004,2026-08-31,212,909,30.3
DEM-000639,MED-004,LOC-004,2026-08-30,293,1254,41.8
DEM-000640,MED-004,LOC-004,2026-08-29,294,1260,42.0
DEM-000641,MED-004,LOC-004,2026-08-28,328,1407,46.9
DEM-000642,MED-004,LOC-004,2026-08-27,265,1137,37.9
DEM-000643,MED-004,LOC-004,2026-08-26,265,1134,37.8
DEM-000644,MED-004,LOC-004,2026-08-25,206,882,29.4
DEM-000645,MED-004,LOC-004,2026-08-24,200,858,28.6
DEM-000646,MED-004,LOC-004,2026-08-23,256,1095,36.5
DEM-000647,MED-004,LOC-005,2026-09-10,290,1213,43.1
DEM-000648,MED-004,LOC-005,2026-09-09,386,1653,55.1
DEM-000649,MED-004,LOC-005,2026-09-08,365,1563,52.1
DEM-000650,MED-004,LOC-005,2026-09-07,322,1380,46.0
DEM-000651,MED-004,LOC-005,2026-09-06,384,1647,54.9
DEM-000652,MED-004,LOC-005,2026-09-05,392,1680,56.0
DEM-000653,MED-004,LOC-005,2026-09-04,338,1449,48.3
DEM-000654,MED-004,LOC-005,2026-09-03,271,1161,38.7
DEM-000655,MED-004,LOC-005,2026-09-02,233,999,33.3
DEM-000656,MED-004,LOC-005,2026-09-01,352,1509,50.3
DEM-000657,MED-004,LOC-005,2026-08-31,304,1305,43.5
DEM-000658,MED-004,LOC-005,2026-08-30,335,1434,47.8
DEM-000659,MED-004,LOC-005,2026-08-29,378,1620,54.0
DEM-000660,MED-004,LOC-005,2026-08-28,256,1098,36.6
DEM-000661,MED-004,LOC-005,2026-08-27,323,1386,46.2
DEM-000662,MED-004,LOC-005,2026-08-26,332,1422,47.4
DEM-000663,MED-004,LOC-005,2026-08-25,308,1320,44.0
DEM-000664,MED-004,LOC-005,2026-08-24,242,1035,34.5
DEM-000665,MED-004,LOC-005,2026-08-23,284,1218,40.6
DEM-000666,MED-004,LOC-006,2026-09-10,141,619,18.9
DEM-000667,MED-004,LOC-006,2026-09-09,123,528,17.6
DEM-000668,MED-004,LOC-006,2026-09-08,150,642,21.4
DEM-000669,MED-004,LOC-006,2026-09-07,120,516,17.2
DEM-000670,MED-004,LOC-006,2026-09-06,168,720,24.0
DEM-000671,MED-004,LOC-006,2026-09-05,158,678,22.6
DEM-000672,MED-004,LOC-006,2026-09-04,139,597,19.9
DEM-000673,MED-004,LOC-006,2026-09-03,132,567,18.9
DEM-000674,MED-004,LOC-006,2026-09-02,122,522,17.4
DEM-000675,MED-004,LOC-006,2026-09-01,122,525,17.5
DEM-000676,MED-004,LOC-006,2026-08-31,170,729,24.3
DEM-000677,MED-004,LOC-006,2026-08-30,129,552,18.4
DEM-000678,MED-004,LOC-006,2026-08-29,136,585,19.5
DEM-000679,MED-004,LOC-006,2026-08-28,171,732,24.4
DEM-000680,MED-004,LOC-006,2026-08-27,147,630,21.0
DEM-000681,MED-004,LOC-006,2026-08-26,139,594,19.8
DEM-000682,MED-004,LOC-006,2026-08-25,130,555,18.5
DEM-000683,MED-004,LOC-006,2026-08-24,113,483,16.1
DEM-000684,MED-004,LOC-006,2026-08-23,125,537,17.9
DEM-000685,MED-004,LOC-007,2026-09-10,258,1122,34.9
DEM-000686,MED-004,LOC-007,2026-09-09,211,903,30.1
DEM-000687,MED-004,LOC-007,2026-09-08,257,1101,36.7
DEM-000688,MED-004,LOC-007,2026-09-07,308,1320,44.0
DEM-000689,MED-004,LOC-007,2026-09-06,242,1038,34.6
DEM-000690,MED-004,LOC-007,2026-09-05,277,1188,39.6
DEM-000691,MED-004,LOC-007,2026-09-04,200,855,28.5
DEM-000692,MED-004,LOC-007,2026-09-03,314,1347,44.9
DEM-000693,MED-004,LOC-007,2026-09-02,265,1137,37.9
DEM-000694,MED-004,LOC-007,2026-09-01,216,924,30.8
DEM-000695,MED-004,LOC-007,2026-08-31,204,876,29.2
DEM-000696,MED-004,LOC-007,2026-08-30,257,1101,36.7
DEM-000697,MED-004,LOC-007,2026-08-29,258,1104,36.8
DEM-000698,MED-004,LOC-007,2026-08-28,196,840,28.0
DEM-000699,MED-004,LOC-007,2026-08-27,316,1356,45.2
DEM-000700,MED-004,LOC-007,2026-08-26,306,1311,43.7
DEM-000701,MED-004,LOC-007,2026-08-25,245,1050,35.0
DEM-000702,MED-004,LOC-007,2026-08-24,199,852,28.4
DEM-000703,MED-004,LOC-007,2026-08-23,295,1263,42.1
DEM-000704,MED-004,LOC-008,2026-09-10,153,619,20.2
DEM-000705,MED-004,LOC-008,2026-09-09,127,546,18.2
DEM-000706,MED-004,LOC-008,2026-09-08,171,732,24.4
DEM-000707,MED-004,LOC-008,2026-09-07,182,780,26.0
DEM-000708,MED-004,LOC-008,2026-09-06,125,537,17.9
DEM-000709,MED-004,LOC-008,2026-09-05,149,639,21.3
DEM-000710,MED-004,LOC-008,2026-09-04,136,582,19.4
DEM-000711,MED-004,LOC-008,2026-09-03,178,762,25.4
DEM-000712,MED-004,LOC-008,2026-09-02,146,624,20.8
DEM-000713,MED-004,LOC-008,2026-09-01,174,747,24.9
DEM-000714,MED-004,LOC-008,2026-08-31,173,741,24.7
DEM-000715,MED-004,LOC-008,2026-08-30,127,546,18.2
DEM-000716,MED-004,LOC-008,2026-08-29,167,717,23.9
DEM-000717,MED-004,LOC-008,2026-08-28,139,594,19.8
DEM-000718,MED-004,LOC-008,2026-08-27,178,765,25.5
DEM-000719,MED-004,LOC-008,2026-08-26,146,624,20.8
DEM-000720,MED-004,LOC-008,2026-08-25,170,729,24.3
DEM-000721,MED-004,LOC-008,2026-08-24,128,549,18.3
DEM-000722,MED-004,LOC-008,2026-08-23,130,555,18.5
DEM-000723,MED-004,LOC-009,2026-09-10,264,1002,32.8
DEM-000724,MED-004,LOC-009,2026-09-09,191,819,27.3
DEM-000725,MED-004,LOC-009,2026-09-08,240,1029,34.3
DEM-000726,MED-004,LOC-009,2026-09-07,216,924,30.8
DEM-000727,MED-004,LOC-009,2026-09-06,242,1038,34.6
DEM-000728,MED-004,LOC-009,2026-09-05,241,1032,34.4
DEM-000729,MED-004,LOC-009,2026-09-04,230,984,32.8
DEM-000730,MED-004,LOC-009,2026-09-03,213,912,30.4
DEM-000731,MED-004,LOC-009,2026-09-02,196,840,28.0
DEM-000732,MED-004,LOC-009,2026-09-01,260,1116,37.2
DEM-000733,MED-004,LOC-009,2026-08-31,244,1047,34.9
DEM-000734,MED-004,LOC-009,2026-08-30,202,864,28.8
DEM-000735,MED-004,LOC-009,2026-08-29,270,1158,38.6
DEM-000736,MED-004,LOC-009,2026-08-28,178,762,25.4
DEM-000737,MED-004,LOC-009,2026-08-27,266,1140,38.0
DEM-000738,MED-004,LOC-009,2026-08-26,261,1119,37.3
DEM-000739,MED-004,LOC-009,2026-08-25,274,1176,39.2
DEM-000740,MED-004,LOC-009,2026-08-24,221,948,31.6
DEM-000741,MED-004,LOC-009,2026-08-23,256,1098,36.6
DEM-000742,MED-004,LOC-010,2026-09-10,286,1091,35.7
DEM-000743,MED-004,LOC-010,2026-09-09,192,825,27.5
DEM-000744,MED-004,LOC-010,2026-09-08,256,1098,36.6
DEM-000745,MED-004,LOC-010,2026-09-07,269,1152,38.4
DEM-000746,MED-004,LOC-010,2026-09-06,307,1317,43.9
DEM-000747,MED-004,LOC-010,2026-09-05,307,1317,43.9
DEM-000748,MED-004,LOC-010,2026-09-04,248,1062,35.4
DEM-000749,MED-004,LOC-010,2026-09-03,260,1113,37.1
DEM-000750,MED-004,LOC-010,2026-09-02,250,1071,35.7
DEM-000751,MED-004,LOC-010,2026-09-01,287,1230,41.0
DEM-000752,MED-004,LOC-010,2026-08-31,244,1044,34.8
DEM-000753,MED-004,LOC-010,2026-08-30,277,1188,39.6
DEM-000754,MED-004,LOC-010,2026-08-29,209,894,29.8
DEM-000755,MED-004,LOC-010,2026-08-28,252,1080,36.0
DEM-000756,MED-004,LOC-010,2026-08-27,321,1374,45.8
DEM-000757,MED-004,LOC-010,2026-08-26,234,1002,33.4
DEM-000758,MED-004,LOC-010,2026-08-25,283,1212,40.4
DEM-000759,MED-004,LOC-010,2026-08-24,276,1185,39.5
DEM-000760,MED-004,LOC-010,2026-08-23,304,1305,43.5
DEM-000761,MED-005,LOC-001,2026-09-10,303,1283,43.5
DEM-000762,MED-005,LOC-001,2026-09-09,349,1494,49.8
DEM-000763,MED-005,LOC-001,2026-09-08,356,1524,50.8
DEM-000764,MED-005,LOC-001,2026-09-07,374,1605,53.5
DEM-000765,MED-005,LOC-001,2026-09-06,234,1005,33.5
DEM-000766,MED-005,LOC-001,2026-09-05,240,1029,34.3
DEM-000767,MED-005,LOC-001,2026-09-04,334,1431,47.7
DEM-000768,MED-005,LOC-001,2026-09-03,383,1641,54.7
DEM-000769,MED-005,LOC-001,2026-09-02,396,1695,56.5
DEM-000770,MED-005,LOC-001,2026-09-01,354,1515,50.5
DEM-000771,MED-005,LOC-001,2026-08-31,301,1290,43.0
DEM-000772,MED-005,LOC-001,2026-08-30,245,1050,35.0
DEM-000773,MED-005,LOC-001,2026-08-29,335,1434,47.8
DEM-000774,MED-005,LOC-001,2026-08-28,374,1605,53.5
DEM-000775,MED-005,LOC-001,2026-08-27,302,1296,43.2
DEM-000776,MED-005,LOC-001,2026-08-26,344,1476,49.2
DEM-000777,MED-005,LOC-001,2026-08-25,379,1626,54.2
DEM-000778,MED-005,LOC-001,2026-08-24,236,1011,33.7
DEM-000779,MED-005,LOC-001,2026-08-23,362,1551,51.7
DEM-000780,MED-005,LOC-002,2026-09-10,168,689,24.2
DEM-000781,MED-005,LOC-002,2026-09-09,176,756,25.2
DEM-000782,MED-005,LOC-002,2026-09-08,180,771,25.7
DEM-000783,MED-005,LOC-002,2026-09-07,201,861,28.7
DEM-000784,MED-005,LOC-002,2026-09-06,143,612,20.4
DEM-000785,MED-005,LOC-002,2026-09-05,134,576,19.2
DEM-000786,MED-005,LOC-002,2026-09-04,208,891,29.7
DEM-000787,MED-005,LOC-002,2026-09-03,185,792,26.4
DEM-000788,MED-005,LOC-002,2026-09-02,150,642,21.4
DEM-000789,MED-005,LOC-002,2026-09-01,212,909,30.3
DEM-000790,MED-005,LOC-002,2026-08-31,141,603,20.1
DEM-000791,MED-005,LOC-002,2026-08-30,170,729,24.3
DEM-000792,MED-005,LOC-002,2026-08-29,150,645,21.5
DEM-000793,MED-005,LOC-002,2026-08-28,150,645,21.5
DEM-000794,MED-005,LOC-002,2026-08-27,128,549,18.3
DEM-000795,MED-005,LOC-002,2026-08-26,202,867,28.9
DEM-000796,MED-005,LOC-002,2026-08-25,211,903,30.1
DEM-000797,MED-005,LOC-002,2026-08-24,190,816,27.2
DEM-000798,MED-005,LOC-002,2026-08-23,142,609,20.3
DEM-000799,MED-005,LOC-003,2026-09-10,258,1164,37.4
DEM-000800,MED-005,LOC-003,2026-09-09,288,1236,41.2
DEM-000801,MED-005,LOC-003,2026-09-08,258,1104,36.8
DEM-000802,MED-005,LOC-003,2026-09-07,232,996,33.2
DEM-000803,MED-005,LOC-003,2026-09-06,318,1362,45.4
DEM-000804,MED-005,LOC-003,2026-09-05,225,963,32.1
DEM-000805,MED-005,LOC-003,2026-09-04,252,1080,36.0
DEM-000806,MED-005,LOC-003,2026-09-03,266,1140,38.0
DEM-000807,MED-005,LOC-003,2026-09-02,230,987,32.9
DEM-000808,MED-005,LOC-003,2026-09-01,279,1194,39.8
DEM-000809,MED-005,LOC-003,2026-08-31,279,1197,39.9
DEM-000810,MED-005,LOC-003,2026-08-30,340,1455,48.5
DEM-000811,MED-005,LOC-003,2026-08-29,239,1023,34.1
DEM-000812,MED-005,LOC-003,2026-08-28,337,1446,48.2
DEM-000813,MED-005,LOC-003,2026-08-27,291,1248,41.6
DEM-000814,MED-005,LOC-003,2026-08-26,236,1011,33.7
DEM-000815,MED-005,LOC-003,2026-08-25,278,1191,39.7
DEM-000816,MED-005,LOC-003,2026-08-24,295,1266,42.2
DEM-000817,MED-005,LOC-003,2026-08-23,304,1302,43.4
DEM-000818,MED-005,LOC-004,2026-09-10,160,667,21.8
DEM-000819,MED-005,LOC-004,2026-09-09,190,816,27.2
DEM-000820,MED-005,LOC-004,2026-09-08,139,594,19.8
DEM-000821,MED-005,LOC-004,2026-09-07,181,777,25.9
DEM-000822,MED-005,LOC-004,2026-09-06,165,708,23.6
DEM-000823,MED-005,LOC-004,2026-09-05,144,618,20.6
DEM-000824,MED-005,LOC-004,2026-09-04,168,720,24.0
DEM-000825,MED-005,LOC-004,2026-09-03,167,714,23.8
DEM-000826,MED-005,LOC-004,2026-09-02,172,735,24.5
DEM-000827,MED-005,LOC-004,2026-09-01,175,750,25.0
DEM-000828,MED-005,LOC-004,2026-08-31,170,729,24.3
DEM-000829,MED-005,LOC-004,2026-08-30,185,792,26.4
DEM-000830,MED-005,LOC-004,2026-08-29,167,717,23.9
DEM-000831,MED-005,LOC-004,2026-08-28,190,816,27.2
DEM-000832,MED-005,LOC-004,2026-08-27,169,723,24.1
DEM-000833,MED-005,LOC-004,2026-08-26,141,603,20.1
DEM-000834,MED-005,LOC-004,2026-08-25,151,648,21.6
DEM-000835,MED-005,LOC-004,2026-08-24,163,699,23.3
DEM-000836,MED-005,LOC-004,2026-08-23,176,753,25.1
DEM-000837,MED-005,LOC-005,2026-09-10,220,1036,32.3
DEM-000838,MED-005,LOC-005,2026-09-09,191,819,27.3
DEM-000839,MED-005,LOC-005,2026-09-08,186,798,26.6
DEM-000840,MED-005,LOC-005,2026-09-07,237,1014,33.8
DEM-000841,MED-005,LOC-005,2026-09-06,290,1245,41.5
DEM-000842,MED-005,LOC-005,2026-09-05,236,1011,33.7
DEM-000843,MED-005,LOC-005,2026-09-04,284,1215,40.5
DEM-000844,MED-005,LOC-005,2026-09-03,273,1170,39.0
DEM-000845,MED-005,LOC-005,2026-09-02,202,864,28.8
DEM-000846,MED-005,LOC-005,2026-09-01,272,1167,38.9
DEM-000847,MED-005,LOC-005,2026-08-31,230,984,32.8
DEM-000848,MED-005,LOC-005,2026-08-30,270,1158,38.6
DEM-000849,MED-005,LOC-005,2026-08-29,262,1125,37.5
DEM-000850,MED-005,LOC-005,2026-08-28,211,906,30.2
DEM-000851,MED-005,LOC-005,2026-08-27,184,789,26.3
DEM-000852,MED-005,LOC-005,2026-08-26,289,1239,41.3
DEM-000853,MED-005,LOC-005,2026-08-25,187,801,26.7
DEM-000854,MED-005,LOC-005,2026-08-24,290,1242,41.4
DEM-000855,MED-005,LOC-005,2026-08-23,276,1185,39.5
DEM-000856,MED-005,LOC-006,2026-09-10,146,608,18.2
DEM-000857,MED-005,LOC-006,2026-09-09,152,651,21.7
DEM-000858,MED-005,LOC-006,2026-09-08,121,519,17.3
DEM-000859,MED-005,LOC-006,2026-09-07,151,648,21.6
DEM-000860,MED-005,LOC-006,2026-09-06,97,414,13.8
DEM-000861,MED-005,LOC-006,2026-09-05,133,570,19.0
DEM-000862,MED-005,LOC-006,2026-09-04,127,546,18.2
DEM-000863,MED-005,LOC-006,2026-09-03,143,612,20.4
DEM-000864,MED-005,LOC-006,2026-09-02,143,612,20.4
DEM-000865,MED-005,LOC-006,2026-09-01,136,585,19.5
DEM-000866,MED-005,LOC-006,2026-08-31,153,657,21.9
DEM-000867,MED-005,LOC-006,2026-08-30,162,693,23.1
DEM-000868,MED-005,LOC-006,2026-08-29,103,441,14.7
DEM-000869,MED-005,LOC-006,2026-08-28,112,480,16.0
DEM-000870,MED-005,LOC-006,2026-08-27,97,417,13.9
DEM-000871,MED-005,LOC-006,2026-08-26,158,675,22.5
DEM-000872,MED-005,LOC-006,2026-08-25,135,579,19.3
DEM-000873,MED-005,LOC-006,2026-08-24,160,684,22.8
DEM-000874,MED-005,LOC-006,2026-08-23,111,477,15.9
DEM-000875,MED-005,LOC-007,2026-09-10,170,724,21.9
DEM-000876,MED-005,LOC-007,2026-09-09,141,603,20.1
DEM-000877,MED-005,LOC-007,2026-09-08,149,639,21.3
DEM-000878,MED-005,LOC-007,2026-09-07,127,543,18.1
DEM-000879,MED-005,LOC-007,2026-09-06,195,834,27.8
DEM-000880,MED-005,LOC-007,2026-09-05,141,603,20.1
DEM-000881,MED-005,LOC-007,2026-09-04,157,672,22.4
DEM-000882,MED-005,LOC-007,2026-09-03,123,528,17.6
DEM-000883,MED-005,LOC-007,2026-09-02,190,813,27.1
DEM-000884,MED-005,LOC-007,2026-09-01,127,543,18.1
DEM-000885,MED-005,LOC-007,2026-08-31,153,657,21.9
DEM-000886,MED-005,LOC-007,2026-08-30,172,735,24.5
DEM-000887,MED-005,LOC-007,2026-08-29,178,762,25.4
DEM-000888,MED-005,LOC-007,2026-08-28,195,834,27.8
DEM-000889,MED-005,LOC-007,2026-08-27,150,645,21.5
DEM-000890,MED-005,LOC-007,2026-08-26,178,762,25.4
DEM-000891,MED-005,LOC-007,2026-08-25,128,549,18.3
DEM-000892,MED-005,LOC-007,2026-08-24,150,642,21.4
DEM-000893,MED-005,LOC-007,2026-08-23,123,528,17.6
DEM-000894,MED-005,LOC-008,2026-09-10,117,556,16.7
DEM-000895,MED-005,LOC-008,2026-09-09,90,384,12.8
DEM-000896,MED-005,LOC-008,2026-09-08,111,477,15.9
DEM-000897,MED-005,LOC-008,2026-09-07,116,498,16.6
DEM-000898,MED-005,LOC-008,2026-09-06,149,639,21.3
DEM-000899,MED-005,LOC-008,2026-09-05,143,612,20.4
DEM-000900,MED-005,LOC-008,2026-09-04,94,402,13.4
DEM-000901,MED-005,LOC-008,2026-09-03,132,564,18.8
DEM-000902,MED-005,LOC-008,2026-09-02,122,525,17.5
DEM-000903,MED-005,LOC-008,2026-09-01,150,645,21.5
DEM-000904,MED-005,LOC-008,2026-08-31,111,474,15.8
DEM-000905,MED-005,LOC-008,2026-08-30,113,486,16.2
DEM-000906,MED-005,LOC-008,2026-08-29,100,429,14.3
DEM-000907,MED-005,LOC-008,2026-08-28,95,408,13.6
DEM-000908,MED-005,LOC-008,2026-08-27,142,609,20.3
DEM-000909,MED-005,LOC-008,2026-08-26,117,501,16.7
DEM-000910,MED-005,LOC-008,2026-08-25,130,558,18.6
DEM-000911,MED-005,LOC-008,2026-08-24,129,552,18.4
DEM-000912,MED-005,LOC-008,2026-08-23,126,540,18.0
DEM-000913,MED-005,LOC-009,2026-09-10,165,625,21.5
DEM-000914,MED-005,LOC-009,2026-09-09,123,528,17.6
DEM-000915,MED-005,LOC-009,2026-09-08,160,684,22.8
DEM-000916,MED-005,LOC-009,2026-09-07,118,507,16.9
DEM-000917,MED-005,LOC-009,2026-09-06,176,756,25.2
DEM-000918,MED-005,LOC-009,2026-09-05,130,558,18.6
DEM-000919,MED-005,LOC-009,2026-09-04,131,561,18.7
DEM-000920,MED-005,LOC-009,2026-09-03,185,792,26.4
DEM-000921,MED-005,LOC-009,2026-09-02,140,600,20.0
DEM-000922,MED-005,LOC-009,2026-09-01,125,537,17.9
DEM-000923,MED-005,LOC-009,2026-08-31,188,804,26.8
DEM-000924,MED-005,LOC-009,2026-08-30,113,486,16.2
DEM-000925,MED-005,LOC-009,2026-08-29,184,789,26.3
DEM-000926,MED-005,LOC-009,2026-08-28,125,534,17.8
DEM-000927,MED-005,LOC-009,2026-08-27,124,531,17.7
DEM-000928,MED-005,LOC-009,2026-08-26,134,573,19.1
DEM-000929,MED-005,LOC-009,2026-08-25,127,546,18.2
DEM-000930,MED-005,LOC-009,2026-08-24,167,717,23.9
DEM-000931,MED-005,LOC-009,2026-08-23,115,492,16.4
DEM-000932,MED-005,LOC-010,2026-09-10,165,624,21.5
DEM-000933,MED-005,LOC-010,2026-09-09,140,600,20.0
DEM-000934,MED-005,LOC-010,2026-09-08,127,546,18.2
DEM-000935,MED-005,LOC-010,2026-09-07,117,501,16.7
DEM-000936,MED-005,LOC-010,2026-09-06,174,747,24.9
DEM-000937,MED-005,LOC-010,2026-09-05,156,669,22.3
DEM-000938,MED-005,LOC-010,2026-09-04,174,747,24.9
DEM-000939,MED-005,LOC-010,2026-09-03,153,654,21.8
DEM-000940,MED-005,LOC-010,2026-09-02,177,759,25.3
DEM-000941,MED-005,LOC-010,2026-09-01,155,666,22.2
DEM-000942,MED-005,LOC-010,2026-08-31,122,522,17.4
DEM-000943,MED-005,LOC-010,2026-08-30,155,663,22.1
DEM-000944,MED-005,LOC-010,2026-08-29,191,819,27.3
DEM-000945,MED-005,LOC-010,2026-08-28,116,498,16.6
DEM-000946,MED-005,LOC-010,2026-08-27,178,762,25.4
DEM-000947,MED-005,LOC-010,2026-08-26,185,792,26.4
DEM-000948,MED-005,LOC-010,2026-08-25,156,669,22.3
DEM-000949,MED-005,LOC-010,2026-08-24,150,645,21.5
DEM-000950,MED-005,LOC-010,2026-08-23,192,825,27.5
DEM-000951,MED-006,LOC-001,2026-09-10,127,577,18.2
DEM-000952,MED-006,LOC-001,2026-09-09,130,558,18.6
DEM-000953,MED-006,LOC-001,2026-09-08,160,684,22.8
DEM-000954,MED-006,LOC-001,2026-09-07,101,432,14.4
DEM-000955,MED-006,LOC-001,2026-09-06,102,435,14.5
DEM-000956,MED-006,LOC-001,2026-09-05,138,591,19.7
DEM-000957,MED-006,LOC-001,2026-09-04,100,429,14.3
DEM-000958,MED-006,LOC-001,2026-09-03,115,492,16.4
DEM-000959,MED-006,LOC-001,2026-09-02,140,600,20.0
DEM-000960,MED-006,LOC-001,2026-09-01,134,573,19.1
DEM-000961,MED-006,LOC-001,2026-08-31,118,507,16.9
DEM-000962,MED-006,LOC-001,2026-08-30,165,708,23.6
DEM-000963,MED-006,LOC-001,2026-08-29,133,570,19.0
DEM-000964,MED-006,LOC-001,2026-08-28,127,546,18.2
DEM-000965,MED-006,LOC-001,2026-08-27,138,591,19.7
DEM-000966,MED-006,LOC-001,2026-08-26,102,438,14.6
DEM-000967,MED-006,LOC-001,2026-08-25,145,621,20.7
DEM-000968,MED-006,LOC-001,2026-08-24,155,666,22.2
DEM-000969,MED-006,LOC-001,2026-08-23,141,606,20.2
DEM-000970,MED-006,LOC-002,2026-09-10,105,402,13.9
DEM-000971,MED-006,LOC-002,2026-09-09,97,417,13.9
DEM-000972,MED-006,LOC-002,2026-09-08,85,366,12.2
DEM-000973,MED-006,LOC-002,2026-09-07,91,390,13.0
DEM-000974,MED-006,LOC-002,2026-09-06,97,417,13.9
DEM-000975,MED-006,LOC-002,2026-09-05,95,408,13.6
DEM-000976,MED-006,LOC-002,2026-09-04,78,336,11.2
DEM-000977,MED-006,LOC-002,2026-09-03,96,411,13.7
DEM-000978,MED-006,LOC-002,2026-09-02,108,465,15.5
DEM-000979,MED-006,LOC-002,2026-09-01,93,399,13.3
DEM-000980,MED-006,LOC-002,2026-08-31,81,348,11.6
DEM-000981,MED-006,LOC-002,2026-08-30,122,525,17.5
DEM-000982,MED-006,LOC-002,2026-08-29,76,327,10.9
DEM-000983,MED-006,LOC-002,2026-08-28,118,504,16.8
DEM-000984,MED-006,LOC-002,2026-08-27,78,333,11.1
DEM-000985,MED-006,LOC-002,2026-08-26,78,336,11.2
DEM-000986,MED-006,LOC-002,2026-08-25,113,483,16.1
DEM-000987,MED-006,LOC-002,2026-08-24,116,498,16.6
DEM-000988,MED-006,LOC-002,2026-08-23,103,441,14.7
DEM-000989,MED-006,LOC-003,2026-09-10,138,559,18.9
DEM-000990,MED-006,LOC-003,2026-09-09,108,462,15.4
DEM-000991,MED-006,LOC-003,2026-09-08,125,537,17.9
DEM-000992,MED-006,LOC-003,2026-09-07,148,633,21.1
DEM-000993,MED-006,LOC-003,2026-09-06,154,660,22.0
DEM-000994,MED-006,LOC-003,2026-09-05,162,696,23.2
DEM-000995,MED-006,LOC-003,2026-09-04,152,651,21.7
DEM-000996,MED-006,LOC-003,2026-09-03,169,726,24.2
DEM-000997,MED-006,LOC-003,2026-09-02,143,612,20.4
DEM-000998,MED-006,LOC-003,2026-09-01,125,534,17.8
DEM-000999,MED-006,LOC-003,2026-08-31,141,606,20.2
DEM-001000,MED-006,LOC-003,2026-08-30,115,492,16.4
DEM-001001,MED-006,LOC-003,2026-08-29,147,630,21.0
DEM-001002,MED-006,LOC-003,2026-08-28,116,495,16.5
DEM-001003,MED-006,LOC-003,2026-08-27,107,459,15.3
DEM-001004,MED-006,LOC-003,2026-08-26,161,690,23.0
DEM-001005,MED-006,LOC-003,2026-08-25,126,540,18.0
DEM-001006,MED-006,LOC-003,2026-08-24,155,663,22.1
DEM-001007,MED-006,LOC-003,2026-08-23,141,603,20.1
DEM-001008,MED-006,LOC-004,2026-09-10,110,472,14.1
DEM-001009,MED-006,LOC-004,2026-09-09,118,507,16.9
DEM-001010,MED-006,LOC-004,2026-09-08,107,459,15.3
DEM-001011,MED-006,LOC-004,2026-09-07,109,468,15.6
DEM-001012,MED-006,LOC-004,2026-09-06,76,324,10.8
DEM-001013,MED-006,LOC-004,2026-09-05,125,534,17.8
DEM-001014,MED-006,LOC-004,2026-09-04,119,510,17.0
DEM-001015,MED-006,LOC-004,2026-09-03,88,378,12.6
DEM-001016,MED-006,LOC-004,2026-09-02,84,360,12.0
DEM-001017,MED-006,LOC-004,2026-09-01,112,480,16.0
DEM-001018,MED-006,LOC-004,2026-08-31,91,390,13.0
DEM-001019,MED-006,LOC-004,2026-08-30,92,396,13.2
DEM-001020,MED-006,LOC-004,2026-08-29,74,318,10.6
DEM-001021,MED-006,LOC-004,2026-08-28,121,519,17.3
DEM-001022,MED-006,LOC-004,2026-08-27,105,450,15.0
DEM-001023,MED-006,LOC-004,2026-08-26,96,411,13.7
DEM-001024,MED-006,LOC-004,2026-08-25,82,351,11.7
DEM-001025,MED-006,LOC-004,2026-08-24,108,465,15.5
DEM-001026,MED-006,LOC-004,2026-08-23,76,324,10.8
DEM-001027,MED-006,LOC-005,2026-09-10,134,605,20.1
DEM-001028,MED-006,LOC-005,2026-09-09,132,564,18.8
DEM-001029,MED-006,LOC-005,2026-09-08,134,576,19.2
DEM-001030,MED-006,LOC-005,2026-09-07,162,693,23.1
DEM-001031,MED-006,LOC-005,2026-09-06,166,711,23.7
DEM-001032,MED-006,LOC-005,2026-09-05,149,639,21.3
DEM-001033,MED-006,LOC-005,2026-09-04,112,480,16.0
DEM-001034,MED-006,LOC-005,2026-09-03,110,471,15.7
DEM-001035,MED-006,LOC-005,2026-09-02,118,504,16.8
DEM-001036,MED-006,LOC-005,2026-09-01,153,657,21.9
DEM-001037,MED-006,LOC-005,2026-08-31,158,675,22.5
DEM-001038,MED-006,LOC-005,2026-08-30,127,543,18.1
DEM-001039,MED-006,LOC-005,2026-08-29,157,672,22.4
DEM-001040,MED-006,LOC-005,2026-08-28,143,612,20.4
DEM-001041,MED-006,LOC-005,2026-08-27,140,600,20.0
DEM-001042,MED-006,LOC-005,2026-08-26,127,543,18.1
DEM-001043,MED-006,LOC-005,2026-08-25,164,702,23.4
DEM-001044,MED-006,LOC-005,2026-08-24,114,489,16.3
DEM-001045,MED-006,LOC-005,2026-08-23,139,594,19.8
DEM-001046,MED-006,LOC-006,2026-09-10,55,226,7.4
DEM-001047,MED-006,LOC-006,2026-09-09,58,249,8.3
DEM-001048,MED-006,LOC-006,2026-09-08,40,171,5.7
DEM-001049,MED-006,LOC-006,2026-09-07,50,216,7.2
DEM-001050,MED-006,LOC-006,2026-09-06,56,240,8.0
DEM-001051,MED-006,LOC-006,2026-09-05,39,168,5.6
DEM-001052,MED-006,LOC-006,2026-09-04,48,204,6.8
DEM-001053,MED-006,LOC-006,2026-09-03,45,192,6.4
DEM-001054,MED-006,LOC-006,2026-09-02,43,183,6.1
DEM-001055,MED-006,LOC-006,2026-09-01,46,198,6.6
DEM-001056,MED-006,LOC-006,2026-08-31,48,207,6.9
DEM-001057,MED-006,LOC-006,2026-08-30,39,168,5.6
DEM-001058,MED-006,LOC-006,2026-08-29,60,258,8.6
DEM-001059,MED-006,LOC-006,2026-08-28,44,189,6.3
DEM-001060,MED-006,LOC-006,2026-08-27,50,213,7.1
DEM-001061,MED-006,LOC-006,2026-08-26,59,252,8.4
DEM-001062,MED-006,LOC-006,2026-08-25,53,228,7.6
DEM-001063,MED-006,LOC-006,2026-08-24,62,267,8.9
DEM-001064,MED-006,LOC-006,2026-08-23,62,264,8.8
DEM-001065,MED-006,LOC-007,2026-09-10,82,292,10.5
DEM-001066,MED-006,LOC-007,2026-09-09,56,240,8.0
DEM-001067,MED-006,LOC-007,2026-09-08,92,396,13.2
DEM-001068,MED-006,LOC-007,2026-09-07,90,387,12.9
DEM-001069,MED-006,LOC-007,2026-09-06,78,336,11.2
DEM-001070,MED-006,LOC-007,2026-09-05,78,336,11.2
DEM-001071,MED-006,LOC-007,2026-09-04,84,360,12.0
DEM-001072,MED-006,LOC-007,2026-09-03,72,309,10.3
DEM-001073,MED-006,LOC-007,2026-09-02,60,255,8.5
DEM-001074,MED-006,LOC-007,2026-09-01,56,240,8.0
DEM-001075,MED-006,LOC-007,2026-08-31,69,294,9.8
DEM-001076,MED-006,LOC-007,2026-08-30,88,375,12.5
DEM-001077,MED-006,LOC-007,2026-08-29,80,342,11.4
DEM-001078,MED-006,LOC-007,2026-08-28,89,381,12.7
DEM-001079,MED-006,LOC-007,2026-08-27,92,396,13.2
DEM-001080,MED-006,LOC-007,2026-08-26,59,252,8.4
DEM-001081,MED-006,LOC-007,2026-08-25,90,384,12.8
DEM-001082,MED-006,LOC-007,2026-08-24,65,279,9.3
DEM-001083,MED-006,LOC-007,2026-08-23,79,339,11.3
DEM-001084,MED-006,LOC-008,2026-09-10,57,239,8.1
DEM-001085,MED-006,LOC-008,2026-09-09,53,228,7.6
DEM-001086,MED-006,LOC-008,2026-09-08,53,228,7.6
DEM-001087,MED-006,LOC-008,2026-09-07,48,204,6.8
DEM-001088,MED-006,LOC-008,2026-09-06,58,249,8.3
DEM-001089,MED-006,LOC-008,2026-09-05,46,198,6.6
DEM-001090,MED-006,LOC-008,2026-09-04,58,249,8.3
DEM-001091,MED-006,LOC-008,2026-09-03,71,303,10.1
DEM-001092,MED-006,LOC-008,2026-09-02,53,228,7.6
DEM-001093,MED-006,LOC-008,2026-09-01,65,279,9.3
DEM-001094,MED-006,LOC-008,2026-08-31,68,291,9.7
DEM-001095,MED-006,LOC-008,2026-08-30,68,291,9.7
DEM-001096,MED-006,LOC-008,2026-08-29,50,213,7.1
DEM-001097,MED-006,LOC-008,2026-08-28,47,201,6.7
DEM-001098,MED-006,LOC-008,2026-08-27,49,210,7.0
DEM-001099,MED-006,LOC-008,2026-08-26,62,264,8.8
DEM-001100,MED-006,LOC-008,2026-08-25,66,285,9.5
DEM-001101,MED-006,LOC-008,2026-08-24,63,270,9.0
DEM-001102,MED-006,LOC-008,2026-08-23,48,207,6.9
DEM-001103,MED-006,LOC-009,2026-09-10,100,447,13.9
DEM-001104,MED-006,LOC-009,2026-09-09,113,486,16.2
DEM-001105,MED-006,LOC-009,2026-09-08,97,417,13.9
DEM-001106,MED-006,LOC-009,2026-09-07,122,525,17.5
DEM-001107,MED-006,LOC-009,2026-09-06,103,441,14.7
DEM-001108,MED-006,LOC-009,2026-09-05,107,459,15.3
DEM-001109,MED-006,LOC-009,2026-09-04,106,456,15.2
DEM-001110,MED-006,LOC-009,2026-09-03,119,510,17.0
DEM-001111,MED-006,LOC-009,2026-09-02,106,456,15.2
DEM-001112,MED-006,LOC-009,2026-09-01,81,348,11.6
DEM-001113,MED-006,LOC-009,2026-08-31,76,327,10.9
DEM-001114,MED-006,LOC-009,2026-08-30,97,414,13.8
DEM-001115,MED-006,LOC-009,2026-08-29,89,381,12.7
DEM-001116,MED-006,LOC-009,2026-08-28,88,375,12.5
DEM-001117,MED-006,LOC-009,2026-08-27,76,327,10.9
DEM-001118,MED-006,LOC-009,2026-08-26,100,429,14.3
DEM-001119,MED-006,LOC-009,2026-08-25,90,384,12.8
DEM-001120,MED-006,LOC-009,2026-08-24,97,417,13.9
DEM-001121,MED-006,LOC-009,2026-08-23,76,327,10.9
DEM-001122,MED-006,LOC-010,2026-09-10,91,466,14.2
DEM-001123,MED-006,LOC-010,2026-09-09,121,519,17.3
DEM-001124,MED-006,LOC-010,2026-09-08,108,465,15.5
DEM-001125,MED-006,LOC-010,2026-09-07,102,438,14.6
DEM-001126,MED-006,LOC-010,2026-09-06,100,429,14.3
DEM-001127,MED-006,LOC-010,2026-09-05,105,450,15.0
DEM-001128,MED-006,LOC-010,2026-09-04,118,504,16.8
DEM-001129,MED-006,LOC-010,2026-09-03,123,528,17.6
DEM-001130,MED-006,LOC-010,2026-09-02,99,426,14.2
DEM-001131,MED-006,LOC-010,2026-09-01,119,510,17.0
DEM-001132,MED-006,LOC-010,2026-08-31,110,471,15.7
DEM-001133,MED-006,LOC-010,2026-08-30,92,396,13.2
DEM-001134,MED-006,LOC-010,2026-08-29,101,432,14.4
DEM-001135,MED-006,LOC-010,2026-08-28,83,354,11.8
DEM-001136,MED-006,LOC-010,2026-08-27,78,333,11.1
DEM-001137,MED-006,LOC-010,2026-08-26,80,345,11.5
DEM-001138,MED-006,LOC-010,2026-08-25,124,531,17.7
DEM-001139,MED-006,LOC-010,2026-08-24,93,399,13.3
DEM-001140,MED-006,LOC-010,2026-08-23,113,486,16.2
DEM-001141,MED-007,LOC-001,2026-09-10,372,1672,55.3
DEM-001142,MED-007,LOC-001,2026-09-09,384,1644,54.8
DEM-001143,MED-007,LOC-001,2026-09-08,402,1722,57.4
DEM-001144,MED-007,LOC-001,2026-09-07,324,1389,46.3
DEM-001145,MED-007,LOC-001,2026-09-06,370,1584,52.8
DEM-001146,MED-007,LOC-001,2026-09-05,351,1503,50.1
DEM-001147,MED-007,LOC-001,2026-09-04,377,1617,53.9
DEM-001148,MED-007,LOC-001,2026-09-03,363,1554,51.8
DEM-001149,MED-007,LOC-001,2026-09-02,418,1791,59.7
DEM-001150,MED-007,LOC-001,2026-09-01,458,1965,65.5
DEM-001151,MED-007,LOC-001,2026-08-31,428,1836,61.2
DEM-001152,MED-007,LOC-001,2026-08-30,304,1305,43.5
DEM-001153,MED-007,LOC-001,2026-08-29,310,1329,44.3
DEM-001154,MED-007,LOC-001,2026-08-28,435,1863,62.1
DEM-001155,MED-007,LOC-001,2026-08-27,351,1503,50.1
DEM-001156,MED-007,LOC-001,2026-08-26,444,1905,63.5
DEM-001157,MED-007,LOC-001,2026-08-25,430,1842,61.4
DEM-001158,MED-007,LOC-001,2026-08-24,483,2070,69.0
DEM-001159,MED-007,LOC-001,2026-08-23,476,2040,68.0
DEM-001160,MED-007,LOC-002,2026-09-10,298,1158,40.7
DEM-001161,MED-007,LOC-002,2026-09-09,269,1152,38.4
DEM-001162,MED-007,LOC-002,2026-09-08,365,1566,52.2
DEM-001163,MED-007,LOC-002,2026-09-07,323,1386,46.2
DEM-001164,MED-007,LOC-002,2026-09-06,275,1179,39.3
DEM-001165,MED-007,LOC-002,2026-09-05,307,1314,43.8
DEM-001166,MED-007,LOC-002,2026-09-04,360,1545,51.5
DEM-001167,MED-007,LOC-002,2026-09-03,262,1125,37.5
DEM-001168,MED-007,LOC-002,2026-09-02,273,1170,39.0
DEM-001169,MED-007,LOC-002,2026-09-01,337,1446,48.2
DEM-001170,MED-007,LOC-002,2026-08-31,341,1461,48.7
DEM-001171,MED-007,LOC-002,2026-08-30,318,1365,45.5
DEM-001172,MED-007,LOC-002,2026-08-29,344,1473,49.1
DEM-001173,MED-007,LOC-002,2026-08-28,330,1413,47.1
DEM-001174,MED-007,LOC-002,2026-08-27,321,1377,45.9
DEM-001175,MED-007,LOC-002,2026-08-26,296,1269,42.3
DEM-001176,MED-007,LOC-002,2026-08-25,315,1350,45.0
DEM-001177,MED-007,LOC-002,2026-08-24,280,1200,40.0
DEM-001178,MED-007,LOC-002,2026-08-23,270,1158,38.6
DEM-001179,MED-007,LOC-003,2026-09-10,396,1730,59.9
DEM-001180,MED-007,LOC-003,2026-09-09,533,2283,76.1
DEM-001181,MED-007,LOC-003,2026-09-08,426,1827,60.9
DEM-001182,MED-007,LOC-003,2026-09-07,367,1572,52.4
DEM-001183,MED-007,LOC-003,2026-09-06,346,1485,49.5
DEM-001184,MED-007,LOC-003,2026-09-05,332,1425,47.5
DEM-001185,MED-007,LOC-003,2026-09-04,509,2181,72.7
DEM-001186,MED-007,LOC-003,2026-09-03,338,1449,48.3
DEM-001187,MED-007,LOC-003,2026-09-02,492,2109,70.3
DEM-001188,MED-007,LOC-003,2026-09-01,507,2172,72.4
DEM-001189,MED-007,LOC-003,2026-08-31,518,2220,74.0
DEM-001190,MED-007,LOC-003,2026-08-30,323,1386,46.2
DEM-001191,MED-007,LOC-003,2026-08-29,392,1680,56.0
DEM-001192,MED-007,LOC-003,2026-08-28,491,2106,70.2
DEM-001193,MED-007,LOC-003,2026-08-27,344,1476,49.2
DEM-001194,MED-007,LOC-003,2026-08-26,401,1719,57.3
DEM-001195,MED-007,LOC-003,2026-08-25,352,1509,50.3
DEM-001196,MED-007,LOC-003,2026-08-24,506,2169,72.3
DEM-001197,MED-007,LOC-003,2026-08-23,492,2109,70.3
DEM-001198,MED-007,LOC-004,2026-09-10,320,1469,48.6
DEM-001199,MED-007,LOC-004,2026-09-09,332,1422,47.4
DEM-001200,MED-007,LOC-004,2026-09-08,382,1635,54.5
DEM-001201,MED-007,LOC-004,2026-09-07,300,1284,42.8
DEM-001202,MED-007,LOC-004,2026-09-06,338,1449,48.3
DEM-001203,MED-007,LOC-004,2026-09-05,309,1323,44.1
DEM-001204,MED-007,LOC-004,2026-09-04,396,1695,56.5
DEM-001205,MED-007,LOC-004,2026-09-03,339,1452,48.4
DEM-001206,MED-007,LOC-004,2026-09-02,355,1521,50.7
DEM-001207,MED-007,LOC-004,2026-09-01,313,1341,44.7
DEM-001208,MED-007,LOC-004,2026-08-31,407,1743,58.1
DEM-001209,MED-007,LOC-004,2026-08-30,343,1470,49.0
DEM-001210,MED-007,LOC-004,2026-08-29,412,1764,58.8
DEM-001211,MED-007,LOC-004,2026-08-28,324,1389,46.3
DEM-001212,MED-007,LOC-004,2026-08-27,433,1854,61.8
DEM-001213,MED-007,LOC-004,2026-08-26,440,1884,62.8
DEM-001214,MED-007,LOC-004,2026-08-25,342,1464,48.8
DEM-001215,MED-007,LOC-004,2026-08-24,308,1320,44.0
DEM-001216,MED-007,LOC-004,2026-08-23,327,1401,46.7
DEM-001217,MED-007,LOC-005,2026-09-10,511,2077,63.9
DEM-001218,MED-007,LOC-005,2026-09-09,533,2283,76.1
DEM-001219,MED-007,LOC-005,2026-09-08,370,1584,52.8
DEM-001220,MED-007,LOC-005,2026-09-07,397,1701,56.7
DEM-001221,MED-007,LOC-005,2026-09-06,494,2115,70.5
DEM-001222,MED-007,LOC-005,2026-09-05,550,2358,78.6
DEM-001223,MED-007,LOC-005,2026-09-04,472,2022,67.4
DEM-001224,MED-007,LOC-005,2026-09-03,360,1545,51.5
DEM-001225,MED-007,LOC-005,2026-09-02,544,2331,77.7
DEM-001226,MED-007,LOC-005,2026-09-01,545,2334,77.8
DEM-001227,MED-007,LOC-005,2026-08-31,405,1737,57.9
DEM-001228,MED-007,LOC-005,2026-08-30,523,2241,74.7
DEM-001229,MED-007,LOC-005,2026-08-29,402,1725,57.5
DEM-001230,MED-007,LOC-005,2026-08-28,558,2391,79.7
DEM-001231,MED-007,LOC-005,2026-08-27,372,1593,53.1
DEM-001232,MED-007,LOC-005,2026-08-26,443,1899,63.3
DEM-001233,MED-007,LOC-005,2026-08-25,568,2436,81.2
DEM-001234,MED-007,LOC-005,2026-08-24,390,1671,55.7
DEM-001235,MED-007,LOC-005,2026-08-23,447,1914,63.8
DEM-001236,MED-007,LOC-006,2026-09-10,166,729,26.1
DEM-001237,MED-007,LOC-006,2026-09-09,188,804,26.8
DEM-001238,MED-007,LOC-006,2026-09-08,161,690,23.0
DEM-001239,MED-007,LOC-006,2026-09-07,237,1017,33.9
DEM-001240,MED-007,LOC-006,2026-09-06,175,750,25.0
DEM-001241,MED-007,LOC-006,2026-09-05,140,600,20.0
DEM-001242,MED-007,LOC-006,2026-09-04,230,987,32.9
DEM-001243,MED-007,LOC-006,2026-09-03,221,948,31.6
DEM-001244,MED-007,LOC-006,2026-09-02,202,867,28.9
DEM-001245,MED-007,LOC-006,2026-09-01,216,927,30.9
DEM-001246,MED-007,LOC-006,2026-08-31,151,648,21.6
DEM-001247,MED-007,LOC-006,2026-08-30,166,711,23.7
DEM-001248,MED-007,LOC-006,2026-08-29,220,945,31.5
DEM-001249,MED-007,LOC-006,2026-08-28,207,888,29.6
DEM-001250,MED-007,LOC-006,2026-08-27,151,648,21.6
DEM-001251,MED-007,LOC-006,2026-08-26,208,891,29.7
DEM-001252,MED-007,LOC-006,2026-08-25,182,780,26.0
DEM-001253,MED-007,LOC-006,2026-08-24,138,591,19.7
DEM-001254,MED-007,LOC-006,2026-08-23,145,621,20.7
DEM-001255,MED-007,LOC-007,2026-09-10,306,1217,39.4
DEM-001256,MED-007,LOC-007,2026-09-09,317,1359,45.3
DEM-001257,MED-007,LOC-007,2026-09-08,287,1230,41.0
DEM-001258,MED-007,LOC-007,2026-09-07,224,960,32.0
DEM-001259,MED-007,LOC-007,2026-09-06,251,1074,35.8
DEM-001260,MED-007,LOC-007,2026-09-05,253,1083,36.1
DEM-001261,MED-007,LOC-007,2026-09-04,214,918,30.6
DEM-001262,MED-007,LOC-007,2026-09-03,270,1158,38.6
DEM-001263,MED-007,LOC-007,2026-09-02,328,1404,46.8
DEM-001264,MED-007,LOC-007,2026-09-01,276,1185,39.5
DEM-001265,MED-007,LOC-007,2026-08-31,224,960,32.0
DEM-001266,MED-007,LOC-007,2026-08-30,344,1476,49.2
DEM-001267,MED-007,LOC-007,2026-08-29,298,1275,42.5
DEM-001268,MED-007,LOC-007,2026-08-28,209,897,29.9
DEM-001269,MED-007,LOC-007,2026-08-27,285,1221,40.7
DEM-001270,MED-007,LOC-007,2026-08-26,244,1044,34.8
DEM-001271,MED-007,LOC-007,2026-08-25,229,981,32.7
DEM-001272,MED-007,LOC-007,2026-08-24,272,1167,38.9
DEM-001273,MED-007,LOC-007,2026-08-23,300,1287,42.9
DEM-001274,MED-007,LOC-008,2026-09-10,175,786,24.9
DEM-001275,MED-007,LOC-008,2026-09-09,139,594,19.8
DEM-001276,MED-007,LOC-008,2026-09-08,224,960,32.0
DEM-001277,MED-007,LOC-008,2026-09-07,137,588,19.6
DEM-001278,MED-007,LOC-008,2026-09-06,181,777,25.9
DEM-001279,MED-007,LOC-008,2026-09-05,179,768,25.6
DEM-001280,MED-007,LOC-008,2026-09-04,225,966,32.2
DEM-001281,MED-007,LOC-008,2026-09-03,184,789,26.3
DEM-001282,MED-007,LOC-008,2026-09-02,168,720,24.0
DEM-001283,MED-007,LOC-008,2026-09-01,176,753,25.1
DEM-001284,MED-007,LOC-008,2026-08-31,192,822,27.4
DEM-001285,MED-007,LOC-008,2026-08-30,225,963,32.1
DEM-001286,MED-007,LOC-008,2026-08-29,155,663,22.1
DEM-001287,MED-007,LOC-008,2026-08-28,132,567,18.9
DEM-001288,MED-007,LOC-008,2026-08-27,206,885,29.5
DEM-001289,MED-007,LOC-008,2026-08-26,164,702,23.4
DEM-001290,MED-007,LOC-008,2026-08-25,201,861,28.7
DEM-001291,MED-007,LOC-008,2026-08-24,191,819,27.3
DEM-001292,MED-007,LOC-008,2026-08-23,204,876,29.2
DEM-001293,MED-007,LOC-009,2026-09-10,326,1318,47.3
DEM-001294,MED-007,LOC-009,2026-09-09,348,1491,49.7
DEM-001295,MED-007,LOC-009,2026-09-08,396,1698,56.6
DEM-001296,MED-007,LOC-009,2026-09-07,280,1200,40.0
DEM-001297,MED-007,LOC-009,2026-09-06,390,1671,55.7
DEM-001298,MED-007,LOC-009,2026-09-05,333,1428,47.6
DEM-001299,MED-007,LOC-009,2026-09-04,375,1608,53.6
DEM-001300,MED-007,LOC-009,2026-09-03,363,1557,51.9
DEM-001301,MED-007,LOC-009,2026-09-02,396,1698,56.6
DEM-001302,MED-007,LOC-009,2026-09-01,260,1113,37.1
DEM-001303,MED-007,LOC-009,2026-08-31,390,1671,55.7
DEM-001304,MED-007,LOC-009,2026-08-30,332,1422,47.4
DEM-001305,MED-007,LOC-009,2026-08-29,302,1293,43.1
DEM-001306,MED-007,LOC-009,2026-08-28,256,1098,36.6
DEM-001307,MED-007,LOC-009,2026-08-27,285,1221,40.7
DEM-001308,MED-007,LOC-009,2026-08-26,256,1098,36.6
DEM-001309,MED-007,LOC-009,2026-08-25,419,1794,59.8
DEM-001310,MED-007,LOC-009,2026-08-24,342,1467,48.9
DEM-001311,MED-007,LOC-009,2026-08-23,428,1836,61.2
DEM-001312,MED-007,LOC-010,2026-09-10,298,1420,44.2
DEM-001313,MED-007,LOC-010,2026-09-09,265,1134,37.8
DEM-001314,MED-007,LOC-010,2026-09-08,293,1254,41.8
DEM-001315,MED-007,LOC-010,2026-09-07,365,1563,52.1
DEM-001316,MED-007,LOC-010,2026-09-06,379,1626,54.2
DEM-001317,MED-007,LOC-010,2026-09-05,288,1236,41.2
DEM-001318,MED-007,LOC-010,2026-09-04,253,1086,36.2
DEM-001319,MED-007,LOC-010,2026-09-03,295,1263,42.1
DEM-001320,MED-007,LOC-010,2026-09-02,384,1644,54.8
DEM-001321,MED-007,LOC-010,2026-09-01,358,1536,51.2
DEM-001322,MED-007,LOC-010,2026-08-31,384,1647,54.9
DEM-001323,MED-007,LOC-010,2026-08-30,298,1275,42.5
DEM-001324,MED-007,LOC-010,2026-08-29,398,1704,56.8
DEM-001325,MED-007,LOC-010,2026-08-28,316,1356,45.2
DEM-001326,MED-007,LOC-010,2026-08-27,316,1356,45.2
DEM-001327,MED-007,LOC-010,2026-08-26,389,1668,55.6
DEM-001328,MED-007,LOC-010,2026-08-25,321,1374,45.8
DEM-001329,MED-007,LOC-010,2026-08-24,368,1578,52.6
DEM-001330,MED-007,LOC-010,2026-08-23,356,1524,50.8
DEM-001331,MED-008,LOC-001,2026-09-10,365,1454,47.1
DEM-001332,MED-008,LOC-001,2026-09-09,305,1308,43.6
DEM-001333,MED-008,LOC-001,2026-09-08,262,1122,37.4
DEM-001334,MED-008,LOC-001,2026-09-07,367,1572,52.4
DEM-001335,MED-008,LOC-001,2026-09-06,303,1299,43.3
DEM-001336,MED-008,LOC-001,2026-09-05,356,1527,50.9
DEM-001337,MED-008,LOC-001,2026-09-04,325,1392,46.4
DEM-001338,MED-008,LOC-001,2026-09-03,372,1596,53.2
DEM-001339,MED-008,LOC-001,2026-09-02,311,1332,44.4
DEM-001340,MED-008,LOC-001,2026-09-01,255,1092,36.4
DEM-001341,MED-008,LOC-001,2026-08-31,405,1737,57.9
DEM-001342,MED-008,LOC-001,2026-08-30,312,1335,44.5
DEM-001343,MED-008,LOC-001,2026-08-29,428,1836,61.2
DEM-001344,MED-008,LOC-001,2026-08-28,297,1272,42.4
DEM-001345,MED-008,LOC-001,2026-08-27,425,1821,60.7
DEM-001346,MED-008,LOC-001,2026-08-26,419,1797,59.9
DEM-001347,MED-008,LOC-001,2026-08-25,261,1119,37.3
DEM-001348,MED-008,LOC-001,2026-08-24,363,1554,51.8
DEM-001349,MED-008,LOC-001,2026-08-23,313,1341,44.7
DEM-001350,MED-008,LOC-002,2026-09-10,260,1156,34.7
DEM-001351,MED-008,LOC-002,2026-09-09,201,861,28.7
DEM-001352,MED-008,LOC-002,2026-09-08,263,1128,37.6
DEM-001353,MED-008,LOC-002,2026-09-07,286,1227,40.9
DEM-001354,MED-008,LOC-002,2026-09-06,187,801,26.7
DEM-001355,MED-008,LOC-002,2026-09-05,191,819,27.3
DEM-001356,MED-008,LOC-002,2026-09-04,286,1227,40.9
DEM-001357,MED-008,LOC-002,2026-09-03,231,990,33.0
DEM-001358,MED-008,LOC-002,2026-09-02,233,999,33.3
DEM-001359,MED-008,LOC-002,2026-09-01,258,1107,36.9
DEM-001360,MED-008,LOC-002,2026-08-31,263,1128,37.6
DEM-001361,MED-008,LOC-002,2026-08-30,273,1170,39.0
DEM-001362,MED-008,LOC-002,2026-08-29,309,1323,44.1
DEM-001363,MED-008,LOC-002,2026-08-28,232,993,33.1
DEM-001364,MED-008,LOC-002,2026-08-27,284,1218,40.6
DEM-001365,MED-008,LOC-002,2026-08-26,259,1110,37.0
DEM-001366,MED-008,LOC-002,2026-08-25,253,1083,36.1
DEM-001367,MED-008,LOC-002,2026-08-24,235,1008,33.6
DEM-001368,MED-008,LOC-002,2026-08-23,269,1152,38.4
DEM-001369,MED-008,LOC-003,2026-09-10,266,1313,41.0
DEM-001370,MED-008,LOC-003,2026-09-09,294,1260,42.0
DEM-001371,MED-008,LOC-003,2026-09-08,276,1185,39.5
DEM-001372,MED-008,LOC-003,2026-09-07,304,1302,43.4
DEM-001373,MED-008,LOC-003,2026-09-06,257,1101,36.7
DEM-001374,MED-008,LOC-003,2026-09-05,256,1098,36.6
DEM-001375,MED-008,LOC-003,2026-09-04,286,1224,40.8
DEM-001376,MED-008,LOC-003,2026-09-03,372,1596,53.2
DEM-001377,MED-008,LOC-003,2026-09-02,260,1116,37.2
DEM-001378,MED-008,LOC-003,2026-09-01,360,1542,51.4
DEM-001379,MED-008,LOC-003,2026-08-31,293,1254,41.8
DEM-001380,MED-008,LOC-003,2026-08-30,234,1005,33.5
DEM-001381,MED-008,LOC-003,2026-08-29,350,1500,50.0
DEM-001382,MED-008,LOC-003,2026-08-28,286,1227,40.9
DEM-001383,MED-008,LOC-003,2026-08-27,357,1530,51.0
DEM-001384,MED-008,LOC-003,2026-08-26,286,1224,40.8
DEM-001385,MED-008,LOC-003,2026-08-25,229,981,32.7
DEM-001386,MED-008,LOC-003,2026-08-24,323,1383,46.1
DEM-001387,MED-008,LOC-003,2026-08-23,349,1494,49.8
DEM-001388,MED-008,LOC-004,2026-09-10,200,812,29.0
DEM-001389,MED-008,LOC-004,2026-09-09,213,912,30.4
DEM-001390,MED-008,LOC-004,2026-09-08,252,1080,36.0
DEM-001391,MED-008,LOC-004,2026-09-07,247,1059,35.3
DEM-001392,MED-008,LOC-004,2026-09-06,232,993,33.1
DEM-001393,MED-008,LOC-004,2026-09-05,256,1095,36.5
DEM-001394,MED-008,LOC-004,2026-09-04,223,957,31.9
DEM-001395,MED-008,LOC-004,2026-09-03,241,1032,34.4
DEM-001396,MED-008,LOC-004,2026-09-02,209,897,29.9
DEM-001397,MED-008,LOC-004,2026-09-01,166,711,23.7
DEM-001398,MED-008,LOC-004,2026-08-31,175,750,25.0
DEM-001399,MED-008,LOC-004,2026-08-30,168,720,24.0
DEM-001400,MED-008,LOC-004,2026-08-29,241,1032,34.4
DEM-001401,MED-008,LOC-004,2026-08-28,155,666,22.2
DEM-001402,MED-008,LOC-004,2026-08-27,214,918,30.6
DEM-001403,MED-008,LOC-004,2026-08-26,193,828,27.6
DEM-001404,MED-008,LOC-004,2026-08-25,242,1038,34.6
DEM-001405,MED-008,LOC-004,2026-08-24,214,915,30.5
DEM-001406,MED-008,LOC-004,2026-08-23,220,945,31.5
DEM-001407,MED-008,LOC-005,2026-09-10,261,1283,38.2
DEM-001408,MED-008,LOC-005,2026-09-09,307,1314,43.8
DEM-001409,MED-008,LOC-005,2026-09-08,278,1191,39.7
DEM-001410,MED-008,LOC-005,2026-09-07,314,1344,44.8
DEM-001411,MED-008,LOC-005,2026-09-06,321,1377,45.9
DEM-001412,MED-008,LOC-005,2026-09-05,211,906,30.2
DEM-001413,MED-008,LOC-005,2026-09-04,344,1473,49.1
DEM-001414,MED-008,LOC-005,2026-09-03,295,1263,42.1
DEM-001415,MED-008,LOC-005,2026-09-02,267,1143,38.1
DEM-001416,MED-008,LOC-005,2026-09-01,300,1287,42.9
DEM-001417,MED-008,LOC-005,2026-08-31,251,1077,35.9
DEM-001418,MED-008,LOC-005,2026-08-30,330,1413,47.1
DEM-001419,MED-008,LOC-005,2026-08-29,315,1350,45.0
DEM-001420,MED-008,LOC-005,2026-08-28,295,1263,42.1
DEM-001421,MED-008,LOC-005,2026-08-27,228,975,32.5
DEM-001422,MED-008,LOC-005,2026-08-26,343,1470,49.0
DEM-001423,MED-008,LOC-005,2026-08-25,264,1131,37.7
DEM-001424,MED-008,LOC-005,2026-08-24,335,1434,47.8
DEM-001425,MED-008,LOC-005,2026-08-23,209,894,29.8
DEM-001426,MED-008,LOC-006,2026-09-10,112,486,17.0
DEM-001427,MED-008,LOC-006,2026-09-09,111,474,15.8
DEM-001428,MED-008,LOC-006,2026-09-08,136,582,19.4
DEM-001429,MED-008,LOC-006,2026-09-07,112,480,16.0
DEM-001430,MED-008,LOC-006,2026-09-06,150,645,21.5
DEM-001431,MED-008,LOC-006,2026-09-05,148,633,21.1
DEM-001432,MED-008,LOC-006,2026-09-04,145,621,20.7
DEM-001433,MED-008,LOC-006,2026-09-03,106,453,15.1
DEM-001434,MED-008,LOC-006,2026-09-02,131,561,18.7
DEM-001435,MED-008,LOC-006,2026-09-01,125,537,17.9
DEM-001436,MED-008,LOC-006,2026-08-31,97,417,13.9
DEM-001437,MED-008,LOC-006,2026-08-30,109,468,15.6
DEM-001438,MED-008,LOC-006,2026-08-29,124,531,17.7
DEM-001439,MED-008,LOC-006,2026-08-28,122,522,17.4
DEM-001440,MED-008,LOC-006,2026-08-27,100,429,14.3
DEM-001441,MED-008,LOC-006,2026-08-26,151,648,21.6
DEM-001442,MED-008,LOC-006,2026-08-25,99,426,14.2
DEM-001443,MED-008,LOC-006,2026-08-24,132,567,18.9
DEM-001444,MED-008,LOC-006,2026-08-23,136,585,19.5
DEM-001445,MED-008,LOC-007,2026-09-10,252,1004,32.4
DEM-001446,MED-008,LOC-007,2026-09-09,273,1170,39.0
DEM-001447,MED-008,LOC-007,2026-09-08,174,744,24.8
DEM-001448,MED-008,LOC-007,2026-09-07,176,753,25.1
DEM-001449,MED-008,LOC-007,2026-09-06,250,1071,35.7
DEM-001450,MED-008,LOC-007,2026-09-05,242,1038,34.6
DEM-001451,MED-008,LOC-007,2026-09-04,251,1077,35.9
DEM-001452,MED-008,LOC-007,2026-09-03,266,1140,38.0
DEM-001453,MED-008,LOC-007,2026-09-02,222,951,31.7
DEM-001454,MED-008,LOC-007,2026-09-01,250,1071,35.7
DEM-001455,MED-008,LOC-007,2026-08-31,232,996,33.2
DEM-001456,MED-008,LOC-007,2026-08-30,248,1065,35.5
DEM-001457,MED-008,LOC-007,2026-08-29,206,885,29.5
DEM-001458,MED-008,LOC-007,2026-08-28,289,1239,41.3
DEM-001459,MED-008,LOC-007,2026-08-27,230,987,32.9
DEM-001460,MED-008,LOC-007,2026-08-26,270,1158,38.6
DEM-001461,MED-008,LOC-007,2026-08-25,256,1095,36.5
DEM-001462,MED-008,LOC-007,2026-08-24,207,888,29.6
DEM-001463,MED-008,LOC-007,2026-08-23,179,768,25.6
DEM-001464,MED-008,LOC-008,2026-09-10,117,503,16.5
DEM-001465,MED-008,LOC-008,2026-09-09,99,426,14.2
DEM-001466,MED-008,LOC-008,2026-09-08,125,537,17.9
DEM-001467,MED-008,LOC-008,2026-09-07,106,456,15.2
DEM-001468,MED-008,LOC-008,2026-09-06,132,567,18.9
DEM-001469,MED-008,LOC-008,2026-09-05,133,570,19.0
DEM-001470,MED-008,LOC-008,2026-09-04,141,606,20.2
DEM-001471,MED-008,LOC-008,2026-09-03,148,636,21.2
DEM-001472,MED-008,LOC-008,2026-09-02,95,408,13.6
DEM-001473,MED-008,LOC-008,2026-09-01,110,471,15.7
DEM-001474,MED-008,LOC-008,2026-08-31,122,525,17.5
DEM-001475,MED-008,LOC-008,2026-08-30,107,459,15.3
DEM-001476,MED-008,LOC-008,2026-08-29,116,498,16.6
DEM-001477,MED-008,LOC-008,2026-08-28,104,444,14.8
DEM-001478,MED-008,LOC-008,2026-08-27,102,438,14.6
DEM-001479,MED-008,LOC-008,2026-08-26,93,399,13.3
DEM-001480,MED-008,LOC-008,2026-08-25,105,450,15.0
DEM-001481,MED-008,LOC-008,2026-08-24,111,477,15.9
DEM-001482,MED-008,LOC-008,2026-08-23,126,540,18.0
DEM-001483,MED-008,LOC-009,2026-09-10,220,805,28.2
DEM-001484,MED-008,LOC-009,2026-09-09,183,786,26.2
DEM-001485,MED-008,LOC-009,2026-09-08,211,903,30.1
DEM-001486,MED-008,LOC-009,2026-09-07,182,780,26.0
DEM-001487,MED-008,LOC-009,2026-09-06,231,990,33.0
DEM-001488,MED-008,LOC-009,2026-09-05,202,867,28.9
DEM-001489,MED-008,LOC-009,2026-09-04,204,873,29.1
DEM-001490,MED-008,LOC-009,2026-09-03,202,867,28.9
DEM-001491,MED-008,LOC-009,2026-09-02,181,777,25.9
DEM-001492,MED-008,LOC-009,2026-09-01,150,645,21.5
DEM-001493,MED-008,LOC-009,2026-08-31,251,1074,35.8
DEM-001494,MED-008,LOC-009,2026-08-30,203,870,29.0
DEM-001495,MED-008,LOC-009,2026-08-29,253,1083,36.1
DEM-001496,MED-008,LOC-009,2026-08-28,172,735,24.5
DEM-001497,MED-008,LOC-009,2026-08-27,186,798,26.6
DEM-001498,MED-008,LOC-009,2026-08-26,153,657,21.9
DEM-001499,MED-008,LOC-009,2026-08-25,202,864,28.8
DEM-001500,MED-008,LOC-009,2026-08-24,244,1044,34.8
DEM-001501,MED-008,LOC-009,2026-08-23,219,939,31.3
DEM-001502,MED-008,LOC-010,2026-09-10,223,1007,30.8
DEM-001503,MED-008,LOC-010,2026-09-09,213,912,30.4
DEM-001504,MED-008,LOC-010,2026-09-08,266,1140,38.0
DEM-001505,MED-008,LOC-010,2026-09-07,248,1062,35.4
DEM-001506,MED-008,LOC-010,2026-09-06,252,1080,36.0
DEM-001507,MED-008,LOC-010,2026-09-05,205,879,29.3
DEM-001508,MED-008,LOC-010,2026-09-04,209,897,29.9
DEM-001509,MED-008,LOC-010,2026-09-03,230,984,32.8
DEM-001510,MED-008,LOC-010,2026-09-02,185,792,26.4
DEM-001511,MED-008,LOC-010,2026-09-01,228,975,32.5
DEM-001512,MED-008,LOC-010,2026-08-31,170,729,24.3
DEM-001513,MED-008,LOC-010,2026-08-30,221,948,31.6
DEM-001514,MED-008,LOC-010,2026-08-29,252,1080,36.0
DEM-001515,MED-008,LOC-010,2026-08-28,195,834,27.8
DEM-001516,MED-008,LOC-010,2026-08-27,279,1197,39.9
DEM-001517,MED-008,LOC-010,2026-08-26,242,1038,34.6
DEM-001518,MED-008,LOC-010,2026-08-25,176,753,25.1
DEM-001519,MED-008,LOC-010,2026-08-24,277,1188,39.6
DEM-001520,MED-008,LOC-010,2026-08-23,209,894,29.8
DEM-001521,MED-009,LOC-001,2026-09-10,562,2275,70.8
DEM-001522,MED-009,LOC-001,2026-09-09,426,1827,60.9
DEM-001523,MED-009,LOC-001,2026-09-08,510,2187,72.9
DEM-001524,MED-009,LOC-001,2026-09-07,508,2178,72.6
DEM-001525,MED-009,LOC-001,2026-09-06,384,1647,54.9
DEM-001526,MED-009,LOC-001,2026-09-05,409,1752,58.4
DEM-001527,MED-009,LOC-001,2026-09-04,463,1983,66.1
DEM-001528,MED-009,LOC-001,2026-09-03,500,2145,71.5
DEM-001529,MED-009,LOC-001,2026-09-02,496,2127,70.9
DEM-001530,MED-009,LOC-001,2026-09-01,537,2301,76.7
DEM-001531,MED-009,LOC-001,2026-08-31,512,2196,73.2
DEM-001532,MED-009,LOC-001,2026-08-30,461,1977,65.9
DEM-001533,MED-009,LOC-001,2026-08-29,539,2310,77.0
DEM-001534,MED-009,LOC-001,2026-08-28,416,1782,59.4
DEM-001535,MED-009,LOC-001,2026-08-27,642,2751,91.7
DEM-001536,MED-009,LOC-001,2026-08-26,573,2457,81.9
DEM-001537,MED-009,LOC-001,2026-08-25,454,1944,64.8
DEM-001538,MED-009,LOC-001,2026-08-24,463,1986,66.2
DEM-001539,MED-009,LOC-001,2026-08-23,598,2562,85.4
DEM-001540,MED-009,LOC-002,2026-09-10,396,1543,52.5
DEM-001541,MED-009,LOC-002,2026-09-09,440,1887,62.9
DEM-001542,MED-009,LOC-002,2026-09-08,350,1500,50.0
DEM-001543,MED-009,LOC-002,2026-09-07,412,1764,58.8
DEM-001544,MED-009,LOC-002,2026-09-06,474,2031,67.7
DEM-001545,MED-009,LOC-002,2026-09-05,393,1686,56.2
DEM-001546,MED-009,LOC-002,2026-09-04,437,1872,62.4
DEM-001547,MED-009,LOC-002,2026-09-03,422,1809,60.3
DEM-001548,MED-009,LOC-002,2026-09-02,414,1776,59.2
DEM-001549,MED-009,LOC-002,2026-09-01,281,1203,40.1
DEM-001550,MED-009,LOC-002,2026-08-31,372,1593,53.1
DEM-001551,MED-009,LOC-002,2026-08-30,471,2019,67.3
DEM-001552,MED-009,LOC-002,2026-08-29,434,1860,62.0
DEM-001553,MED-009,LOC-002,2026-08-28,433,1854,61.8
DEM-001554,MED-009,LOC-002,2026-08-27,393,1683,56.1
DEM-001555,MED-009,LOC-002,2026-08-26,421,1806,60.2
DEM-001556,MED-009,LOC-002,2026-08-25,393,1686,56.2
DEM-001557,MED-009,LOC-002,2026-08-24,310,1329,44.3
DEM-001558,MED-009,LOC-002,2026-08-23,402,1725,57.5
DEM-001559,MED-009,LOC-003,2026-09-10,612,2245,78.8
DEM-001560,MED-009,LOC-003,2026-09-09,620,2658,88.6
DEM-001561,MED-009,LOC-003,2026-09-08,424,1815,60.5
DEM-001562,MED-009,LOC-003,2026-09-07,701,3006,100.2
DEM-001563,MED-009,LOC-003,2026-09-06,447,1917,63.9
DEM-001564,MED-009,LOC-003,2026-09-05,419,1797,59.9
DEM-001565,MED-009,LOC-003,2026-09-04,509,2181,72.7
DEM-001566,MED-009,LOC-003,2026-09-03,460,1971,65.7
DEM-001567,MED-009,LOC-003,2026-09-02,623,2670,89.0
DEM-001568,MED-009,LOC-003,2026-09-01,538,2307,76.9
DEM-001569,MED-009,LOC-003,2026-08-31,649,2781,92.7
DEM-001570,MED-009,LOC-003,2026-08-30,693,2970,99.0
DEM-001571,MED-009,LOC-003,2026-08-29,678,2907,96.9
DEM-001572,MED-009,LOC-003,2026-08-28,637,2730,91.0
DEM-001573,MED-009,LOC-003,2026-08-27,433,1854,61.8
DEM-001574,MED-009,LOC-003,2026-08-26,456,1953,65.1
DEM-001575,MED-009,LOC-003,2026-08-25,477,2043,68.1
DEM-001576,MED-009,LOC-003,2026-08-24,512,2196,73.2
DEM-001577,MED-009,LOC-003,2026-08-23,615,2634,87.8
DEM-001578,MED-009,LOC-004,2026-09-10,358,1498,52.3
DEM-001579,MED-009,LOC-004,2026-09-09,458,1965,65.5
DEM-001580,MED-009,LOC-004,2026-09-08,344,1473,49.1
DEM-001581,MED-009,LOC-004,2026-09-07,346,1482,49.4
DEM-001582,MED-009,LOC-004,2026-09-06,430,1842,61.4
DEM-001583,MED-009,LOC-004,2026-09-05,420,1800,60.0
DEM-001584,MED-009,LOC-004,2026-09-04,404,1731,57.7
DEM-001585,MED-009,LOC-004,2026-09-03,414,1776,59.2
DEM-001586,MED-009,LOC-004,2026-09-02,398,1704,56.8
DEM-001587,MED-009,LOC-004,2026-09-01,314,1344,44.8
DEM-001588,MED-009,LOC-004,2026-08-31,324,1389,46.3
DEM-001589,MED-009,LOC-004,2026-08-30,387,1659,55.3
DEM-001590,MED-009,LOC-004,2026-08-29,320,1371,45.7
DEM-001591,MED-009,LOC-004,2026-08-28,470,2016,67.2
DEM-001592,MED-009,LOC-004,2026-08-27,335,1434,47.8
DEM-001593,MED-009,LOC-004,2026-08-26,332,1425,47.5
DEM-001594,MED-009,LOC-004,2026-08-25,316,1356,45.2
DEM-001595,MED-009,LOC-004,2026-08-24,416,1785,59.5
DEM-001596,MED-009,LOC-004,2026-08-23,338,1449,48.3
DEM-001597,MED-009,LOC-005,2026-09-10,563,2298,71.0
DEM-001598,MED-009,LOC-005,2026-09-09,447,1917,63.9
DEM-001599,MED-009,LOC-005,2026-09-08,406,1740,58.0
DEM-001600,MED-009,LOC-005,2026-09-07,558,2391,79.7
DEM-001601,MED-009,LOC-005,2026-09-06,477,2043,68.1
DEM-001602,MED-009,LOC-005,2026-09-05,640,2745,91.5
DEM-001603,MED-009,LOC-005,2026-09-04,596,2556,85.2
DEM-001604,MED-009,LOC-005,2026-09-03,634,2715,90.5
DEM-001605,MED-009,LOC-005,2026-09-02,593,2541,84.7
DEM-001606,MED-009,LOC-005,2026-09-01,452,1938,64.6
DEM-001607,MED-009,LOC-005,2026-08-31,452,1935,64.5
DEM-001608,MED-009,LOC-005,2026-08-30,568,2433,81.1
DEM-001609,MED-009,LOC-005,2026-08-29,468,2004,66.8
DEM-001610,MED-009,LOC-005,2026-08-28,494,2115,70.5
DEM-001611,MED-009,LOC-005,2026-08-27,443,1899,63.3
DEM-001612,MED-009,LOC-005,2026-08-26,504,2160,72.0
DEM-001613,MED-009,LOC-005,2026-08-25,428,1833,61.1
DEM-001614,MED-009,LOC-005,2026-08-24,520,2229,74.3
DEM-001615,MED-009,LOC-005,2026-08-23,628,2691,89.7
DEM-001616,MED-009,LOC-006,2026-09-10,232,1108,35.4
DEM-001617,MED-009,LOC-006,2026-09-09,266,1140,38.0
DEM-001618,MED-009,LOC-006,2026-09-08,219,939,31.3
DEM-001619,MED-009,LOC-006,2026-09-07,277,1188,39.6
DEM-001620,MED-009,LOC-006,2026-09-06,258,1107,36.9
DEM-001621,MED-009,LOC-006,2026-09-05,273,1170,39.0
DEM-001622,MED-009,LOC-006,2026-09-04,193,828,27.6
DEM-001623,MED-009,LOC-006,2026-09-03,242,1038,34.6
DEM-001624,MED-009,LOC-006,2026-09-02,284,1215,40.5
DEM-001625,MED-009,LOC-006,2026-09-01,200,855,28.5
DEM-001626,MED-009,LOC-006,2026-08-31,291,1248,41.6
DEM-001627,MED-009,LOC-006,2026-08-30,187,801,26.7
DEM-001628,MED-009,LOC-006,2026-08-29,261,1119,37.3
DEM-001629,MED-009,LOC-006,2026-08-28,312,1338,44.6
DEM-001630,MED-009,LOC-006,2026-08-27,242,1035,34.5
DEM-001631,MED-009,LOC-006,2026-08-26,314,1344,44.8
DEM-001632,MED-009,LOC-006,2026-08-25,306,1311,43.7
DEM-001633,MED-009,LOC-006,2026-08-24,251,1074,35.8
DEM-001634,MED-009,LOC-006,2026-08-23,213,912,30.4
DEM-001635,MED-009,LOC-007,2026-09-10,419,1920,61.0
DEM-001636,MED-009,LOC-007,2026-09-09,533,2286,76.2
DEM-001637,MED-009,LOC-007,2026-09-08,342,1464,48.8
DEM-001638,MED-009,LOC-007,2026-09-07,455,1950,65.0
DEM-001639,MED-009,LOC-007,2026-09-06,446,1911,63.7
DEM-001640,MED-009,LOC-007,2026-09-05,490,2100,70.0
DEM-001641,MED-009,LOC-007,2026-09-04,540,2316,77.2
DEM-001642,MED-009,LOC-007,2026-09-03,535,2292,76.4
DEM-001643,MED-009,LOC-007,2026-09-02,361,1548,51.6
DEM-001644,MED-009,LOC-007,2026-09-01,527,2259,75.3
DEM-001645,MED-009,LOC-007,2026-08-31,361,1548,51.6
DEM-001646,MED-009,LOC-007,2026-08-30,536,2298,76.6
DEM-001647,MED-009,LOC-007,2026-08-29,554,2376,79.2
DEM-001648,MED-009,LOC-007,2026-08-28,414,1773,59.1
DEM-001649,MED-009,LOC-007,2026-08-27,437,1872,62.4
DEM-001650,MED-009,LOC-007,2026-08-26,540,2316,77.2
DEM-001651,MED-009,LOC-007,2026-08-25,546,2340,78.0
DEM-001652,MED-009,LOC-007,2026-08-24,538,2304,76.8
DEM-001653,MED-009,LOC-007,2026-08-23,526,2256,75.2
DEM-001654,MED-009,LOC-008,2026-09-10,195,757,26.8
DEM-001655,MED-009,LOC-008,2026-09-09,242,1038,34.6
DEM-001656,MED-009,LOC-008,2026-09-08,170,729,24.3
DEM-001657,MED-009,LOC-008,2026-09-07,243,1041,34.7
DEM-001658,MED-009,LOC-008,2026-09-06,197,843,28.1
DEM-001659,MED-009,LOC-008,2026-09-05,192,822,27.4
DEM-001660,MED-009,LOC-008,2026-09-04,237,1017,33.9
DEM-001661,MED-009,LOC-008,2026-09-03,228,978,32.6
DEM-001662,MED-009,LOC-008,2026-09-02,189,810,27.0
DEM-001663,MED-009,LOC-008,2026-09-01,160,687,22.9
DEM-001664,MED-009,LOC-008,2026-08-31,153,654,21.8
DEM-001665,MED-009,LOC-008,2026-08-30,158,675,22.5
DEM-001666,MED-009,LOC-008,2026-08-29,188,807,26.9
DEM-001667,MED-009,LOC-008,2026-08-28,167,717,23.9
DEM-001668,MED-009,LOC-008,2026-08-27,160,684,22.8
DEM-001669,MED-009,LOC-008,2026-08-26,217,930,31.0
DEM-001670,MED-009,LOC-008,2026-08-25,223,954,31.8
DEM-001671,MED-009,LOC-008,2026-08-24,200,855,28.5
DEM-001672,MED-009,LOC-008,2026-08-23,219,939,31.3
DEM-001673,MED-009,LOC-009,2026-09-10,354,1497,45.4
DEM-001674,MED-009,LOC-009,2026-09-09,383,1641,54.7
DEM-001675,MED-009,LOC-009,2026-09-08,328,1407,46.9
DEM-001676,MED-009,LOC-009,2026-09-07,253,1086,36.2
DEM-001677,MED-009,LOC-009,2026-09-06,356,1524,50.8
DEM-001678,MED-009,LOC-009,2026-09-05,271,1161,38.7
DEM-001679,MED-009,LOC-009,2026-09-04,263,1128,37.6
DEM-001680,MED-009,LOC-009,2026-09-03,295,1263,42.1
DEM-001681,MED-009,LOC-009,2026-09-02,281,1206,40.2
DEM-001682,MED-009,LOC-009,2026-09-01,284,1218,40.6
DEM-001683,MED-009,LOC-009,2026-08-31,279,1197,39.9
DEM-001684,MED-009,LOC-009,2026-08-30,370,1587,52.9
DEM-001685,MED-009,LOC-009,2026-08-29,405,1737,57.9
DEM-001686,MED-009,LOC-009,2026-08-28,291,1248,41.6
DEM-001687,MED-009,LOC-009,2026-08-27,365,1563,52.1
DEM-001688,MED-009,LOC-009,2026-08-26,240,1029,34.3
DEM-001689,MED-009,LOC-009,2026-08-25,353,1512,50.4
DEM-001690,MED-009,LOC-009,2026-08-24,359,1539,51.3
DEM-001691,MED-009,LOC-009,2026-08-23,249,1068,35.6
DEM-001692,MED-009,LOC-010,2026-09-10,303,1330,44.3
DEM-001693,MED-009,LOC-010,2026-09-09,318,1365,45.5
DEM-001694,MED-009,LOC-010,2026-09-08,385,1650,55.0
DEM-001695,MED-009,LOC-010,2026-09-07,353,1512,50.4
DEM-001696,MED-009,LOC-010,2026-09-06,286,1224,40.8
DEM-001697,MED-009,LOC-010,2026-09-05,253,1083,36.1
DEM-001698,MED-009,LOC-010,2026-09-04,388,1665,55.5
DEM-001699,MED-009,LOC-010,2026-09-03,283,1212,40.4
DEM-001700,MED-009,LOC-010,2026-09-02,337,1446,48.2
DEM-001701,MED-009,LOC-010,2026-09-01,270,1158,38.6
DEM-001702,MED-009,LOC-010,2026-08-31,256,1095,36.5
DEM-001703,MED-009,LOC-010,2026-08-30,259,1110,37.0
DEM-001704,MED-009,LOC-010,2026-08-29,360,1542,51.4
DEM-001705,MED-009,LOC-010,2026-08-28,336,1440,48.0
DEM-001706,MED-009,LOC-010,2026-08-27,304,1302,43.4
DEM-001707,MED-009,LOC-010,2026-08-26,326,1398,46.6
DEM-001708,MED-009,LOC-010,2026-08-25,313,1341,44.7
DEM-001709,MED-009,LOC-010,2026-08-24,324,1389,46.3
DEM-001710,MED-009,LOC-010,2026-08-23,346,1482,49.4
DEM-001711,MED-010,LOC-001,2026-09-10,154,663,20.2
DEM-001712,MED-010,LOC-001,2026-09-09,113,483,16.1
DEM-001713,MED-010,LOC-001,2026-09-08,141,603,20.1
DEM-001714,MED-010,LOC-001,2026-09-07,161,690,23.0
DEM-001715,MED-010,LOC-001,2026-09-06,112,480,16.0
DEM-001716,MED-010,LOC-001,2026-09-05,150,642,21.4
DEM-001717,MED-010,LOC-001,2026-09-04,111,474,15.8
DEM-001718,MED-010,LOC-001,2026-09-03,148,636,21.2
DEM-001719,MED-010,LOC-001,2026-09-02,146,624,20.8
DEM-001720,MED-010,LOC-001,2026-09-01,150,645,21.5
DEM-001721,MED-010,LOC-001,2026-08-31,118,504,16.8
DEM-001722,MED-010,LOC-001,2026-08-30,132,564,18.8
DEM-001723,MED-010,LOC-001,2026-08-29,146,627,20.9
DEM-001724,MED-010,LOC-001,2026-08-28,115,492,16.4
DEM-001725,MED-010,LOC-001,2026-08-27,122,522,17.4
DEM-001726,MED-010,LOC-001,2026-08-26,151,648,21.6
DEM-001727,MED-010,LOC-001,2026-08-25,113,486,16.2
DEM-001728,MED-010,LOC-001,2026-08-24,146,624,20.8
DEM-001729,MED-010,LOC-001,2026-08-23,169,723,24.1
DEM-001730,MED-010,LOC-002,2026-09-10,109,458,15.1
DEM-001731,MED-010,LOC-002,2026-09-09,83,354,11.8
DEM-001732,MED-010,LOC-002,2026-09-08,106,456,15.2
DEM-001733,MED-010,LOC-002,2026-09-07,126,540,18.0
DEM-001734,MED-010,LOC-002,2026-09-06,121,519,17.3
DEM-001735,MED-010,LOC-002,2026-09-05,102,438,14.6
DEM-001736,MED-010,LOC-002,2026-09-04,127,543,18.1
DEM-001737,MED-010,LOC-002,2026-09-03,122,525,17.5
DEM-001738,MED-010,LOC-002,2026-09-02,113,483,16.1
DEM-001739,MED-010,LOC-002,2026-09-01,82,351,11.7
DEM-001740,MED-010,LOC-002,2026-08-31,99,426,14.2
DEM-001741,MED-010,LOC-002,2026-08-30,83,357,11.9
DEM-001742,MED-010,LOC-002,2026-08-29,137,588,19.6
DEM-001743,MED-010,LOC-002,2026-08-28,134,573,19.1
DEM-001744,MED-010,LOC-002,2026-08-27,83,357,11.9
DEM-001745,MED-010,LOC-002,2026-08-26,134,573,19.1
DEM-001746,MED-010,LOC-002,2026-08-25,81,348,11.6
DEM-001747,MED-010,LOC-002,2026-08-24,103,441,14.7
DEM-001748,MED-010,LOC-002,2026-08-23,124,531,17.7
DEM-001749,MED-010,LOC-003,2026-09-10,197,774,24.6
DEM-001750,MED-010,LOC-003,2026-09-09,169,723,24.1
DEM-001751,MED-010,LOC-003,2026-09-08,223,957,31.9
DEM-001752,MED-010,LOC-003,2026-09-07,165,708,23.6
DEM-001753,MED-010,LOC-003,2026-09-06,211,906,30.2
DEM-001754,MED-010,LOC-003,2026-09-05,215,921,30.7
DEM-001755,MED-010,LOC-003,2026-09-04,164,705,23.5
DEM-001756,MED-010,LOC-003,2026-09-03,194,831,27.7
DEM-001757,MED-010,LOC-003,2026-09-02,192,822,27.4
DEM-001758,MED-010,LOC-003,2026-09-01,180,771,25.7
DEM-001759,MED-010,LOC-003,2026-08-31,191,819,27.3
DEM-001760,MED-010,LOC-003,2026-08-30,162,696,23.2
DEM-001761,MED-010,LOC-003,2026-08-29,146,627,20.9
DEM-001762,MED-010,LOC-003,2026-08-28,180,771,25.7
DEM-001763,MED-010,LOC-003,2026-08-27,179,768,25.6
DEM-001764,MED-010,LOC-003,2026-08-26,198,849,28.3
DEM-001765,MED-010,LOC-003,2026-08-25,150,645,21.5
DEM-001766,MED-010,LOC-003,2026-08-24,130,555,18.5
DEM-001767,MED-010,LOC-003,2026-08-23,132,564,18.8
DEM-001768,MED-010,LOC-004,2026-09-10,106,438,14.2
DEM-001769,MED-010,LOC-004,2026-09-09,104,444,14.8
DEM-001770,MED-010,LOC-004,2026-09-08,120,513,17.1
DEM-001771,MED-010,LOC-004,2026-09-07,88,378,12.6
DEM-001772,MED-010,LOC-004,2026-09-06,94,402,13.4
DEM-001773,MED-010,LOC-004,2026-09-05,90,384,12.8
DEM-001774,MED-010,LOC-004,2026-09-04,126,540,18.0
DEM-001775,MED-010,LOC-004,2026-09-03,114,489,16.3
DEM-001776,MED-010,LOC-004,2026-09-02,80,345,11.5
DEM-001777,MED-010,LOC-004,2026-09-01,119,510,17.0
DEM-001778,MED-010,LOC-004,2026-08-31,97,417,13.9
DEM-001779,MED-010,LOC-004,2026-08-30,116,498,16.6
DEM-001780,MED-010,LOC-004,2026-08-29,123,528,17.6
DEM-001781,MED-010,LOC-004,2026-08-28,76,324,10.8
DEM-001782,MED-010,LOC-004,2026-08-27,86,369,12.3
DEM-001783,MED-010,LOC-004,2026-08-26,80,342,11.4
DEM-001784,MED-010,LOC-004,2026-08-25,76,327,10.9
DEM-001785,MED-010,LOC-004,2026-08-24,107,459,15.3
DEM-001786,MED-010,LOC-004,2026-08-23,113,483,16.1
DEM-001787,MED-010,LOC-005,2026-09-10,141,555,18.5
DEM-001788,MED-010,LOC-005,2026-09-09,114,489,16.3
DEM-001789,MED-010,LOC-005,2026-09-08,113,483,16.1
DEM-001790,MED-010,LOC-005,2026-09-07,159,681,22.7
DEM-001791,MED-010,LOC-005,2026-09-06,101,432,14.4
DEM-001792,MED-010,LOC-005,2026-09-05,133,570,19.0
DEM-001793,MED-010,LOC-005,2026-09-04,118,504,16.8
DEM-001794,MED-010,LOC-005,2026-09-03,155,666,22.2
DEM-001795,MED-010,LOC-005,2026-09-02,149,639,21.3
DEM-001796,MED-010,LOC-005,2026-09-01,120,513,17.1
DEM-001797,MED-010,LOC-005,2026-08-31,140,600,20.0
DEM-001798,MED-010,LOC-005,2026-08-30,145,621,20.7
DEM-001799,MED-010,LOC-005,2026-08-29,120,513,17.1
DEM-001800,MED-010,LOC-005,2026-08-28,118,507,16.9
DEM-001801,MED-010,LOC-005,2026-08-27,107,459,15.3
DEM-001802,MED-010,LOC-005,2026-08-26,144,618,20.6
DEM-001803,MED-010,LOC-005,2026-08-25,113,483,16.1
DEM-001804,MED-010,LOC-005,2026-08-24,118,507,16.9
DEM-001805,MED-010,LOC-005,2026-08-23,102,435,14.5
DEM-001806,MED-010,LOC-006,2026-09-10,89,377,11.4
DEM-001807,MED-010,LOC-006,2026-09-09,88,375,12.5
DEM-001808,MED-010,LOC-006,2026-09-08,78,336,11.2
DEM-001809,MED-010,LOC-006,2026-09-07,82,351,11.7
DEM-001810,MED-010,LOC-006,2026-09-06,102,438,14.6
DEM-001811,MED-010,LOC-006,2026-09-05,102,435,14.5
DEM-001812,MED-010,LOC-006,2026-09-04,90,384,12.8
DEM-001813,MED-010,LOC-006,2026-09-03,94,405,13.5
DEM-001814,MED-010,LOC-006,2026-09-02,74,315,10.5
DEM-001815,MED-010,LOC-006,2026-09-01,78,336,11.2
DEM-001816,MED-010,LOC-006,2026-08-31,66,285,9.5
DEM-001817,MED-010,LOC-006,2026-08-30,76,327,10.9
DEM-001818,MED-010,LOC-006,2026-08-29,93,399,13.3
DEM-001819,MED-010,LOC-006,2026-08-28,80,345,11.5
DEM-001820,MED-010,LOC-006,2026-08-27,97,417,13.9
DEM-001821,MED-010,LOC-006,2026-08-26,73,312,10.4
DEM-001822,MED-010,LOC-006,2026-08-25,91,390,13.0
DEM-001823,MED-010,LOC-006,2026-08-24,95,408,13.6
DEM-001824,MED-010,LOC-006,2026-08-23,100,429,14.3
DEM-001825,MED-010,LOC-007,2026-09-10,125,486,15.7
DEM-001826,MED-010,LOC-007,2026-09-09,90,387,12.9
DEM-001827,MED-010,LOC-007,2026-09-08,97,417,13.9
DEM-001828,MED-010,LOC-007,2026-09-07,94,405,13.5
DEM-001829,MED-010,LOC-007,2026-09-06,122,522,17.4
DEM-001830,MED-010,LOC-007,2026-09-05,138,591,19.7
DEM-001831,MED-010,LOC-007,2026-09-04,134,573,19.1
DEM-001832,MED-010,LOC-007,2026-09-03,88,378,12.6
DEM-001833,MED-010,LOC-007,2026-09-02,126,540,18.0
DEM-001834,MED-010,LOC-007,2026-09-01,94,402,13.4
DEM-001835,MED-010,LOC-007,2026-08-31,99,423,14.1
DEM-001836,MED-010,LOC-007,2026-08-30,123,528,17.6
DEM-001837,MED-010,LOC-007,2026-08-29,119,510,17.0
DEM-001838,MED-010,LOC-007,2026-08-28,135,579,19.3
DEM-001839,MED-010,LOC-007,2026-08-27,94,402,13.4
DEM-001840,MED-010,LOC-007,2026-08-26,129,552,18.4
DEM-001841,MED-010,LOC-007,2026-08-25,126,540,18.0
DEM-001842,MED-010,LOC-007,2026-08-24,116,498,16.6
DEM-001843,MED-010,LOC-007,2026-08-23,111,477,15.9
DEM-001844,MED-010,LOC-008,2026-09-10,76,370,11.1
DEM-001845,MED-010,LOC-008,2026-09-09,59,252,8.4
DEM-001846,MED-010,LOC-008,2026-09-08,98,420,14.0
DEM-001847,MED-010,LOC-008,2026-09-07,99,426,14.2
DEM-001848,MED-010,LOC-008,2026-09-06,63,270,9.0
DEM-001849,MED-010,LOC-008,2026-09-05,101,432,14.4
DEM-001850,MED-010,LOC-008,2026-09-04,78,336,11.2
DEM-001851,MED-010,LOC-008,2026-09-03,69,294,9.8
DEM-001852,MED-010,LOC-008,2026-09-02,84,360,12.0
DEM-001853,MED-010,LOC-008,2026-09-01,67,288,9.6
DEM-001854,MED-010,LOC-008,2026-08-31,97,417,13.9
DEM-001855,MED-010,LOC-008,2026-08-30,82,351,11.7
DEM-001856,MED-010,LOC-008,2026-08-29,92,393,13.1
DEM-001857,MED-010,LOC-008,2026-08-28,74,318,10.6
DEM-001858,MED-010,LOC-008,2026-08-27,81,348,11.6
DEM-001859,MED-010,LOC-008,2026-08-26,74,315,10.5
DEM-001860,MED-010,LOC-008,2026-08-25,69,297,9.9
DEM-001861,MED-010,LOC-008,2026-08-24,80,345,11.5
DEM-001862,MED-010,LOC-008,2026-08-23,80,342,11.4
DEM-001863,MED-010,LOC-009,2026-09-10,104,395,13.0
DEM-001864,MED-010,LOC-009,2026-09-09,111,474,15.8
DEM-001865,MED-010,LOC-009,2026-09-08,114,489,16.3
DEM-001866,MED-010,LOC-009,2026-09-07,87,372,12.4
DEM-001867,MED-010,LOC-009,2026-09-06,89,381,12.7
DEM-001868,MED-010,LOC-009,2026-09-05,97,414,13.8
DEM-001869,MED-010,LOC-009,2026-09-04,79,339,11.3
DEM-001870,MED-010,LOC-009,2026-09-03,76,324,10.8
DEM-001871,MED-010,LOC-009,2026-09-02,81,348,11.6
DEM-001872,MED-010,LOC-009,2026-09-01,115,492,16.4
DEM-001873,MED-010,LOC-009,2026-08-31,97,417,13.9
DEM-001874,MED-010,LOC-009,2026-08-30,89,381,12.7
DEM-001875,MED-010,LOC-009,2026-08-29,76,324,10.8
DEM-001876,MED-010,LOC-009,2026-08-28,85,363,12.1
DEM-001877,MED-010,LOC-009,2026-08-27,88,375,12.5
DEM-001878,MED-010,LOC-009,2026-08-26,110,471,15.7
DEM-001879,MED-010,LOC-009,2026-08-25,93,399,13.3
DEM-001880,MED-010,LOC-009,2026-08-24,101,432,14.4
DEM-001881,MED-010,LOC-009,2026-08-23,102,438,14.6
DEM-001882,MED-010,LOC-010,2026-09-10,108,464,13.9
DEM-001883,MED-010,LOC-010,2026-09-09,107,459,15.3
DEM-001884,MED-010,LOC-010,2026-09-08,99,426,14.2
DEM-001885,MED-010,LOC-010,2026-09-07,82,351,11.7
DEM-001886,MED-010,LOC-010,2026-09-06,116,495,16.5
DEM-001887,MED-010,LOC-010,2026-09-05,82,351,11.7
DEM-001888,MED-010,LOC-010,2026-09-04,111,477,15.9
DEM-001889,MED-010,LOC-010,2026-09-03,99,426,14.2
DEM-001890,MED-010,LOC-010,2026-09-02,122,522,17.4
DEM-001891,MED-010,LOC-010,2026-09-01,102,438,14.6
DEM-001892,MED-010,LOC-010,2026-08-31,107,459,15.3
DEM-001893,MED-010,LOC-010,2026-08-30,76,327,10.9
DEM-001894,MED-010,LOC-010,2026-08-29,75,321,10.7
DEM-001895,MED-010,LOC-010,2026-08-28,118,507,16.9
DEM-001896,MED-010,LOC-010,2026-08-27,124,531,17.7
DEM-001897,MED-010,LOC-010,2026-08-26,108,465,15.5
DEM-001898,MED-010,LOC-010,2026-08-25,114,489,16.3
DEM-001899,MED-010,LOC-010,2026-08-24,95,408,13.6
DEM-001900,MED-010,LOC-010,2026-08-23,118,507,16.9
DEM-001901,MED-011,LOC-001,2026-09-10,47,230,7.5
DEM-001902,MED-011,LOC-001,2026-09-09,50,216,7.2
DEM-001903,MED-011,LOC-001,2026-09-08,57,246,8.2
DEM-001904,MED-011,LOC-001,2026-09-07,59,252,8.4
DEM-001905,MED-011,LOC-001,2026-09-06,57,246,8.2
DEM-001906,MED-011,LOC-001,2026-09-05,53,228,7.6
DEM-001907,MED-011,LOC-001,2026-09-04,53,228,7.6
DEM-001908,MED-011,LOC-001,2026-09-03,40,171,5.7
DEM-001909,MED-011,LOC-001,2026-09-02,55,237,7.9
DEM-001910,MED-011,LOC-001,2026-09-01,40,171,5.7
DEM-001911,MED-011,LOC-001,2026-08-31,55,234,7.8
DEM-001912,MED-011,LOC-001,2026-08-30,48,204,6.8
DEM-001913,MED-011,LOC-001,2026-08-29,68,291,9.7
DEM-001914,MED-011,LOC-001,2026-08-28,40,171,5.7
DEM-001915,MED-011,LOC-001,2026-08-27,63,270,9.0
DEM-001916,MED-011,LOC-001,2026-08-26,59,252,8.4
DEM-001917,MED-011,LOC-001,2026-08-25,63,270,9.0
DEM-001918,MED-011,LOC-001,2026-08-24,66,282,9.4
DEM-001919,MED-011,LOC-001,2026-08-23,43,183,6.1
DEM-001920,MED-011,LOC-002,2026-09-10,27,118,4.1
DEM-001921,MED-011,LOC-002,2026-09-09,30,129,4.3
DEM-001922,MED-011,LOC-002,2026-09-08,34,147,4.9
DEM-001923,MED-011,LOC-002,2026-09-07,26,111,3.7
DEM-001924,MED-011,LOC-002,2026-09-06,28,120,4.0
DEM-001925,MED-011,LOC-002,2026-09-05,27,117,3.9
DEM-001926,MED-011,LOC-002,2026-09-04,28,120,4.0
DEM-001927,MED-011,LOC-002,2026-09-03,30,129,4.3
DEM-001928,MED-011,LOC-002,2026-09-02,37,159,5.3
DEM-001929,MED-011,LOC-002,2026-09-01,25,108,3.6
DEM-001930,MED-011,LOC-002,2026-08-31,32,138,4.6
DEM-001931,MED-011,LOC-002,2026-08-30,35,150,5.0
DEM-001932,MED-011,LOC-002,2026-08-29,32,135,4.5
DEM-001933,MED-011,LOC-002,2026-08-28,35,150,5.0
DEM-001934,MED-011,LOC-002,2026-08-27,34,144,4.8
DEM-001935,MED-011,LOC-002,2026-08-26,23,99,3.3
DEM-001936,MED-011,LOC-002,2026-08-25,27,117,3.9
DEM-001937,MED-011,LOC-002,2026-08-24,30,129,4.3
DEM-001938,MED-011,LOC-002,2026-08-23,22,96,3.2
DEM-001939,MED-011,LOC-003,2026-09-10,38,174,5.7
DEM-001940,MED-011,LOC-003,2026-09-09,39,168,5.6
DEM-001941,MED-011,LOC-003,2026-09-08,47,201,6.7
DEM-001942,MED-011,LOC-003,2026-09-07,42,180,6.0
DEM-001943,MED-011,LOC-003,2026-09-06,49,210,7.0
DEM-001944,MED-011,LOC-003,2026-09-05,32,138,4.6
DEM-001945,MED-011,LOC-003,2026-09-04,41,177,5.9
DEM-001946,MED-011,LOC-003,2026-09-03,31,132,4.4
DEM-001947,MED-011,LOC-003,2026-09-02,34,147,4.9
DEM-001948,MED-011,LOC-003,2026-09-01,49,210,7.0
DEM-001949,MED-011,LOC-003,2026-08-31,50,213,7.1
DEM-001950,MED-011,LOC-003,2026-08-30,41,174,5.8
DEM-001951,MED-011,LOC-003,2026-08-29,31,132,4.4
DEM-001952,MED-011,LOC-003,2026-08-28,32,135,4.5
DEM-001953,MED-011,LOC-003,2026-08-27,50,216,7.2
DEM-001954,MED-011,LOC-003,2026-08-26,50,213,7.1
DEM-001955,MED-011,LOC-003,2026-08-25,42,180,6.0
DEM-001956,MED-011,LOC-003,2026-08-24,31,132,4.4
DEM-001957,MED-011,LOC-003,2026-08-23,50,216,7.2
DEM-001958,MED-011,LOC-004,2026-09-10,36,140,4.5
DEM-001959,MED-011,LOC-004,2026-09-09,36,156,5.2
DEM-001960,MED-011,LOC-004,2026-09-08,36,153,5.1
DEM-001961,MED-011,LOC-004,2026-09-07,31,132,4.4
DEM-001962,MED-011,LOC-004,2026-09-06,25,108,3.6
DEM-001963,MED-011,LOC-004,2026-09-05,27,114,3.8
DEM-001964,MED-011,LOC-004,2026-09-04,28,120,4.0
DEM-001965,MED-011,LOC-004,2026-09-03,38,162,5.4
DEM-001966,MED-011,LOC-004,2026-09-02,30,129,4.3
DEM-001967,MED-011,LOC-004,2026-09-01,39,168,5.6
DEM-001968,MED-011,LOC-004,2026-08-31,29,126,4.2
DEM-001969,MED-011,LOC-004,2026-08-30,36,156,5.2
DEM-001970,MED-011,LOC-004,2026-08-29,26,111,3.7
DEM-001971,MED-011,LOC-004,2026-08-28,41,174,5.8
DEM-001972,MED-011,LOC-004,2026-08-27,36,156,5.2
DEM-001973,MED-011,LOC-004,2026-08-26,32,138,4.6
DEM-001974,MED-011,LOC-004,2026-08-25,41,174,5.8
DEM-001975,MED-011,LOC-004,2026-08-24,24,105,3.5
DEM-001976,MED-011,LOC-004,2026-08-23,32,135,4.5
DEM-001977,MED-011,LOC-005,2026-09-10,54,254,7.9
DEM-001978,MED-011,LOC-005,2026-09-09,71,303,10.1
DEM-001979,MED-011,LOC-005,2026-09-08,53,228,7.6
DEM-001980,MED-011,LOC-005,2026-09-07,65,279,9.3
DEM-001981,MED-011,LOC-005,2026-09-06,43,183,6.1
DEM-001982,MED-011,LOC-005,2026-09-05,50,213,7.1
DEM-001983,MED-011,LOC-005,2026-09-04,71,306,10.2
DEM-001984,MED-011,LOC-005,2026-09-03,57,243,8.1
DEM-001985,MED-011,LOC-005,2026-09-02,52,225,7.5
DEM-001986,MED-011,LOC-005,2026-09-01,70,300,10.0
DEM-001987,MED-011,LOC-005,2026-08-31,55,234,7.8
DEM-001988,MED-011,LOC-005,2026-08-30,62,267,8.9
DEM-001989,MED-011,LOC-005,2026-08-29,62,264,8.8
DEM-001990,MED-011,LOC-005,2026-08-28,44,189,6.3
DEM-001991,MED-011,LOC-005,2026-08-27,60,258,8.6
DEM-001992,MED-011,LOC-005,2026-08-26,66,282,9.4
DEM-001993,MED-011,LOC-005,2026-08-25,63,270,9.0
DEM-001994,MED-011,LOC-005,2026-08-24,44,189,6.3
DEM-001995,MED-011,LOC-005,2026-08-23,46,198,6.6
DEM-001996,MED-011,LOC-006,2026-09-10,24,106,3.3
DEM-001997,MED-011,LOC-006,2026-09-09,21,90,3.0
DEM-001998,MED-011,LOC-006,2026-09-08,19,81,2.7
DEM-001999,MED-011,LOC-006,2026-09-07,18,75,2.5
DEM-002000,MED-011,LOC-006,2026-09-06,21,90,3.0
DEM-002001,MED-011,LOC-006,2026-09-05,22,93,3.1
DEM-002002,MED-011,LOC-006,2026-09-04,21,90,3.0
DEM-002003,MED-011,LOC-006,2026-09-03,19,81,2.7
DEM-002004,MED-011,LOC-006,2026-09-02,20,84,2.8
DEM-002005,MED-011,LOC-006,2026-09-01,23,99,3.3
DEM-002006,MED-011,LOC-006,2026-08-31,24,105,3.5
DEM-002007,MED-011,LOC-006,2026-08-30,22,96,3.2
DEM-002008,MED-011,LOC-006,2026-08-29,18,75,2.5
DEM-002009,MED-011,LOC-006,2026-08-28,22,93,3.1
DEM-002010,MED-011,LOC-006,2026-08-27,18,78,2.6
DEM-002011,MED-011,LOC-006,2026-08-26,25,108,3.6
DEM-002012,MED-011,LOC-006,2026-08-25,22,93,3.1
DEM-002013,MED-011,LOC-006,2026-08-24,22,96,3.2
DEM-002014,MED-011,LOC-006,2026-08-23,21,90,3.0
DEM-002015,MED-011,LOC-007,2026-09-10,30,152,4.6
DEM-002016,MED-011,LOC-007,2026-09-09,40,171,5.7
DEM-002017,MED-011,LOC-007,2026-09-08,41,177,5.9
DEM-002018,MED-011,LOC-007,2026-09-07,34,147,4.9
DEM-002019,MED-011,LOC-007,2026-09-06,27,117,3.9
DEM-002020,MED-011,LOC-007,2026-09-05,31,132,4.4
DEM-002021,MED-011,LOC-007,2026-09-04,27,114,3.8
DEM-002022,MED-011,LOC-007,2026-09-03,29,126,4.2
DEM-002023,MED-011,LOC-007,2026-09-02,33,141,4.7
DEM-002024,MED-011,LOC-007,2026-09-01,25,108,3.6
DEM-002025,MED-011,LOC-007,2026-08-31,32,135,4.5
DEM-002026,MED-011,LOC-007,2026-08-30,32,135,4.5
DEM-002027,MED-011,LOC-007,2026-08-29,33,141,4.7
DEM-002028,MED-011,LOC-007,2026-08-28,25,108,3.6
DEM-002029,MED-011,LOC-007,2026-08-27,29,123,4.1
DEM-002030,MED-011,LOC-007,2026-08-26,29,123,4.1
DEM-002031,MED-011,LOC-007,2026-08-25,35,150,5.0
DEM-002032,MED-011,LOC-007,2026-08-24,35,150,5.0
DEM-002033,MED-011,LOC-007,2026-08-23,27,117,3.9
DEM-002034,MED-011,LOC-008,2026-09-10,18,87,2.6
DEM-002035,MED-011,LOC-008,2026-09-09,17,72,2.4
DEM-002036,MED-011,LOC-008,2026-09-08,20,84,2.8
DEM-002037,MED-011,LOC-008,2026-09-07,22,93,3.1
DEM-002038,MED-011,LOC-008,2026-09-06,17,72,2.4
DEM-002039,MED-011,LOC-008,2026-09-05,17,72,2.4
DEM-002040,MED-011,LOC-008,2026-09-04,22,93,3.1
DEM-002041,MED-011,LOC-008,2026-09-03,22,96,3.2
DEM-002042,MED-011,LOC-008,2026-09-02,23,99,3.3
DEM-002043,MED-011,LOC-008,2026-09-01,15,63,2.1
DEM-002044,MED-011,LOC-008,2026-08-31,17,72,2.4
DEM-002045,MED-011,LOC-008,2026-08-30,23,99,3.3
DEM-002046,MED-011,LOC-008,2026-08-29,15,66,2.2
DEM-002047,MED-011,LOC-008,2026-08-28,17,72,2.4
DEM-002048,MED-011,LOC-008,2026-08-27,23,99,3.3
DEM-002049,MED-011,LOC-008,2026-08-26,23,99,3.3
DEM-002050,MED-011,LOC-008,2026-08-25,17,72,2.4
DEM-002051,MED-011,LOC-008,2026-08-24,20,87,2.9
DEM-002052,MED-011,LOC-008,2026-08-23,19,81,2.7
DEM-002053,MED-011,LOC-009,2026-09-10,33,146,4.9
DEM-002054,MED-011,LOC-009,2026-09-09,41,177,5.9
DEM-002055,MED-011,LOC-009,2026-09-08,33,141,4.7
DEM-002056,MED-011,LOC-009,2026-09-07,28,120,4.0
DEM-002057,MED-011,LOC-009,2026-09-06,36,156,5.2
DEM-002058,MED-011,LOC-009,2026-09-05,37,159,5.3
DEM-002059,MED-011,LOC-009,2026-09-04,36,153,5.1
DEM-002060,MED-011,LOC-009,2026-09-03,38,165,5.5
DEM-002061,MED-011,LOC-009,2026-09-02,36,156,5.2
DEM-002062,MED-011,LOC-009,2026-09-01,43,186,6.2
DEM-002063,MED-011,LOC-009,2026-08-31,34,147,4.9
DEM-002064,MED-011,LOC-009,2026-08-30,39,168,5.6
DEM-002065,MED-011,LOC-009,2026-08-29,34,147,4.9
DEM-002066,MED-011,LOC-009,2026-08-28,32,135,4.5
DEM-002067,MED-011,LOC-009,2026-08-27,38,165,5.5
DEM-002068,MED-011,LOC-009,2026-08-26,41,177,5.9
DEM-002069,MED-011,LOC-009,2026-08-25,41,174,5.8
DEM-002070,MED-011,LOC-009,2026-08-24,34,144,4.8
DEM-002071,MED-011,LOC-009,2026-08-23,35,150,5.0
DEM-002072,MED-011,LOC-010,2026-09-10,34,158,5.0
DEM-002073,MED-011,LOC-010,2026-09-09,40,171,5.7
DEM-002074,MED-011,LOC-010,2026-09-08,41,177,5.9
DEM-002075,MED-011,LOC-010,2026-09-07,28,120,4.0
DEM-002076,MED-011,LOC-010,2026-09-06,46,195,6.5
DEM-002077,MED-011,LOC-010,2026-09-05,36,153,5.1
DEM-002078,MED-011,LOC-010,2026-09-04,34,147,4.9
DEM-002079,MED-011,LOC-010,2026-09-03,36,153,5.1
DEM-002080,MED-011,LOC-010,2026-09-02,44,189,6.3
DEM-002081,MED-011,LOC-010,2026-09-01,40,171,5.7
DEM-002082,MED-011,LOC-010,2026-08-31,36,156,5.2
DEM-002083,MED-011,LOC-010,2026-08-30,41,177,5.9
DEM-002084,MED-011,LOC-010,2026-08-29,33,141,4.7
DEM-002085,MED-011,LOC-010,2026-08-28,43,186,6.2
DEM-002086,MED-011,LOC-010,2026-08-27,36,156,5.2
DEM-002087,MED-011,LOC-010,2026-08-26,38,165,5.5
DEM-002088,MED-011,LOC-010,2026-08-25,28,120,4.0
DEM-002089,MED-011,LOC-010,2026-08-24,41,177,5.9
DEM-002090,MED-011,LOC-010,2026-08-23,39,168,5.6
DEM-002091,MED-012,LOC-001,2026-09-10,173,911,27.2
DEM-002092,MED-012,LOC-001,2026-09-09,214,915,30.5
DEM-002093,MED-012,LOC-001,2026-09-08,185,792,26.4
DEM-002094,MED-012,LOC-001,2026-09-07,222,951,31.7
DEM-002095,MED-012,LOC-001,2026-09-06,244,1044,34.8
DEM-002096,MED-012,LOC-001,2026-09-05,188,804,26.8
DEM-002097,MED-012,LOC-001,2026-09-04,144,618,20.6
DEM-002098,MED-012,LOC-001,2026-09-03,170,729,24.3
DEM-002099,MED-012,LOC-001,2026-09-02,196,840,28.0
DEM-002100,MED-012,LOC-001,2026-09-01,197,846,28.2
DEM-002101,MED-012,LOC-001,2026-08-31,204,873,29.1
DEM-002102,MED-012,LOC-001,2026-08-30,203,870,29.0
DEM-002103,MED-012,LOC-001,2026-08-29,190,813,27.1
DEM-002104,MED-012,LOC-001,2026-08-28,184,789,26.3
DEM-002105,MED-012,LOC-001,2026-08-27,224,960,32.0
DEM-002106,MED-012,LOC-001,2026-08-26,204,876,29.2
DEM-002107,MED-012,LOC-001,2026-08-25,195,837,27.9
DEM-002108,MED-012,LOC-001,2026-08-24,179,768,25.6
DEM-002109,MED-012,LOC-001,2026-08-23,146,624,20.8
DEM-002110,MED-012,LOC-002,2026-09-10,105,501,15.0
DEM-002111,MED-012,LOC-002,2026-09-09,85,366,12.2
DEM-002112,MED-012,LOC-002,2026-09-08,133,570,19.0
DEM-002113,MED-012,LOC-002,2026-09-07,87,372,12.4
DEM-002114,MED-012,LOC-002,2026-09-06,97,414,13.8
DEM-002115,MED-012,LOC-002,2026-09-05,105,450,15.0
DEM-002116,MED-012,LOC-002,2026-09-04,91,390,13.0
DEM-002117,MED-012,LOC-002,2026-09-03,106,456,15.2
DEM-002118,MED-012,LOC-002,2026-09-02,106,456,15.2
DEM-002119,MED-012,LOC-002,2026-09-01,104,447,14.9
DEM-002120,MED-012,LOC-002,2026-08-31,119,510,17.0
DEM-002121,MED-012,LOC-002,2026-08-30,97,417,13.9
DEM-002122,MED-012,LOC-002,2026-08-29,96,411,13.7
DEM-002123,MED-012,LOC-002,2026-08-28,125,537,17.9
DEM-002124,MED-012,LOC-002,2026-08-27,85,366,12.2
DEM-002125,MED-012,LOC-002,2026-08-26,128,549,18.3
DEM-002126,MED-012,LOC-002,2026-08-25,116,498,16.6
DEM-002127,MED-012,LOC-002,2026-08-24,118,504,16.8
DEM-002128,MED-012,LOC-002,2026-08-23,88,378,12.6
DEM-002129,MED-012,LOC-003,2026-09-10,205,874,30.5
DEM-002130,MED-012,LOC-003,2026-09-09,179,768,25.6
DEM-002131,MED-012,LOC-003,2026-09-08,226,969,32.3
DEM-002132,MED-012,LOC-003,2026-09-07,273,1170,39.0
DEM-002133,MED-012,LOC-003,2026-09-06,188,804,26.8
DEM-002134,MED-012,LOC-003,2026-09-05,208,891,29.7
DEM-002135,MED-012,LOC-003,2026-09-04,182,780,26.0
DEM-002136,MED-012,LOC-003,2026-09-03,235,1008,33.6
DEM-002137,MED-012,LOC-003,2026-09-02,211,903,30.1
DEM-002138,MED-012,LOC-003,2026-09-01,164,702,23.4
DEM-002139,MED-012,LOC-003,2026-08-31,232,996,33.2
DEM-002140,MED-012,LOC-003,2026-08-30,183,786,26.2
DEM-002141,MED-012,LOC-003,2026-08-29,230,984,32.8
DEM-002142,MED-012,LOC-003,2026-08-28,206,882,29.4
DEM-002143,MED-012,LOC-003,2026-08-27,243,1041,34.7
DEM-002144,MED-012,LOC-003,2026-08-26,184,789,26.3
DEM-002145,MED-012,LOC-003,2026-08-25,248,1065,35.5
DEM-002146,MED-012,LOC-003,2026-08-24,255,1092,36.4
DEM-002147,MED-012,LOC-003,2026-08-23,167,717,23.9
DEM-002148,MED-012,LOC-004,2026-09-10,117,431,15.0
DEM-002149,MED-012,LOC-004,2026-09-09,97,417,13.9
DEM-002150,MED-012,LOC-004,2026-09-08,105,450,15.0
DEM-002151,MED-012,LOC-004,2026-09-07,94,402,13.4
DEM-002152,MED-012,LOC-004,2026-09-06,129,552,18.4
DEM-002153,MED-012,LOC-004,2026-09-05,109,468,15.6
DEM-002154,MED-012,LOC-004,2026-09-04,116,495,16.5
DEM-002155,MED-012,LOC-004,2026-09-03,113,486,16.2
DEM-002156,MED-012,LOC-004,2026-09-02,114,489,16.3
DEM-002157,MED-012,LOC-004,2026-09-01,113,483,16.1
DEM-002158,MED-012,LOC-004,2026-08-31,99,423,14.1
DEM-002159,MED-012,LOC-004,2026-08-30,127,546,18.2
DEM-002160,MED-012,LOC-004,2026-08-29,114,489,16.3
DEM-002161,MED-012,LOC-004,2026-08-28,126,540,18.0
DEM-002162,MED-012,LOC-004,2026-08-27,120,513,17.1
DEM-002163,MED-012,LOC-004,2026-08-26,96,411,13.7
DEM-002164,MED-012,LOC-004,2026-08-25,114,489,16.3
DEM-002165,MED-012,LOC-004,2026-08-24,83,357,11.9
DEM-002166,MED-012,LOC-004,2026-08-23,87,372,12.4
DEM-002167,MED-012,LOC-005,2026-09-10,150,631,22.0
DEM-002168,MED-012,LOC-005,2026-09-09,174,747,24.9
DEM-002169,MED-012,LOC-005,2026-09-08,159,681,22.7
DEM-002170,MED-012,LOC-005,2026-09-07,151,648,21.6
DEM-002171,MED-012,LOC-005,2026-09-06,127,546,18.2
DEM-002172,MED-012,LOC-005,2026-09-05,148,633,21.1
DEM-002173,MED-012,LOC-005,2026-09-04,131,561,18.7
DEM-002174,MED-012,LOC-005,2026-09-03,169,726,24.2
DEM-002175,MED-012,LOC-005,2026-09-02,174,747,24.9
DEM-002176,MED-012,LOC-005,2026-09-01,170,729,24.3
DEM-002177,MED-012,LOC-005,2026-08-31,200,858,28.6
DEM-002178,MED-012,LOC-005,2026-08-30,162,696,23.2
DEM-002179,MED-012,LOC-005,2026-08-29,157,672,22.4
DEM-002180,MED-012,LOC-005,2026-08-28,127,546,18.2
DEM-002181,MED-012,LOC-005,2026-08-27,142,609,20.3
DEM-002182,MED-012,LOC-005,2026-08-26,154,660,22.0
DEM-002183,MED-012,LOC-005,2026-08-25,120,513,17.1
DEM-002184,MED-012,LOC-005,2026-08-24,146,624,20.8
DEM-002185,MED-012,LOC-005,2026-08-23,116,498,16.6
DEM-002186,MED-012,LOC-006,2026-09-10,75,324,9.7
DEM-002187,MED-012,LOC-006,2026-09-09,70,300,10.0
DEM-002188,MED-012,LOC-006,2026-09-08,69,297,9.9
DEM-002189,MED-012,LOC-006,2026-09-07,76,327,10.9
DEM-002190,MED-012,LOC-006,2026-09-06,66,285,9.5
DEM-002191,MED-012,LOC-006,2026-09-05,83,354,11.8
DEM-002192,MED-012,LOC-006,2026-09-04,69,297,9.9
DEM-002193,MED-012,LOC-006,2026-09-03,54,231,7.7
DEM-002194,MED-012,LOC-006,2026-09-02,52,222,7.4
DEM-002195,MED-012,LOC-006,2026-09-01,79,339,11.3
DEM-002196,MED-012,LOC-006,2026-08-31,62,264,8.8
DEM-002197,MED-012,LOC-006,2026-08-30,61,261,8.7
DEM-002198,MED-012,LOC-006,2026-08-29,71,303,10.1
DEM-002199,MED-012,LOC-006,2026-08-28,57,246,8.2
DEM-002200,MED-012,LOC-006,2026-08-27,68,291,9.7
DEM-002201,MED-012,LOC-006,2026-08-26,78,336,11.2
DEM-002202,MED-012,LOC-006,2026-08-25,80,342,11.4
DEM-002203,MED-012,LOC-006,2026-08-24,71,306,10.2
DEM-002204,MED-012,LOC-006,2026-08-23,55,237,7.9
DEM-002205,MED-012,LOC-007,2026-09-10,116,491,15.1
DEM-002206,MED-012,LOC-007,2026-09-09,101,432,14.4
DEM-002207,MED-012,LOC-007,2026-09-08,127,546,18.2
DEM-002208,MED-012,LOC-007,2026-09-07,82,351,11.7
DEM-002209,MED-012,LOC-007,2026-09-06,121,519,17.3
DEM-002210,MED-012,LOC-007,2026-09-05,111,477,15.9
DEM-002211,MED-012,LOC-007,2026-09-04,136,585,19.5
DEM-002212,MED-012,LOC-007,2026-09-03,85,366,12.2
DEM-002213,MED-012,LOC-007,2026-09-02,127,546,18.2
DEM-002214,MED-012,LOC-007,2026-09-01,123,528,17.6
DEM-002215,MED-012,LOC-007,2026-08-31,97,414,13.8
DEM-002216,MED-012,LOC-007,2026-08-30,137,588,19.6
DEM-002217,MED-012,LOC-007,2026-08-29,106,453,15.1
DEM-002218,MED-012,LOC-007,2026-08-28,99,426,14.2
DEM-002219,MED-012,LOC-007,2026-08-27,127,543,18.1
DEM-002220,MED-012,LOC-007,2026-08-26,105,450,15.0
DEM-002221,MED-012,LOC-007,2026-08-25,137,588,19.6
DEM-002222,MED-012,LOC-007,2026-08-24,125,534,17.8
DEM-002223,MED-012,LOC-007,2026-08-23,93,399,13.3
DEM-002224,MED-012,LOC-008,2026-09-10,92,374,12.6
DEM-002225,MED-012,LOC-008,2026-09-09,101,432,14.4
DEM-002226,MED-012,LOC-008,2026-09-08,97,414,13.8
DEM-002227,MED-012,LOC-008,2026-09-07,74,318,10.6
DEM-002228,MED-012,LOC-008,2026-09-06,73,312,10.4
DEM-002229,MED-012,LOC-008,2026-09-05,76,327,10.9
DEM-002230,MED-012,LOC-008,2026-09-04,76,327,10.9
DEM-002231,MED-012,LOC-008,2026-09-03,69,297,9.9
DEM-002232,MED-012,LOC-008,2026-09-02,83,357,11.9
DEM-002233,MED-012,LOC-008,2026-09-01,80,342,11.4
DEM-002234,MED-012,LOC-008,2026-08-31,92,396,13.2
DEM-002235,MED-012,LOC-008,2026-08-30,82,351,11.7
DEM-002236,MED-012,LOC-008,2026-08-29,100,429,14.3
DEM-002237,MED-012,LOC-008,2026-08-28,80,345,11.5
DEM-002238,MED-012,LOC-008,2026-08-27,79,339,11.3
DEM-002239,MED-012,LOC-008,2026-08-26,108,462,15.4
DEM-002240,MED-012,LOC-008,2026-08-25,114,489,16.3
DEM-002241,MED-012,LOC-008,2026-08-24,99,426,14.2
DEM-002242,MED-012,LOC-008,2026-08-23,71,303,10.1
DEM-002243,MED-012,LOC-009,2026-09-10,160,689,20.8
DEM-002244,MED-012,LOC-009,2026-09-09,189,810,27.0
DEM-002245,MED-012,LOC-009,2026-09-08,178,765,25.5
DEM-002246,MED-012,LOC-009,2026-09-07,120,513,17.1
DEM-002247,MED-012,LOC-009,2026-09-06,178,765,25.5
DEM-002248,MED-012,LOC-009,2026-09-05,130,555,18.5
DEM-002249,MED-012,LOC-009,2026-09-04,166,711,23.7
DEM-002250,MED-012,LOC-009,2026-09-03,176,753,25.1
DEM-002251,MED-012,LOC-009,2026-09-02,170,729,24.3
DEM-002252,MED-012,LOC-009,2026-09-01,163,699,23.3
DEM-002253,MED-012,LOC-009,2026-08-31,148,636,21.2
DEM-002254,MED-012,LOC-009,2026-08-30,155,666,22.2
DEM-002255,MED-012,LOC-009,2026-08-29,131,561,18.7
DEM-002256,MED-012,LOC-009,2026-08-28,142,609,20.3
DEM-002257,MED-012,LOC-009,2026-08-27,146,624,20.8
DEM-002258,MED-012,LOC-009,2026-08-26,160,684,22.8
DEM-002259,MED-012,LOC-009,2026-08-25,180,771,25.7
DEM-002260,MED-012,LOC-009,2026-08-24,117,501,16.7
DEM-002261,MED-012,LOC-009,2026-08-23,150,645,21.5
DEM-002262,MED-012,LOC-010,2026-09-10,129,483,16.2
DEM-002263,MED-012,LOC-010,2026-09-09,144,618,20.6
DEM-002264,MED-012,LOC-010,2026-09-08,106,453,15.1
DEM-002265,MED-012,LOC-010,2026-09-07,85,366,12.2
DEM-002266,MED-012,LOC-010,2026-09-06,133,570,19.0
DEM-002267,MED-012,LOC-010,2026-09-05,131,561,18.7
DEM-002268,MED-012,LOC-010,2026-09-04,131,561,18.7
DEM-002269,MED-012,LOC-010,2026-09-03,113,486,16.2
DEM-002270,MED-012,LOC-010,2026-09-02,127,543,18.1
DEM-002271,MED-012,LOC-010,2026-09-01,107,459,15.3
DEM-002272,MED-012,LOC-010,2026-08-31,89,381,12.7
DEM-002273,MED-012,LOC-010,2026-08-30,118,507,16.9
DEM-002274,MED-012,LOC-010,2026-08-29,99,423,14.1
DEM-002275,MED-012,LOC-010,2026-08-28,112,480,16.0
DEM-002276,MED-012,LOC-010,2026-08-27,98,420,14.0
DEM-002277,MED-012,LOC-010,2026-08-26,102,435,14.5
DEM-002278,MED-012,LOC-010,2026-08-25,136,585,19.5
DEM-002279,MED-012,LOC-010,2026-08-24,106,456,15.2
DEM-002280,MED-012,LOC-010,2026-08-23,121,519,17.3
DEM-002281,MED-013,LOC-001,2026-09-10,213,979,30.9
DEM-002282,MED-013,LOC-001,2026-09-09,168,720,24.0
DEM-002283,MED-013,LOC-001,2026-09-08,174,747,24.9
DEM-002284,MED-013,LOC-001,2026-09-07,256,1095,36.5
DEM-002285,MED-013,LOC-001,2026-09-06,217,930,31.0
DEM-002286,MED-013,LOC-001,2026-09-05,177,759,25.3
DEM-002287,MED-013,LOC-001,2026-09-04,265,1134,37.8
DEM-002288,MED-013,LOC-001,2026-09-03,215,921,30.7
DEM-002289,MED-013,LOC-001,2026-09-02,162,696,23.2
DEM-002290,MED-013,LOC-001,2026-09-01,276,1185,39.5
DEM-002291,MED-013,LOC-001,2026-08-31,186,798,26.6
DEM-002292,MED-013,LOC-001,2026-08-30,244,1047,34.9
DEM-002293,MED-013,LOC-001,2026-08-29,178,762,25.4
DEM-002294,MED-013,LOC-001,2026-08-28,239,1026,34.2
DEM-002295,MED-013,LOC-001,2026-08-27,181,777,25.9
DEM-002296,MED-013,LOC-001,2026-08-26,273,1170,39.0
DEM-002297,MED-013,LOC-001,2026-08-25,195,834,27.8
DEM-002298,MED-013,LOC-001,2026-08-24,240,1029,34.3
DEM-002299,MED-013,LOC-001,2026-08-23,192,822,27.4
DEM-002300,MED-013,LOC-002,2026-09-10,160,580,20.3
DEM-002301,MED-013,LOC-002,2026-09-09,138,591,19.7
DEM-002302,MED-013,LOC-002,2026-09-08,130,558,18.6
DEM-002303,MED-013,LOC-002,2026-09-07,161,690,23.0
DEM-002304,MED-013,LOC-002,2026-09-06,125,534,17.8
DEM-002305,MED-013,LOC-002,2026-09-05,158,675,22.5
DEM-002306,MED-013,LOC-002,2026-09-04,162,693,23.1
DEM-002307,MED-013,LOC-002,2026-09-03,106,456,15.2
DEM-002308,MED-013,LOC-002,2026-09-02,144,615,20.5
DEM-002309,MED-013,LOC-002,2026-09-01,117,501,16.7
DEM-002310,MED-013,LOC-002,2026-08-31,125,534,17.8
DEM-002311,MED-013,LOC-002,2026-08-30,160,684,22.8
DEM-002312,MED-013,LOC-002,2026-08-29,107,459,15.3
DEM-002313,MED-013,LOC-002,2026-08-28,161,690,23.0
DEM-002314,MED-013,LOC-002,2026-08-27,170,729,24.3
DEM-002315,MED-013,LOC-002,2026-08-26,184,789,26.3
DEM-002316,MED-013,LOC-002,2026-08-25,139,597,19.9
DEM-002317,MED-013,LOC-002,2026-08-24,117,501,16.7
DEM-002318,MED-013,LOC-002,2026-08-23,112,480,16.0
DEM-002319,MED-013,LOC-003,2026-09-10,225,838,29.7
DEM-002320,MED-013,LOC-003,2026-09-09,192,822,27.4
DEM-002321,MED-013,LOC-003,2026-09-08,257,1101,36.7
DEM-002322,MED-013,LOC-003,2026-09-07,172,735,24.5
DEM-002323,MED-013,LOC-003,2026-09-06,244,1047,34.9
DEM-002324,MED-013,LOC-003,2026-09-05,242,1038,34.6
DEM-002325,MED-013,LOC-003,2026-09-04,171,732,24.4
DEM-002326,MED-013,LOC-003,2026-09-03,270,1155,38.5
DEM-002327,MED-013,LOC-003,2026-09-02,172,738,24.6
DEM-002328,MED-013,LOC-003,2026-09-01,216,927,30.9
DEM-002329,MED-013,LOC-003,2026-08-31,157,672,22.4
DEM-002330,MED-013,LOC-003,2026-08-30,230,987,32.9
DEM-002331,MED-013,LOC-003,2026-08-29,206,885,29.5
DEM-002332,MED-013,LOC-003,2026-08-28,239,1023,34.1
DEM-002333,MED-013,LOC-003,2026-08-27,228,975,32.5
DEM-002334,MED-013,LOC-003,2026-08-26,173,741,24.7
DEM-002335,MED-013,LOC-003,2026-08-25,203,870,29.0
DEM-002336,MED-013,LOC-003,2026-08-24,234,1005,33.5
DEM-002337,MED-013,LOC-003,2026-08-23,254,1089,36.3
DEM-002338,MED-013,LOC-004,2026-09-10,117,578,18.0
DEM-002339,MED-013,LOC-004,2026-09-09,135,579,19.3
DEM-002340,MED-013,LOC-004,2026-09-08,121,519,17.3
DEM-002341,MED-013,LOC-004,2026-09-07,161,690,23.0
DEM-002342,MED-013,LOC-004,2026-09-06,116,498,16.6
DEM-002343,MED-013,LOC-004,2026-09-05,104,447,14.9
DEM-002344,MED-013,LOC-004,2026-09-04,113,486,16.2
DEM-002345,MED-013,LOC-004,2026-09-03,100,429,14.3
DEM-002346,MED-013,LOC-004,2026-09-02,133,570,19.0
DEM-002347,MED-013,LOC-004,2026-09-01,136,582,19.4
DEM-002348,MED-013,LOC-004,2026-08-31,136,585,19.5
DEM-002349,MED-013,LOC-004,2026-08-30,148,636,21.2
DEM-002350,MED-013,LOC-004,2026-08-29,142,609,20.3
DEM-002351,MED-013,LOC-004,2026-08-28,153,657,21.9
DEM-002352,MED-013,LOC-004,2026-08-27,140,600,20.0
DEM-002353,MED-013,LOC-004,2026-08-26,116,495,16.5
DEM-002354,MED-013,LOC-004,2026-08-25,130,558,18.6
DEM-002355,MED-013,LOC-004,2026-08-24,130,555,18.5
DEM-002356,MED-013,LOC-004,2026-08-23,146,627,20.9
DEM-002357,MED-013,LOC-005,2026-09-10,183,943,28.6
DEM-002358,MED-013,LOC-005,2026-09-09,256,1095,36.5
DEM-002359,MED-013,LOC-005,2026-09-08,204,876,29.2
DEM-002360,MED-013,LOC-005,2026-09-07,162,696,23.2
DEM-002361,MED-013,LOC-005,2026-09-06,205,879,29.3
DEM-002362,MED-013,LOC-005,2026-09-05,216,924,30.8
DEM-002363,MED-013,LOC-005,2026-09-04,209,894,29.8
DEM-002364,MED-013,LOC-005,2026-09-03,258,1104,36.8
DEM-002365,MED-013,LOC-005,2026-09-02,259,1110,37.0
DEM-002366,MED-013,LOC-005,2026-09-01,253,1083,36.1
DEM-002367,MED-013,LOC-005,2026-08-31,164,705,23.5
DEM-002368,MED-013,LOC-005,2026-08-30,245,1050,35.0
DEM-002369,MED-013,LOC-005,2026-08-29,213,912,30.4
DEM-002370,MED-013,LOC-005,2026-08-28,190,816,27.2
DEM-002371,MED-013,LOC-005,2026-08-27,225,966,32.2
DEM-002372,MED-013,LOC-005,2026-08-26,234,1002,33.4
DEM-002373,MED-013,LOC-005,2026-08-25,256,1095,36.5
DEM-002374,MED-013,LOC-005,2026-08-24,235,1008,33.6
DEM-002375,MED-013,LOC-005,2026-08-23,152,651,21.7
DEM-002376,MED-013,LOC-006,2026-09-10,77,317,11.4
DEM-002377,MED-013,LOC-006,2026-09-09,62,267,8.9
DEM-002378,MED-013,LOC-006,2026-09-08,94,405,13.5
DEM-002379,MED-013,LOC-006,2026-09-07,82,351,11.7
DEM-002380,MED-013,LOC-006,2026-09-06,88,375,12.5
DEM-002381,MED-013,LOC-006,2026-09-05,82,351,11.7
DEM-002382,MED-013,LOC-006,2026-09-04,78,336,11.2
DEM-002383,MED-013,LOC-006,2026-09-03,91,390,13.0
DEM-002384,MED-013,LOC-006,2026-09-02,64,273,9.1
DEM-002385,MED-013,LOC-006,2026-09-01,83,357,11.9
DEM-002386,MED-013,LOC-006,2026-08-31,87,372,12.4
DEM-002387,MED-013,LOC-006,2026-08-30,72,309,10.3
DEM-002388,MED-013,LOC-006,2026-08-29,74,315,10.5
DEM-002389,MED-013,LOC-006,2026-08-28,83,354,11.8
DEM-002390,MED-013,LOC-006,2026-08-27,69,294,9.8
DEM-002391,MED-013,LOC-006,2026-08-26,95,408,13.6
DEM-002392,MED-013,LOC-006,2026-08-25,83,357,11.9
DEM-002393,MED-013,LOC-006,2026-08-24,77,330,11.0
DEM-002394,MED-013,LOC-006,2026-08-23,88,375,12.5
DEM-002395,MED-013,LOC-007,2026-09-10,181,675,24.1
DEM-002396,MED-013,LOC-007,2026-09-09,191,819,27.3
DEM-002397,MED-013,LOC-007,2026-09-08,195,834,27.8
DEM-002398,MED-013,LOC-007,2026-09-07,205,879,29.3
DEM-002399,MED-013,LOC-007,2026-09-06,132,564,18.8
DEM-002400,MED-013,LOC-007,2026-09-05,134,576,19.2
DEM-002401,MED-013,LOC-007,2026-09-04,167,714,23.8
DEM-002402,MED-013,LOC-007,2026-09-03,169,723,24.1
DEM-002403,MED-013,LOC-007,2026-09-02,183,783,26.1
DEM-002404,MED-013,LOC-007,2026-09-01,155,666,22.2
DEM-002405,MED-013,LOC-007,2026-08-31,195,837,27.9
DEM-002406,MED-013,LOC-007,2026-08-30,195,837,27.9
DEM-002407,MED-013,LOC-007,2026-08-29,138,591,19.7
DEM-002408,MED-013,LOC-007,2026-08-28,192,825,27.5
DEM-002409,MED-013,LOC-007,2026-08-27,192,822,27.4
DEM-002410,MED-013,LOC-007,2026-08-26,141,606,20.2
DEM-002411,MED-013,LOC-007,2026-08-25,215,921,30.7
DEM-002412,MED-013,LOC-007,2026-08-24,175,750,25.0
DEM-002413,MED-013,LOC-007,2026-08-23,200,855,28.5
DEM-002414,MED-013,LOC-008,2026-09-10,97,417,14.7
DEM-002415,MED-013,LOC-008,2026-09-09,121,519,17.3
DEM-002416,MED-013,LOC-008,2026-09-08,92,396,13.2
DEM-002417,MED-013,LOC-008,2026-09-07,127,546,18.2
DEM-002418,MED-013,LOC-008,2026-09-06,121,519,17.3
DEM-002419,MED-013,LOC-008,2026-09-05,79,339,11.3
DEM-002420,MED-013,LOC-008,2026-09-04,123,528,17.6
DEM-002421,MED-013,LOC-008,2026-09-03,92,396,13.2
DEM-002422,MED-013,LOC-008,2026-09-02,80,345,11.5
DEM-002423,MED-013,LOC-008,2026-09-01,118,504,16.8
DEM-002424,MED-013,LOC-008,2026-08-31,110,471,15.7
DEM-002425,MED-013,LOC-008,2026-08-30,81,348,11.6
DEM-002426,MED-013,LOC-008,2026-08-29,103,441,14.7
DEM-002427,MED-013,LOC-008,2026-08-28,97,417,13.9
DEM-002428,MED-013,LOC-008,2026-08-27,106,453,15.1
DEM-002429,MED-013,LOC-008,2026-08-26,109,468,15.6
DEM-002430,MED-013,LOC-008,2026-08-25,98,420,14.0
DEM-002431,MED-013,LOC-008,2026-08-24,92,393,13.1
DEM-002432,MED-013,LOC-008,2026-08-23,83,357,11.9
DEM-002433,MED-013,LOC-009,2026-09-10,166,637,22.0
DEM-002434,MED-013,LOC-009,2026-09-09,159,681,22.7
DEM-002435,MED-013,LOC-009,2026-09-08,119,510,17.0
DEM-002436,MED-013,LOC-009,2026-09-07,188,807,26.9
DEM-002437,MED-013,LOC-009,2026-09-06,136,585,19.5
DEM-002438,MED-013,LOC-009,2026-09-05,155,666,22.2
DEM-002439,MED-013,LOC-009,2026-09-04,148,633,21.1
DEM-002440,MED-013,LOC-009,2026-09-03,128,549,18.3
DEM-002441,MED-013,LOC-009,2026-09-02,195,834,27.8
DEM-002442,MED-013,LOC-009,2026-09-01,188,807,26.9
DEM-002443,MED-013,LOC-009,2026-08-31,162,696,23.2
DEM-002444,MED-013,LOC-009,2026-08-30,193,828,27.6
DEM-002445,MED-013,LOC-009,2026-08-29,178,765,25.5
DEM-002446,MED-013,LOC-009,2026-08-28,151,648,21.6
DEM-002447,MED-013,LOC-009,2026-08-27,143,612,20.4
DEM-002448,MED-013,LOC-009,2026-08-26,150,645,21.5
DEM-002449,MED-013,LOC-009,2026-08-25,176,756,25.2
DEM-002450,MED-013,LOC-009,2026-08-24,139,594,19.8
DEM-002451,MED-013,LOC-009,2026-08-23,122,522,17.4
DEM-002452,MED-013,LOC-010,2026-09-10,146,670,20.3
DEM-002453,MED-013,LOC-010,2026-09-09,120,516,17.2
DEM-002454,MED-013,LOC-010,2026-09-08,169,726,24.2
DEM-002455,MED-013,LOC-010,2026-09-07,183,786,26.2
DEM-002456,MED-013,LOC-010,2026-09-06,181,777,25.9
DEM-002457,MED-013,LOC-010,2026-09-05,112,480,16.0
DEM-002458,MED-013,LOC-010,2026-09-04,143,612,20.4
DEM-002459,MED-013,LOC-010,2026-09-03,129,552,18.4
DEM-002460,MED-013,LOC-010,2026-09-02,173,741,24.7
DEM-002461,MED-013,LOC-010,2026-09-01,132,567,18.9
DEM-002462,MED-013,LOC-010,2026-08-31,150,642,21.4
DEM-002463,MED-013,LOC-010,2026-08-30,107,459,15.3
DEM-002464,MED-013,LOC-010,2026-08-29,122,525,17.5
DEM-002465,MED-013,LOC-010,2026-08-28,150,645,21.5
DEM-002466,MED-013,LOC-010,2026-08-27,130,558,18.6
DEM-002467,MED-013,LOC-010,2026-08-26,155,666,22.2
DEM-002468,MED-013,LOC-010,2026-08-25,143,612,20.4
DEM-002469,MED-013,LOC-010,2026-08-24,153,654,21.8
DEM-002470,MED-013,LOC-010,2026-08-23,145,621,20.7
DEM-002471,MED-014,LOC-001,2026-09-10,253,1032,32.1
DEM-002472,MED-014,LOC-001,2026-09-09,199,852,28.4
DEM-002473,MED-014,LOC-001,2026-09-08,169,726,24.2
DEM-002474,MED-014,LOC-001,2026-09-07,219,939,31.3
DEM-002475,MED-014,LOC-001,2026-09-06,197,846,28.2
DEM-002476,MED-014,LOC-001,2026-09-05,211,906,30.2
DEM-002477,MED-014,LOC-001,2026-09-04,272,1167,38.9
DEM-002478,MED-014,LOC-001,2026-09-03,277,1188,39.6
DEM-002479,MED-014,LOC-001,2026-09-02,286,1227,40.9
DEM-002480,MED-014,LOC-001,2026-09-01,169,723,24.1
DEM-002481,MED-014,LOC-001,2026-08-31,250,1071,35.7
DEM-002482,MED-014,LOC-001,2026-08-30,274,1173,39.1
DEM-002483,MED-014,LOC-001,2026-08-29,258,1107,36.9
DEM-002484,MED-014,LOC-001,2026-08-28,181,777,25.9
DEM-002485,MED-014,LOC-001,2026-08-27,234,1002,33.4
DEM-002486,MED-014,LOC-001,2026-08-26,198,849,28.3
DEM-002487,MED-014,LOC-001,2026-08-25,230,984,32.8
DEM-002488,MED-014,LOC-001,2026-08-24,176,753,25.1
DEM-002489,MED-014,LOC-001,2026-08-23,292,1251,41.7
DEM-002490,MED-014,LOC-002,2026-09-10,174,891,26.9
DEM-002491,MED-014,LOC-002,2026-09-09,234,1005,33.5
DEM-002492,MED-014,LOC-002,2026-09-08,195,837,27.9
DEM-002493,MED-014,LOC-002,2026-09-07,214,915,30.5
DEM-002494,MED-014,LOC-002,2026-09-06,180,771,25.7
DEM-002495,MED-014,LOC-002,2026-09-05,242,1038,34.6
DEM-002496,MED-014,LOC-002,2026-09-04,150,642,21.4
DEM-002497,MED-014,LOC-002,2026-09-03,151,648,21.6
DEM-002498,MED-014,LOC-002,2026-09-02,155,666,22.2
DEM-002499,MED-014,LOC-002,2026-09-01,226,969,32.3
DEM-002500,MED-014,LOC-002,2026-08-31,149,639,21.3
DEM-002501,MED-014,LOC-002,2026-08-30,200,858,28.6
DEM-002502,MED-014,LOC-002,2026-08-29,186,798,26.6
DEM-002503,MED-014,LOC-002,2026-08-28,241,1032,34.4
DEM-002504,MED-014,LOC-002,2026-08-27,166,711,23.7
DEM-002505,MED-014,LOC-002,2026-08-26,168,720,24.0
DEM-002506,MED-014,LOC-002,2026-08-25,174,744,24.8
DEM-002507,MED-014,LOC-002,2026-08-24,224,960,32.0
DEM-002508,MED-014,LOC-002,2026-08-23,214,915,30.5
DEM-002509,MED-014,LOC-003,2026-09-10,271,1155,39.5
DEM-002510,MED-014,LOC-003,2026-09-09,218,936,31.2
DEM-002511,MED-014,LOC-003,2026-09-08,238,1020,34.0
DEM-002512,MED-014,LOC-003,2026-09-07,326,1398,46.6
DEM-002513,MED-014,LOC-003,2026-09-06,296,1269,42.3
DEM-002514,MED-014,LOC-003,2026-09-05,231,990,33.0
DEM-002515,MED-014,LOC-003,2026-09-04,232,996,33.2
DEM-002516,MED-014,LOC-003,2026-09-03,279,1194,39.8
DEM-002517,MED-014,LOC-003,2026-09-02,270,1155,38.5
DEM-002518,MED-014,LOC-003,2026-09-01,289,1239,41.3
DEM-002519,MED-014,LOC-003,2026-08-31,354,1518,50.6
DEM-002520,MED-014,LOC-003,2026-08-30,239,1023,34.1
DEM-002521,MED-014,LOC-003,2026-08-29,254,1089,36.3
DEM-002522,MED-014,LOC-003,2026-08-28,248,1062,35.4
DEM-002523,MED-014,LOC-003,2026-08-27,225,966,32.2
DEM-002524,MED-014,LOC-003,2026-08-26,231,990,33.0
DEM-002525,MED-014,LOC-003,2026-08-25,312,1335,44.5
DEM-002526,MED-014,LOC-003,2026-08-24,333,1428,47.6
DEM-002527,MED-014,LOC-003,2026-08-23,314,1344,44.8
DEM-002528,MED-014,LOC-004,2026-09-10,160,609,20.6
DEM-002529,MED-014,LOC-004,2026-09-09,116,495,16.5
DEM-002530,MED-014,LOC-004,2026-09-08,128,549,18.3
DEM-002531,MED-014,LOC-004,2026-09-07,136,585,19.5
DEM-002532,MED-014,LOC-004,2026-09-06,149,639,21.3
DEM-002533,MED-014,LOC-004,2026-09-05,162,693,23.1
DEM-002534,MED-014,LOC-004,2026-09-04,129,552,18.4
DEM-002535,MED-014,LOC-004,2026-09-03,187,801,26.7
DEM-002536,MED-014,LOC-004,2026-09-02,111,474,15.8
DEM-002537,MED-014,LOC-004,2026-09-01,140,600,20.0
DEM-002538,MED-014,LOC-004,2026-08-31,144,618,20.6
DEM-002539,MED-014,LOC-004,2026-08-30,167,717,23.9
DEM-002540,MED-014,LOC-004,2026-08-29,128,549,18.3
DEM-002541,MED-014,LOC-004,2026-08-28,145,621,20.7
DEM-002542,MED-014,LOC-004,2026-08-27,172,738,24.6
DEM-002543,MED-014,LOC-004,2026-08-26,119,510,17.0
DEM-002544,MED-014,LOC-004,2026-08-25,109,468,15.6
DEM-002545,MED-014,LOC-004,2026-08-24,174,747,24.9
DEM-002546,MED-014,LOC-004,2026-08-23,186,798,26.6
DEM-002547,MED-014,LOC-005,2026-09-10,242,931,31.2
DEM-002548,MED-014,LOC-005,2026-09-09,239,1026,34.2
DEM-002549,MED-014,LOC-005,2026-09-08,242,1035,34.5
DEM-002550,MED-014,LOC-005,2026-09-07,234,1002,33.4
DEM-002551,MED-014,LOC-005,2026-09-06,195,834,27.8
DEM-002552,MED-014,LOC-005,2026-09-05,261,1119,37.3
DEM-002553,MED-014,LOC-005,2026-09-04,167,714,23.8
DEM-002554,MED-014,LOC-005,2026-09-03,172,735,24.5
DEM-002555,MED-014,LOC-005,2026-09-02,272,1167,38.9
DEM-002556,MED-014,LOC-005,2026-09-01,217,930,31.0
DEM-002557,MED-014,LOC-005,2026-08-31,179,768,25.6
DEM-002558,MED-014,LOC-005,2026-08-30,272,1167,38.9
DEM-002559,MED-014,LOC-005,2026-08-29,263,1128,37.6
DEM-002560,MED-014,LOC-005,2026-08-28,204,873,29.1
DEM-002561,MED-014,LOC-005,2026-08-27,169,723,24.1
DEM-002562,MED-014,LOC-005,2026-08-26,219,939,31.3
DEM-002563,MED-014,LOC-005,2026-08-25,184,789,26.3
DEM-002564,MED-014,LOC-005,2026-08-24,232,996,33.2
DEM-002565,MED-014,LOC-005,2026-08-23,262,1125,37.5
DEM-002566,MED-014,LOC-006,2026-09-10,97,482,15.2
DEM-002567,MED-014,LOC-006,2026-09-09,90,384,12.8
DEM-002568,MED-014,LOC-006,2026-09-08,92,396,13.2
DEM-002569,MED-014,LOC-006,2026-09-07,91,390,13.0
DEM-002570,MED-014,LOC-006,2026-09-06,96,411,13.7
DEM-002571,MED-014,LOC-006,2026-09-05,132,564,18.8
DEM-002572,MED-014,LOC-006,2026-09-04,82,351,11.7
DEM-002573,MED-014,LOC-006,2026-09-03,116,498,16.6
DEM-002574,MED-014,LOC-006,2026-09-02,94,405,13.5
DEM-002575,MED-014,LOC-006,2026-09-01,97,417,13.9
DEM-002576,MED-014,LOC-006,2026-08-31,104,444,14.8
DEM-002577,MED-014,LOC-006,2026-08-30,112,480,16.0
DEM-002578,MED-014,LOC-006,2026-08-29,83,357,11.9
DEM-002579,MED-014,LOC-006,2026-08-28,96,411,13.7
DEM-002580,MED-014,LOC-006,2026-08-27,88,375,12.5
DEM-002581,MED-014,LOC-006,2026-08-26,92,393,13.1
DEM-002582,MED-014,LOC-006,2026-08-25,132,564,18.8
DEM-002583,MED-014,LOC-006,2026-08-24,111,474,15.8
DEM-002584,MED-014,LOC-006,2026-08-23,117,501,16.7
DEM-002585,MED-014,LOC-007,2026-09-10,214,932,27.8
DEM-002586,MED-014,LOC-007,2026-09-09,230,984,32.8
DEM-002587,MED-014,LOC-007,2026-09-08,184,789,26.3
DEM-002588,MED-014,LOC-007,2026-09-07,204,876,29.2
DEM-002589,MED-014,LOC-007,2026-09-06,198,849,28.3
DEM-002590,MED-014,LOC-007,2026-09-05,244,1044,34.8
DEM-002591,MED-014,LOC-007,2026-09-04,200,855,28.5
DEM-002592,MED-014,LOC-007,2026-09-03,188,804,26.8
DEM-002593,MED-014,LOC-007,2026-09-02,165,708,23.6
DEM-002594,MED-014,LOC-007,2026-09-01,180,771,25.7
DEM-002595,MED-014,LOC-007,2026-08-31,169,726,24.2
DEM-002596,MED-014,LOC-007,2026-08-30,242,1035,34.5
DEM-002597,MED-014,LOC-007,2026-08-29,230,984,32.8
DEM-002598,MED-014,LOC-007,2026-08-28,152,651,21.7
DEM-002599,MED-014,LOC-007,2026-08-27,252,1080,36.0
DEM-002600,MED-014,LOC-007,2026-08-26,202,867,28.9
DEM-002601,MED-014,LOC-007,2026-08-25,228,978,32.6
DEM-002602,MED-014,LOC-007,2026-08-24,253,1083,36.1
DEM-002603,MED-014,LOC-007,2026-08-23,250,1071,35.7
DEM-002604,MED-014,LOC-008,2026-09-10,101,394,13.5
DEM-002605,MED-014,LOC-008,2026-09-09,113,486,16.2
DEM-002606,MED-014,LOC-008,2026-09-08,118,507,16.9
DEM-002607,MED-014,LOC-008,2026-09-07,74,315,10.5
DEM-002608,MED-014,LOC-008,2026-09-06,122,525,17.5
DEM-002609,MED-014,LOC-008,2026-09-05,83,354,11.8
DEM-002610,MED-014,LOC-008,2026-09-04,115,492,16.4
DEM-002611,MED-014,LOC-008,2026-09-03,112,480,16.0
DEM-002612,MED-014,LOC-008,2026-09-02,90,384,12.8
DEM-002613,MED-014,LOC-008,2026-09-01,115,492,16.4
DEM-002614,MED-014,LOC-008,2026-08-31,115,492,16.4
DEM-002615,MED-014,LOC-008,2026-08-30,80,342,11.4
DEM-002616,MED-014,LOC-008,2026-08-29,102,435,14.5
DEM-002617,MED-014,LOC-008,2026-08-28,113,483,16.1
DEM-002618,MED-014,LOC-008,2026-08-27,107,459,15.3
DEM-002619,MED-014,LOC-008,2026-08-26,118,507,16.9
DEM-002620,MED-014,LOC-008,2026-08-25,72,309,10.3
DEM-002621,MED-014,LOC-008,2026-08-24,107,459,15.3
DEM-002622,MED-014,LOC-008,2026-08-23,120,516,17.2
DEM-002623,MED-014,LOC-009,2026-09-10,186,733,25.5
DEM-002624,MED-014,LOC-009,2026-09-09,231,990,33.0
DEM-002625,MED-014,LOC-009,2026-09-08,220,945,31.5
DEM-002626,MED-014,LOC-009,2026-09-07,182,780,26.0
DEM-002627,MED-014,LOC-009,2026-09-06,164,705,23.5
DEM-002628,MED-014,LOC-009,2026-09-05,182,780,26.0
DEM-002629,MED-014,LOC-009,2026-09-04,143,612,20.4
DEM-002630,MED-014,LOC-009,2026-09-03,157,672,22.4
DEM-002631,MED-014,LOC-009,2026-09-02,155,666,22.2
DEM-002632,MED-014,LOC-009,2026-09-01,186,795,26.5
DEM-002633,MED-014,LOC-009,2026-08-31,134,573,19.1
DEM-002634,MED-014,LOC-009,2026-08-30,224,960,32.0
DEM-002635,MED-014,LOC-009,2026-08-29,154,660,22.0
DEM-002636,MED-014,LOC-009,2026-08-28,147,630,21.0
DEM-002637,MED-014,LOC-009,2026-08-27,204,876,29.2
DEM-002638,MED-014,LOC-009,2026-08-26,224,960,32.0
DEM-002639,MED-014,LOC-009,2026-08-25,217,930,31.0
DEM-002640,MED-014,LOC-009,2026-08-24,166,711,23.7
DEM-002641,MED-014,LOC-009,2026-08-23,136,582,19.4
DEM-002642,MED-014,LOC-010,2026-09-10,204,832,25.8
DEM-002643,MED-014,LOC-010,2026-09-09,220,942,31.4
DEM-002644,MED-014,LOC-010,2026-09-08,221,948,31.6
DEM-002645,MED-014,LOC-010,2026-09-07,231,990,33.0
DEM-002646,MED-014,LOC-010,2026-09-06,173,741,24.7
DEM-002647,MED-014,LOC-010,2026-09-05,229,981,32.7
DEM-002648,MED-014,LOC-010,2026-09-04,175,750,25.0
DEM-002649,MED-014,LOC-010,2026-09-03,146,624,20.8
DEM-002650,MED-014,LOC-010,2026-09-02,165,708,23.6
DEM-002651,MED-014,LOC-010,2026-09-01,149,639,21.3
DEM-002652,MED-014,LOC-010,2026-08-31,151,648,21.6
DEM-002653,MED-014,LOC-010,2026-08-30,230,984,32.8
DEM-002654,MED-014,LOC-010,2026-08-29,214,918,30.6
DEM-002655,MED-014,LOC-010,2026-08-28,231,990,33.0
DEM-002656,MED-014,LOC-010,2026-08-27,200,858,28.6
DEM-002657,MED-014,LOC-010,2026-08-26,153,654,21.8
DEM-002658,MED-014,LOC-010,2026-08-25,232,993,33.1
DEM-002659,MED-014,LOC-010,2026-08-24,204,876,29.2
DEM-002660,MED-014,LOC-010,2026-08-23,228,975,32.5
DEM-002661,MED-015,LOC-001,2026-09-10,240,940,32.8
DEM-002662,MED-015,LOC-001,2026-09-09,211,903,30.1
DEM-002663,MED-015,LOC-001,2026-09-08,259,1110,37.0
DEM-002664,MED-015,LOC-001,2026-09-07,188,807,26.9
DEM-002665,MED-015,LOC-001,2026-09-06,264,1131,37.7
DEM-002666,MED-015,LOC-001,2026-09-05,292,1251,41.7
DEM-002667,MED-015,LOC-001,2026-09-04,292,1251,41.7
DEM-002668,MED-015,LOC-001,2026-09-03,222,951,31.7
DEM-002669,MED-015,LOC-001,2026-09-02,298,1275,42.5
DEM-002670,MED-015,LOC-001,2026-09-01,294,1260,42.0
DEM-002671,MED-015,LOC-001,2026-08-31,176,756,25.2
DEM-002672,MED-015,LOC-001,2026-08-30,248,1065,35.5
DEM-002673,MED-015,LOC-001,2026-08-29,288,1236,41.2
DEM-002674,MED-015,LOC-001,2026-08-28,295,1263,42.1
DEM-002675,MED-015,LOC-001,2026-08-27,200,858,28.6
DEM-002676,MED-015,LOC-001,2026-08-26,244,1044,34.8
DEM-002677,MED-015,LOC-001,2026-08-25,290,1245,41.5
DEM-002678,MED-015,LOC-001,2026-08-24,190,813,27.1
DEM-002679,MED-015,LOC-001,2026-08-23,266,1140,38.0
DEM-002680,MED-015,LOC-002,2026-09-10,182,649,22.7
DEM-002681,MED-015,LOC-002,2026-09-09,197,843,28.1
DEM-002682,MED-015,LOC-002,2026-09-08,127,543,18.1
DEM-002683,MED-015,LOC-002,2026-09-07,181,777,25.9
DEM-002684,MED-015,LOC-002,2026-09-06,175,750,25.0
DEM-002685,MED-015,LOC-002,2026-09-05,197,843,28.1
DEM-002686,MED-015,LOC-002,2026-09-04,158,678,22.6
DEM-002687,MED-015,LOC-002,2026-09-03,142,609,20.3
DEM-002688,MED-015,LOC-002,2026-09-02,141,603,20.1
DEM-002689,MED-015,LOC-002,2026-09-01,125,537,17.9
DEM-002690,MED-015,LOC-002,2026-08-31,141,606,20.2
DEM-002691,MED-015,LOC-002,2026-08-30,129,552,18.4
DEM-002692,MED-015,LOC-002,2026-08-29,119,510,17.0
DEM-002693,MED-015,LOC-002,2026-08-28,153,654,21.8
DEM-002694,MED-015,LOC-002,2026-08-27,183,786,26.2
DEM-002695,MED-015,LOC-002,2026-08-26,204,873,29.1
DEM-002696,MED-015,LOC-002,2026-08-25,197,843,28.1
DEM-002697,MED-015,LOC-002,2026-08-24,162,696,23.2
DEM-002698,MED-015,LOC-002,2026-08-23,153,654,21.8
DEM-002699,MED-015,LOC-003,2026-09-10,242,1137,37.3
DEM-002700,MED-015,LOC-003,2026-09-09,320,1371,45.7
DEM-002701,MED-015,LOC-003,2026-09-08,289,1239,41.3
DEM-002702,MED-015,LOC-003,2026-09-07,295,1263,42.1
DEM-002703,MED-015,LOC-003,2026-09-06,219,939,31.3
DEM-002704,MED-015,LOC-003,2026-09-05,206,885,29.5
DEM-002705,MED-015,LOC-003,2026-09-04,317,1359,45.3
DEM-002706,MED-015,LOC-003,2026-09-03,238,1020,34.0
DEM-002707,MED-015,LOC-003,2026-09-02,242,1035,34.5
DEM-002708,MED-015,LOC-003,2026-09-01,332,1425,47.5
DEM-002709,MED-015,LOC-003,2026-08-31,206,885,29.5
DEM-002710,MED-015,LOC-003,2026-08-30,220,945,31.5
DEM-002711,MED-015,LOC-003,2026-08-29,250,1071,35.7
DEM-002712,MED-015,LOC-003,2026-08-28,301,1290,43.0
DEM-002713,MED-015,LOC-003,2026-08-27,274,1176,39.2
DEM-002714,MED-015,LOC-003,2026-08-26,325,1392,46.4
DEM-002715,MED-015,LOC-003,2026-08-25,209,897,29.9
DEM-002716,MED-015,LOC-003,2026-08-24,281,1206,40.2
DEM-002717,MED-015,LOC-003,2026-08-23,284,1218,40.6
DEM-002718,MED-015,LOC-004,2026-09-10,159,831,25.0
DEM-002719,MED-015,LOC-004,2026-09-09,147,630,21.0
DEM-002720,MED-015,LOC-004,2026-09-08,217,930,31.0
DEM-002721,MED-015,LOC-004,2026-09-07,146,627,20.9
DEM-002722,MED-015,LOC-004,2026-09-06,141,603,20.1
DEM-002723,MED-015,LOC-004,2026-09-05,151,648,21.6
DEM-002724,MED-015,LOC-004,2026-09-04,150,642,21.4
DEM-002725,MED-015,LOC-004,2026-09-03,198,849,28.3
DEM-002726,MED-015,LOC-004,2026-09-02,201,861,28.7
DEM-002727,MED-015,LOC-004,2026-09-01,202,864,28.8
DEM-002728,MED-015,LOC-004,2026-08-31,157,672,22.4
DEM-002729,MED-015,LOC-004,2026-08-30,158,678,22.6
DEM-002730,MED-015,LOC-004,2026-08-29,154,660,22.0
DEM-002731,MED-015,LOC-004,2026-08-28,136,582,19.4
DEM-002732,MED-015,LOC-004,2026-08-27,186,798,26.6
DEM-002733,MED-015,LOC-004,2026-08-26,212,909,30.3
DEM-002734,MED-015,LOC-004,2026-08-25,146,627,20.9
DEM-002735,MED-015,LOC-004,2026-08-24,166,711,23.7
DEM-002736,MED-015,LOC-004,2026-08-23,172,738,24.6
DEM-002737,MED-015,LOC-005,2026-09-10,252,1055,33.8
DEM-002738,MED-015,LOC-005,2026-09-09,204,873,29.1
DEM-002739,MED-015,LOC-005,2026-09-08,181,774,25.8
DEM-002740,MED-015,LOC-005,2026-09-07,200,855,28.5
DEM-002741,MED-015,LOC-005,2026-09-06,216,924,30.8
DEM-002742,MED-015,LOC-005,2026-09-05,188,807,26.9
DEM-002743,MED-015,LOC-005,2026-09-04,287,1230,41.0
DEM-002744,MED-015,LOC-005,2026-09-03,218,933,31.1
DEM-002745,MED-015,LOC-005,2026-09-02,229,981,32.7
DEM-002746,MED-015,LOC-005,2026-09-01,241,1032,34.4
DEM-002747,MED-015,LOC-005,2026-08-31,263,1128,37.6
DEM-002748,MED-015,LOC-005,2026-08-30,189,810,27.0
DEM-002749,MED-015,LOC-005,2026-08-29,248,1065,35.5
DEM-002750,MED-015,LOC-005,2026-08-28,202,864,28.8
DEM-002751,MED-015,LOC-005,2026-08-27,293,1254,41.8
DEM-002752,MED-015,LOC-005,2026-08-26,225,966,32.2
DEM-002753,MED-015,LOC-005,2026-08-25,235,1008,33.6
DEM-002754,MED-015,LOC-005,2026-08-24,211,906,30.2
DEM-002755,MED-015,LOC-005,2026-08-23,238,1020,34.0
DEM-002756,MED-015,LOC-006,2026-09-10,97,403,14.4
DEM-002757,MED-015,LOC-006,2026-09-09,118,504,16.8
DEM-002758,MED-015,LOC-006,2026-09-08,113,483,16.1
DEM-002759,MED-015,LOC-006,2026-09-07,80,345,11.5
DEM-002760,MED-015,LOC-006,2026-09-06,94,405,13.5
DEM-002761,MED-015,LOC-006,2026-09-05,106,453,15.1
DEM-002762,MED-015,LOC-006,2026-09-04,130,555,18.5
DEM-002763,MED-015,LOC-006,2026-09-03,108,465,15.5
DEM-002764,MED-015,LOC-006,2026-09-02,106,456,15.2
DEM-002765,MED-015,LOC-006,2026-09-01,122,525,17.5
DEM-002766,MED-015,LOC-006,2026-08-31,121,519,17.3
DEM-002767,MED-015,LOC-006,2026-08-30,99,423,14.1
DEM-002768,MED-015,LOC-006,2026-08-29,105,450,15.0
DEM-002769,MED-015,LOC-006,2026-08-28,124,531,17.7
DEM-002770,MED-015,LOC-006,2026-08-27,102,438,14.6
DEM-002771,MED-015,LOC-006,2026-08-26,125,534,17.8
DEM-002772,MED-015,LOC-006,2026-08-25,102,438,14.6
DEM-002773,MED-015,LOC-006,2026-08-24,80,342,11.4
DEM-002774,MED-015,LOC-006,2026-08-23,125,537,17.9
DEM-002775,MED-015,LOC-007,2026-09-10,195,898,27.2
DEM-002776,MED-015,LOC-007,2026-09-09,227,972,32.4
DEM-002777,MED-015,LOC-007,2026-09-08,214,915,30.5
DEM-002778,MED-015,LOC-007,2026-09-07,208,891,29.7
DEM-002779,MED-015,LOC-007,2026-09-06,155,666,22.2
DEM-002780,MED-015,LOC-007,2026-09-05,222,951,31.7
DEM-002781,MED-015,LOC-007,2026-09-04,161,690,23.0
DEM-002782,MED-015,LOC-007,2026-09-03,246,1053,35.1
DEM-002783,MED-015,LOC-007,2026-09-02,244,1047,34.9
DEM-002784,MED-015,LOC-007,2026-09-01,228,975,32.5
DEM-002785,MED-015,LOC-007,2026-08-31,156,669,22.3
DEM-002786,MED-015,LOC-007,2026-08-30,187,801,26.7
DEM-002787,MED-015,LOC-007,2026-08-29,246,1056,35.2
DEM-002788,MED-015,LOC-007,2026-08-28,188,807,26.9
DEM-002789,MED-015,LOC-007,2026-08-27,247,1059,35.3
DEM-002790,MED-015,LOC-007,2026-08-26,209,894,29.8
DEM-002791,MED-015,LOC-007,2026-08-25,230,987,32.9
DEM-002792,MED-015,LOC-007,2026-08-24,170,729,24.3
DEM-002793,MED-015,LOC-007,2026-08-23,238,1020,34.0
DEM-002794,MED-015,LOC-008,2026-09-10,119,557,18.6
DEM-002795,MED-015,LOC-008,2026-09-09,126,540,18.0
DEM-002796,MED-015,LOC-008,2026-09-08,121,519,17.3
DEM-002797,MED-015,LOC-008,2026-09-07,118,504,16.8
DEM-002798,MED-015,LOC-008,2026-09-06,130,558,18.6
DEM-002799,MED-015,LOC-008,2026-09-05,160,687,22.9
DEM-002800,MED-015,LOC-008,2026-09-04,154,660,22.0
DEM-002801,MED-015,LOC-008,2026-09-03,142,609,20.3
DEM-002802,MED-015,LOC-008,2026-09-02,135,579,19.3
DEM-002803,MED-015,LOC-008,2026-09-01,127,546,18.2
DEM-002804,MED-015,LOC-008,2026-08-31,127,546,18.2
DEM-002805,MED-015,LOC-008,2026-08-30,108,465,15.5
DEM-002806,MED-015,LOC-008,2026-08-29,140,600,20.0
DEM-002807,MED-015,LOC-008,2026-08-28,152,651,21.7
DEM-002808,MED-015,LOC-008,2026-08-27,165,708,23.6
DEM-002809,MED-015,LOC-008,2026-08-26,164,702,23.4
DEM-002810,MED-015,LOC-008,2026-08-25,138,591,19.7
DEM-002811,MED-015,LOC-008,2026-08-24,105,450,15.0
DEM-002812,MED-015,LOC-008,2026-08-23,118,507,16.9
DEM-002813,MED-015,LOC-009,2026-09-10,176,767,25.5
DEM-002814,MED-015,LOC-009,2026-09-09,172,735,24.5
DEM-002815,MED-015,LOC-009,2026-09-08,181,777,25.9
DEM-002816,MED-015,LOC-009,2026-09-07,194,831,27.7
DEM-002817,MED-015,LOC-009,2026-09-06,138,591,19.7
DEM-002818,MED-015,LOC-009,2026-09-05,161,690,23.0
DEM-002819,MED-015,LOC-009,2026-09-04,148,633,21.1
DEM-002820,MED-015,LOC-009,2026-09-03,194,831,27.7
DEM-002821,MED-015,LOC-009,2026-09-02,202,867,28.9
DEM-002822,MED-015,LOC-009,2026-09-01,138,591,19.7
DEM-002823,MED-015,LOC-009,2026-08-31,221,948,31.6
DEM-002824,MED-015,LOC-009,2026-08-30,167,714,23.8
DEM-002825,MED-015,LOC-009,2026-08-29,158,675,22.5
DEM-002826,MED-015,LOC-009,2026-08-28,207,888,29.6
DEM-002827,MED-015,LOC-009,2026-08-27,224,960,32.0
DEM-002828,MED-015,LOC-009,2026-08-26,222,951,31.7
DEM-002829,MED-015,LOC-009,2026-08-25,136,582,19.4
DEM-002830,MED-015,LOC-009,2026-08-24,214,918,30.6
DEM-002831,MED-015,LOC-009,2026-08-23,164,702,23.4
DEM-002832,MED-015,LOC-010,2026-09-10,165,734,23.1
DEM-002833,MED-015,LOC-010,2026-09-09,130,558,18.6
DEM-002834,MED-015,LOC-010,2026-09-08,199,852,28.4
DEM-002835,MED-015,LOC-010,2026-09-07,133,570,19.0
DEM-002836,MED-015,LOC-010,2026-09-06,208,891,29.7
DEM-002837,MED-015,LOC-010,2026-09-05,161,690,23.0
DEM-002838,MED-015,LOC-010,2026-09-04,195,834,27.8
DEM-002839,MED-015,LOC-010,2026-09-03,145,621,20.7
DEM-002840,MED-015,LOC-010,2026-09-02,158,678,22.6
DEM-002841,MED-015,LOC-010,2026-09-01,178,765,25.5
DEM-002842,MED-015,LOC-010,2026-08-31,138,591,19.7
DEM-002843,MED-015,LOC-010,2026-08-30,140,600,20.0
DEM-002844,MED-015,LOC-010,2026-08-29,195,834,27.8
DEM-002845,MED-015,LOC-010,2026-08-28,187,801,26.7
DEM-002846,MED-015,LOC-010,2026-08-27,189,810,27.0
DEM-002847,MED-015,LOC-010,2026-08-26,198,849,28.3
DEM-002848,MED-015,LOC-010,2026-08-25,195,834,27.8
DEM-002849,MED-015,LOC-010,2026-08-24,167,717,23.9
DEM-002850,MED-015,LOC-010,2026-08-23,135,579,19.3
DEM-002851,MED-016,LOC-001,2026-09-10,161,808,24.7
DEM-002852,MED-016,LOC-001,2026-09-09,214,915,30.5
DEM-002853,MED-016,LOC-001,2026-09-08,132,567,18.9
DEM-002854,MED-016,LOC-001,2026-09-07,148,633,21.1
DEM-002855,MED-016,LOC-001,2026-09-06,209,894,29.8
DEM-002856,MED-016,LOC-001,2026-09-05,209,897,29.9
DEM-002857,MED-016,LOC-001,2026-09-04,153,657,21.9
DEM-002858,MED-016,LOC-001,2026-09-03,173,741,24.7
DEM-002859,MED-016,LOC-001,2026-09-02,217,930,31.0
DEM-002860,MED-016,LOC-001,2026-09-01,197,843,28.1
DEM-002861,MED-016,LOC-001,2026-08-31,155,666,22.2
DEM-002862,MED-016,LOC-001,2026-08-30,208,891,29.7
DEM-002863,MED-016,LOC-001,2026-08-29,178,762,25.4
DEM-002864,MED-016,LOC-001,2026-08-28,190,816,27.2
DEM-002865,MED-016,LOC-001,2026-08-27,141,606,20.2
DEM-002866,MED-016,LOC-001,2026-08-26,132,567,18.9
DEM-002867,MED-016,LOC-001,2026-08-25,165,708,23.6
DEM-002868,MED-016,LOC-001,2026-08-24,186,798,26.6
DEM-002869,MED-016,LOC-001,2026-08-23,146,627,20.9
DEM-002870,MED-016,LOC-002,2026-09-10,141,573,19.3
DEM-002871,MED-016,LOC-002,2026-09-09,113,486,16.2
DEM-002872,MED-016,LOC-002,2026-09-08,168,720,24.0
DEM-002873,MED-016,LOC-002,2026-09-07,157,672,22.4
DEM-002874,MED-016,LOC-002,2026-09-06,153,654,21.8
DEM-002875,MED-016,LOC-002,2026-09-05,122,525,17.5
DEM-002876,MED-016,LOC-002,2026-09-04,130,558,18.6
DEM-002877,MED-016,LOC-002,2026-09-03,113,486,16.2
DEM-002878,MED-016,LOC-002,2026-09-02,144,615,20.5
DEM-002879,MED-016,LOC-002,2026-09-01,173,741,24.7
DEM-002880,MED-016,LOC-002,2026-08-31,165,708,23.6
DEM-002881,MED-016,LOC-002,2026-08-30,149,639,21.3
DEM-002882,MED-016,LOC-002,2026-08-29,152,651,21.7
DEM-002883,MED-016,LOC-002,2026-08-28,121,519,17.3
DEM-002884,MED-016,LOC-002,2026-08-27,132,564,18.8
DEM-002885,MED-016,LOC-002,2026-08-26,103,441,14.7
DEM-002886,MED-016,LOC-002,2026-08-25,160,684,22.8
DEM-002887,MED-016,LOC-002,2026-08-24,158,678,22.6
DEM-002888,MED-016,LOC-002,2026-08-23,102,438,14.6
DEM-002889,MED-016,LOC-003,2026-09-10,212,889,28.5
DEM-002890,MED-016,LOC-003,2026-09-09,150,645,21.5
DEM-002891,MED-016,LOC-003,2026-09-08,177,759,25.3
DEM-002892,MED-016,LOC-003,2026-09-07,238,1020,34.0
DEM-002893,MED-016,LOC-003,2026-09-06,183,786,26.2
DEM-002894,MED-016,LOC-003,2026-09-05,256,1095,36.5
DEM-002895,MED-016,LOC-003,2026-09-04,220,942,31.4
DEM-002896,MED-016,LOC-003,2026-09-03,196,840,28.0
DEM-002897,MED-016,LOC-003,2026-09-02,191,819,27.3
DEM-002898,MED-016,LOC-003,2026-09-01,188,804,26.8
DEM-002899,MED-016,LOC-003,2026-08-31,177,759,25.3
DEM-002900,MED-016,LOC-003,2026-08-30,201,861,28.7
DEM-002901,MED-016,LOC-003,2026-08-29,224,960,32.0
DEM-002902,MED-016,LOC-003,2026-08-28,240,1029,34.3
DEM-002903,MED-016,LOC-003,2026-08-27,193,828,27.6
DEM-002904,MED-016,LOC-003,2026-08-26,161,690,23.0
DEM-002905,MED-016,LOC-003,2026-08-25,206,882,29.4
DEM-002906,MED-016,LOC-003,2026-08-24,223,954,31.8
DEM-002907,MED-016,LOC-003,2026-08-23,242,1038,34.6
DEM-002908,MED-016,LOC-004,2026-09-10,120,503,16.1
DEM-002909,MED-016,LOC-004,2026-09-09,103,441,14.7
DEM-002910,MED-016,LOC-004,2026-09-08,91,390,13.0
DEM-002911,MED-016,LOC-004,2026-09-07,88,378,12.6
DEM-002912,MED-016,LOC-004,2026-09-06,146,624,20.8
DEM-002913,MED-016,LOC-004,2026-09-05,124,531,17.7
DEM-002914,MED-016,LOC-004,2026-09-04,138,591,19.7
DEM-002915,MED-016,LOC-004,2026-09-03,101,432,14.4
DEM-002916,MED-016,LOC-004,2026-09-02,129,552,18.4
DEM-002917,MED-016,LOC-004,2026-09-01,140,600,20.0
DEM-002918,MED-016,LOC-004,2026-08-31,103,441,14.7
DEM-002919,MED-016,LOC-004,2026-08-30,94,402,13.4
DEM-002920,MED-016,LOC-004,2026-08-29,132,567,18.9
DEM-002921,MED-016,LOC-004,2026-08-28,140,600,20.0
DEM-002922,MED-016,LOC-004,2026-08-27,134,576,19.2
DEM-002923,MED-016,LOC-004,2026-08-26,134,576,19.2
DEM-002924,MED-016,LOC-004,2026-08-25,122,522,17.4
DEM-002925,MED-016,LOC-004,2026-08-24,125,537,17.9
DEM-002926,MED-016,LOC-004,2026-08-23,127,543,18.1
DEM-002927,MED-016,LOC-005,2026-09-10,199,897,26.7
DEM-002928,MED-016,LOC-005,2026-09-09,167,714,23.8
DEM-002929,MED-016,LOC-005,2026-09-08,183,786,26.2
DEM-002930,MED-016,LOC-005,2026-09-07,180,771,25.7
DEM-002931,MED-016,LOC-005,2026-09-06,144,615,20.5
DEM-002932,MED-016,LOC-005,2026-09-05,213,912,30.4
DEM-002933,MED-016,LOC-005,2026-09-04,199,852,28.4
DEM-002934,MED-016,LOC-005,2026-09-03,160,684,22.8
DEM-002935,MED-016,LOC-005,2026-09-02,215,921,30.7
DEM-002936,MED-016,LOC-005,2026-09-01,163,699,23.3
DEM-002937,MED-016,LOC-005,2026-08-31,195,837,27.9
DEM-002938,MED-016,LOC-005,2026-08-30,221,948,31.6
DEM-002939,MED-016,LOC-005,2026-08-29,233,999,33.3
DEM-002940,MED-016,LOC-005,2026-08-28,209,897,29.9
DEM-002941,MED-016,LOC-005,2026-08-27,192,825,27.5
DEM-002942,MED-016,LOC-005,2026-08-26,227,972,32.4
DEM-002943,MED-016,LOC-005,2026-08-25,227,972,32.4
DEM-002944,MED-016,LOC-005,2026-08-24,230,987,32.9
DEM-002945,MED-016,LOC-005,2026-08-23,159,681,22.7
DEM-002946,MED-016,LOC-006,2026-09-10,59,265,9.1
DEM-002947,MED-016,LOC-006,2026-09-09,76,327,10.9
DEM-002948,MED-016,LOC-006,2026-09-08,74,318,10.6
DEM-002949,MED-016,LOC-006,2026-09-07,54,231,7.7
DEM-002950,MED-016,LOC-006,2026-09-06,71,306,10.2
DEM-002951,MED-016,LOC-006,2026-09-05,60,255,8.5
DEM-002952,MED-016,LOC-006,2026-09-04,51,219,7.3
DEM-002953,MED-016,LOC-006,2026-09-03,60,258,8.6
DEM-002954,MED-016,LOC-006,2026-09-02,74,315,10.5
DEM-002955,MED-016,LOC-006,2026-09-01,59,252,8.4
DEM-002956,MED-016,LOC-006,2026-08-31,76,324,10.8
DEM-002957,MED-016,LOC-006,2026-08-30,60,255,8.5
DEM-002958,MED-016,LOC-006,2026-08-29,57,243,8.1
DEM-002959,MED-016,LOC-006,2026-08-28,58,249,8.3
DEM-002960,MED-016,LOC-006,2026-08-27,78,333,11.1
DEM-002961,MED-016,LOC-006,2026-08-26,64,276,9.2
DEM-002962,MED-016,LOC-006,2026-08-25,78,336,11.2
DEM-002963,MED-016,LOC-006,2026-08-24,68,291,9.7
DEM-002964,MED-016,LOC-006,2026-08-23,81,348,11.6
DEM-002965,MED-016,LOC-007,2026-09-10,112,435,14.2
DEM-002966,MED-016,LOC-007,2026-09-09,122,522,17.4
DEM-002967,MED-016,LOC-007,2026-09-08,95,408,13.6
DEM-002968,MED-016,LOC-007,2026-09-07,91,390,13.0
DEM-002969,MED-016,LOC-007,2026-09-06,78,333,11.1
DEM-002970,MED-016,LOC-007,2026-09-05,121,519,17.3
DEM-002971,MED-016,LOC-007,2026-09-04,82,351,11.7
DEM-002972,MED-016,LOC-007,2026-09-03,85,366,12.2
DEM-002973,MED-016,LOC-007,2026-09-02,97,414,13.8
DEM-002974,MED-016,LOC-007,2026-09-01,106,453,15.1
DEM-002975,MED-016,LOC-007,2026-08-31,124,531,17.7
DEM-002976,MED-016,LOC-007,2026-08-30,99,426,14.2
DEM-002977,MED-016,LOC-007,2026-08-29,92,393,13.1
DEM-002978,MED-016,LOC-007,2026-08-28,113,486,16.2
DEM-002979,MED-016,LOC-007,2026-08-27,117,501,16.7
DEM-002980,MED-016,LOC-007,2026-08-26,102,435,14.5
DEM-002981,MED-016,LOC-007,2026-08-25,109,468,15.6
DEM-002982,MED-016,LOC-007,2026-08-24,84,360,12.0
DEM-002983,MED-016,LOC-007,2026-08-23,109,468,15.6
DEM-002984,MED-016,LOC-008,2026-09-10,59,280,8.7
DEM-002985,MED-016,LOC-008,2026-09-09,51,219,7.3
DEM-002986,MED-016,LOC-008,2026-09-08,71,306,10.2
DEM-002987,MED-016,LOC-008,2026-09-07,62,267,8.9
DEM-002988,MED-016,LOC-008,2026-09-06,71,306,10.2
DEM-002989,MED-016,LOC-008,2026-09-05,48,207,6.9
DEM-002990,MED-016,LOC-008,2026-09-04,66,285,9.5
DEM-002991,MED-016,LOC-008,2026-09-03,67,288,9.6
DEM-002992,MED-016,LOC-008,2026-09-02,60,255,8.5
DEM-002993,MED-016,LOC-008,2026-09-01,78,333,11.1
DEM-002994,MED-016,LOC-008,2026-08-31,59,252,8.4
DEM-002995,MED-016,LOC-008,2026-08-30,47,201,6.7
DEM-002996,MED-016,LOC-008,2026-08-29,52,225,7.5
DEM-002997,MED-016,LOC-008,2026-08-28,58,249,8.3
DEM-002998,MED-016,LOC-008,2026-08-27,46,198,6.6
DEM-002999,MED-016,LOC-008,2026-08-26,57,243,8.1
DEM-003000,MED-016,LOC-008,2026-08-25,74,315,10.5
DEM-003001,MED-016,LOC-008,2026-08-24,52,222,7.4
DEM-003002,MED-016,LOC-008,2026-08-23,69,294,9.8
DEM-003003,MED-016,LOC-009,2026-09-10,120,565,17.8
DEM-003004,MED-016,LOC-009,2026-09-09,117,501,16.7
DEM-003005,MED-016,LOC-009,2026-09-08,102,438,14.6
DEM-003006,MED-016,LOC-009,2026-09-07,120,513,17.1
DEM-003007,MED-016,LOC-009,2026-09-06,134,573,19.1
DEM-003008,MED-016,LOC-009,2026-09-05,105,450,15.0
DEM-003009,MED-016,LOC-009,2026-09-04,150,642,21.4
DEM-003010,MED-016,LOC-009,2026-09-03,114,489,16.3
DEM-003011,MED-016,LOC-009,2026-09-02,113,486,16.2
DEM-003012,MED-016,LOC-009,2026-09-01,144,615,20.5
DEM-003013,MED-016,LOC-009,2026-08-31,134,576,19.2
DEM-003014,MED-016,LOC-009,2026-08-30,117,501,16.7
DEM-003015,MED-016,LOC-009,2026-08-29,154,660,22.0
DEM-003016,MED-016,LOC-009,2026-08-28,162,693,23.1
DEM-003017,MED-016,LOC-009,2026-08-27,117,501,16.7
DEM-003018,MED-016,LOC-009,2026-08-26,155,666,22.2
DEM-003019,MED-016,LOC-009,2026-08-25,118,507,16.9
DEM-003020,MED-016,LOC-009,2026-08-24,106,456,15.2
DEM-003021,MED-016,LOC-009,2026-08-23,158,678,22.6
DEM-003022,MED-016,LOC-010,2026-09-10,137,568,19.6
DEM-003023,MED-016,LOC-010,2026-09-09,158,675,22.5
DEM-003024,MED-016,LOC-010,2026-09-08,113,483,16.1
DEM-003025,MED-016,LOC-010,2026-09-07,158,678,22.6
DEM-003026,MED-016,LOC-010,2026-09-06,148,633,21.1
DEM-003027,MED-016,LOC-010,2026-09-05,116,495,16.5
DEM-003028,MED-016,LOC-010,2026-09-04,131,561,18.7
DEM-003029,MED-016,LOC-010,2026-09-03,152,651,21.7
DEM-003030,MED-016,LOC-010,2026-09-02,106,453,15.1
DEM-003031,MED-016,LOC-010,2026-09-01,169,723,24.1
DEM-003032,MED-016,LOC-010,2026-08-31,122,525,17.5
DEM-003033,MED-016,LOC-010,2026-08-30,144,615,20.5
DEM-003034,MED-016,LOC-010,2026-08-29,106,456,15.2
DEM-003035,MED-016,LOC-010,2026-08-28,178,762,25.4
DEM-003036,MED-016,LOC-010,2026-08-27,153,654,21.8
DEM-003037,MED-016,LOC-010,2026-08-26,152,651,21.7
DEM-003038,MED-016,LOC-010,2026-08-25,104,447,14.9
DEM-003039,MED-016,LOC-010,2026-08-24,155,663,22.1
DEM-003040,MED-016,LOC-010,2026-08-23,134,576,19.2
DEM-003041,MED-017,LOC-001,2026-09-10,192,767,26.9
DEM-003042,MED-017,LOC-001,2026-09-09,214,915,30.5
DEM-003043,MED-017,LOC-001,2026-09-08,206,885,29.5
DEM-003044,MED-017,LOC-001,2026-09-07,172,738,24.6
DEM-003045,MED-017,LOC-001,2026-09-06,210,900,30.0
DEM-003046,MED-017,LOC-001,2026-09-05,210,900,30.0
DEM-003047,MED-017,LOC-001,2026-09-04,169,726,24.2
DEM-003048,MED-017,LOC-001,2026-09-03,204,873,29.1
DEM-003049,MED-017,LOC-001,2026-09-02,155,666,22.2
DEM-003050,MED-017,LOC-001,2026-09-01,228,975,32.5
DEM-003051,MED-017,LOC-001,2026-08-31,152,651,21.7
DEM-003052,MED-017,LOC-001,2026-08-30,216,924,30.8
DEM-003053,MED-017,LOC-001,2026-08-29,153,657,21.9
DEM-003054,MED-017,LOC-001,2026-08-28,153,657,21.9
DEM-003055,MED-017,LOC-001,2026-08-27,152,651,21.7
DEM-003056,MED-017,LOC-001,2026-08-26,162,693,23.1
DEM-003057,MED-017,LOC-001,2026-08-25,162,693,23.1
DEM-003058,MED-017,LOC-001,2026-08-24,169,723,24.1
DEM-003059,MED-017,LOC-001,2026-08-23,195,837,27.9
DEM-003060,MED-017,LOC-002,2026-09-10,121,473,16.1
DEM-003061,MED-017,LOC-002,2026-09-09,87,372,12.4
DEM-003062,MED-017,LOC-002,2026-09-08,116,495,16.5
DEM-003063,MED-017,LOC-002,2026-09-07,97,417,13.9
DEM-003064,MED-017,LOC-002,2026-09-06,142,609,20.3
DEM-003065,MED-017,LOC-002,2026-09-05,105,450,15.0
DEM-003066,MED-017,LOC-002,2026-09-04,85,363,12.1
DEM-003067,MED-017,LOC-002,2026-09-03,126,540,18.0
DEM-003068,MED-017,LOC-002,2026-09-02,141,603,20.1
DEM-003069,MED-017,LOC-002,2026-09-01,136,585,19.5
DEM-003070,MED-017,LOC-002,2026-08-31,126,540,18.0
DEM-003071,MED-017,LOC-002,2026-08-30,94,402,13.4
DEM-003072,MED-017,LOC-002,2026-08-29,90,387,12.9
DEM-003073,MED-017,LOC-002,2026-08-28,116,498,16.6
DEM-003074,MED-017,LOC-002,2026-08-27,130,555,18.5
DEM-003075,MED-017,LOC-002,2026-08-26,91,390,13.0
DEM-003076,MED-017,LOC-002,2026-08-25,100,429,14.3
DEM-003077,MED-017,LOC-002,2026-08-24,99,423,14.1
DEM-003078,MED-017,LOC-002,2026-08-23,146,624,20.8
DEM-003079,MED-017,LOC-003,2026-09-10,173,685,24.3
DEM-003080,MED-017,LOC-003,2026-09-09,144,618,20.6
DEM-003081,MED-017,LOC-003,2026-09-08,132,564,18.8
DEM-003082,MED-017,LOC-003,2026-09-07,155,663,22.1
DEM-003083,MED-017,LOC-003,2026-09-06,202,867,28.9
DEM-003084,MED-017,LOC-003,2026-09-05,157,672,22.4
DEM-003085,MED-017,LOC-003,2026-09-04,197,843,28.1
DEM-003086,MED-017,LOC-003,2026-09-03,136,585,19.5
DEM-003087,MED-017,LOC-003,2026-09-02,199,852,28.4
DEM-003088,MED-017,LOC-003,2026-09-01,132,564,18.8
DEM-003089,MED-017,LOC-003,2026-08-31,207,888,29.6
DEM-003090,MED-017,LOC-003,2026-08-30,190,813,27.1
DEM-003091,MED-017,LOC-003,2026-08-29,144,615,20.5
DEM-003092,MED-017,LOC-003,2026-08-28,161,690,23.0
DEM-003093,MED-017,LOC-003,2026-08-27,169,723,24.1
DEM-003094,MED-017,LOC-003,2026-08-26,186,795,26.5
DEM-003095,MED-017,LOC-003,2026-08-25,210,900,30.0
DEM-003096,MED-017,LOC-003,2026-08-24,136,585,19.5
DEM-003097,MED-017,LOC-003,2026-08-23,204,873,29.1
DEM-003098,MED-017,LOC-004,2026-09-10,111,531,15.9
DEM-003099,MED-017,LOC-004,2026-09-09,100,429,14.3
DEM-003100,MED-017,LOC-004,2026-09-08,107,459,15.3
DEM-003101,MED-017,LOC-004,2026-09-07,136,582,19.4
DEM-003102,MED-017,LOC-004,2026-09-06,132,567,18.9
DEM-003103,MED-017,LOC-004,2026-09-05,123,528,17.6
DEM-003104,MED-017,LOC-004,2026-09-04,132,567,18.9
DEM-003105,MED-017,LOC-004,2026-09-03,90,387,12.9
DEM-003106,MED-017,LOC-004,2026-09-02,126,540,18.0
DEM-003107,MED-017,LOC-004,2026-09-01,87,372,12.4
DEM-003108,MED-017,LOC-004,2026-08-31,141,606,20.2
DEM-003109,MED-017,LOC-004,2026-08-30,93,399,13.3
DEM-003110,MED-017,LOC-004,2026-08-29,109,468,15.6
DEM-003111,MED-017,LOC-004,2026-08-28,120,513,17.1
DEM-003112,MED-017,LOC-004,2026-08-27,132,567,18.9
DEM-003113,MED-017,LOC-004,2026-08-26,125,537,17.9
DEM-003114,MED-017,LOC-004,2026-08-25,94,405,13.5
DEM-003115,MED-017,LOC-004,2026-08-24,106,456,15.2
DEM-003116,MED-017,LOC-004,2026-08-23,106,453,15.1
DEM-003117,MED-017,LOC-005,2026-09-10,162,705,21.6
DEM-003118,MED-017,LOC-005,2026-09-09,195,834,27.8
DEM-003119,MED-017,LOC-005,2026-09-08,125,534,17.8
DEM-003120,MED-017,LOC-005,2026-09-07,190,813,27.1
DEM-003121,MED-017,LOC-005,2026-09-06,122,525,17.5
DEM-003122,MED-017,LOC-005,2026-09-05,148,633,21.1
DEM-003123,MED-017,LOC-005,2026-09-04,117,501,16.7
DEM-003124,MED-017,LOC-005,2026-09-03,135,579,19.3
DEM-003125,MED-017,LOC-005,2026-09-02,139,597,19.9
DEM-003126,MED-017,LOC-005,2026-09-01,172,738,24.6
DEM-003127,MED-017,LOC-005,2026-08-31,170,729,24.3
DEM-003128,MED-017,LOC-005,2026-08-30,177,759,25.3
DEM-003129,MED-017,LOC-005,2026-08-29,162,693,23.1
DEM-003130,MED-017,LOC-005,2026-08-28,160,687,22.9
DEM-003131,MED-017,LOC-005,2026-08-27,195,834,27.8
DEM-003132,MED-017,LOC-005,2026-08-26,169,726,24.2
DEM-003133,MED-017,LOC-005,2026-08-25,141,606,20.2
DEM-003134,MED-017,LOC-005,2026-08-24,157,672,22.4
DEM-003135,MED-017,LOC-005,2026-08-23,172,735,24.5
DEM-003136,MED-017,LOC-006,2026-09-10,73,285,9.8
DEM-003137,MED-017,LOC-006,2026-09-09,64,276,9.2
DEM-003138,MED-017,LOC-006,2026-09-08,77,330,11.0
DEM-003139,MED-017,LOC-006,2026-09-07,66,282,9.4
DEM-003140,MED-017,LOC-006,2026-09-06,83,357,11.9
DEM-003141,MED-017,LOC-006,2026-09-05,73,312,10.4
DEM-003142,MED-017,LOC-006,2026-09-04,89,381,12.7
DEM-003143,MED-017,LOC-006,2026-09-03,53,228,7.6
DEM-003144,MED-017,LOC-006,2026-09-02,76,324,10.8
DEM-003145,MED-017,LOC-006,2026-09-01,57,246,8.2
DEM-003146,MED-017,LOC-006,2026-08-31,83,357,11.9
DEM-003147,MED-017,LOC-006,2026-08-30,83,357,11.9
DEM-003148,MED-017,LOC-006,2026-08-29,84,360,12.0
DEM-003149,MED-017,LOC-006,2026-08-28,55,234,7.8
DEM-003150,MED-017,LOC-006,2026-08-27,70,300,10.0
DEM-003151,MED-017,LOC-006,2026-08-26,60,258,8.6
DEM-003152,MED-017,LOC-006,2026-08-25,88,378,12.6
DEM-003153,MED-017,LOC-006,2026-08-24,53,228,7.6
DEM-003154,MED-017,LOC-006,2026-08-23,60,258,8.6
DEM-003155,MED-017,LOC-007,2026-09-10,134,554,19.1
DEM-003156,MED-017,LOC-007,2026-09-09,134,573,19.1
DEM-003157,MED-017,LOC-007,2026-09-08,159,681,22.7
DEM-003158,MED-017,LOC-007,2026-09-07,133,570,19.0
DEM-003159,MED-017,LOC-007,2026-09-06,163,699,23.3
DEM-003160,MED-017,LOC-007,2026-09-05,133,570,19.0
DEM-003161,MED-017,LOC-007,2026-09-04,109,468,15.6
DEM-003162,MED-017,LOC-007,2026-09-03,136,585,19.5
DEM-003163,MED-017,LOC-007,2026-09-02,148,636,21.2
DEM-003164,MED-017,LOC-007,2026-09-01,108,462,15.4
DEM-003165,MED-017,LOC-007,2026-08-31,131,561,18.7
DEM-003166,MED-017,LOC-007,2026-08-30,141,606,20.2
DEM-003167,MED-017,LOC-007,2026-08-29,100,429,14.3
DEM-003168,MED-017,LOC-007,2026-08-28,107,459,15.3
DEM-003169,MED-017,LOC-007,2026-08-27,145,621,20.7
DEM-003170,MED-017,LOC-007,2026-08-26,146,624,20.8
DEM-003171,MED-017,LOC-007,2026-08-25,122,525,17.5
DEM-003172,MED-017,LOC-007,2026-08-24,138,591,19.7
DEM-003173,MED-017,LOC-007,2026-08-23,116,495,16.5
DEM-003174,MED-017,LOC-008,2026-09-10,98,366,12.3
DEM-003175,MED-017,LOC-008,2026-09-09,67,288,9.6
DEM-003176,MED-017,LOC-008,2026-09-08,75,321,10.7
DEM-003177,MED-017,LOC-008,2026-09-07,86,369,12.3
DEM-003178,MED-017,LOC-008,2026-09-06,91,390,13.0
DEM-003179,MED-017,LOC-008,2026-09-05,94,402,13.4
DEM-003180,MED-017,LOC-008,2026-09-04,87,372,12.4
DEM-003181,MED-017,LOC-008,2026-09-03,96,411,13.7
DEM-003182,MED-017,LOC-008,2026-09-02,99,423,14.1
DEM-003183,MED-017,LOC-008,2026-09-01,70,300,10.0
DEM-003184,MED-017,LOC-008,2026-08-31,101,432,14.4
DEM-003185,MED-017,LOC-008,2026-08-30,75,321,10.7
DEM-003186,MED-017,LOC-008,2026-08-29,80,345,11.5
DEM-003187,MED-017,LOC-008,2026-08-28,104,444,14.8
DEM-003188,MED-017,LOC-008,2026-08-27,110,471,15.7
DEM-003189,MED-017,LOC-008,2026-08-26,78,336,11.2
DEM-003190,MED-017,LOC-008,2026-08-25,90,384,12.8
DEM-003191,MED-017,LOC-008,2026-08-24,98,420,14.0
DEM-003192,MED-017,LOC-008,2026-08-23,66,285,9.5
DEM-003193,MED-017,LOC-009,2026-09-10,103,504,15.8
DEM-003194,MED-017,LOC-009,2026-09-09,127,543,18.1
DEM-003195,MED-017,LOC-009,2026-09-08,90,384,12.8
DEM-003196,MED-017,LOC-009,2026-09-07,120,516,17.2
DEM-003197,MED-017,LOC-009,2026-09-06,94,405,13.5
DEM-003198,MED-017,LOC-009,2026-09-05,139,597,19.9
DEM-003199,MED-017,LOC-009,2026-09-04,107,459,15.3
DEM-003200,MED-017,LOC-009,2026-09-03,111,474,15.8
DEM-003201,MED-017,LOC-009,2026-09-02,130,558,18.6
DEM-003202,MED-017,LOC-009,2026-09-01,127,543,18.1
DEM-003203,MED-017,LOC-009,2026-08-31,90,384,12.8
DEM-003204,MED-017,LOC-009,2026-08-30,108,465,15.5
DEM-003205,MED-017,LOC-009,2026-08-29,139,597,19.9
DEM-003206,MED-017,LOC-009,2026-08-28,134,573,19.1
DEM-003207,MED-017,LOC-009,2026-08-27,119,510,17.0
DEM-003208,MED-017,LOC-009,2026-08-26,130,558,18.6
DEM-003209,MED-017,LOC-009,2026-08-25,111,474,15.8
DEM-003210,MED-017,LOC-009,2026-08-24,123,528,17.6
DEM-003211,MED-017,LOC-009,2026-08-23,141,606,20.2
DEM-003212,MED-017,LOC-010,2026-09-10,112,480,15.6
DEM-003213,MED-017,LOC-010,2026-09-09,85,363,12.1
DEM-003214,MED-017,LOC-010,2026-09-08,138,591,19.7
DEM-003215,MED-017,LOC-010,2026-09-07,132,567,18.9
DEM-003216,MED-017,LOC-010,2026-09-06,111,474,15.8
DEM-003217,MED-017,LOC-010,2026-09-05,113,483,16.1
DEM-003218,MED-017,LOC-010,2026-09-04,137,588,19.6
DEM-003219,MED-017,LOC-010,2026-09-03,92,396,13.2
DEM-003220,MED-017,LOC-010,2026-09-02,117,501,16.7
DEM-003221,MED-017,LOC-010,2026-09-01,126,540,18.0
DEM-003222,MED-017,LOC-010,2026-08-31,90,384,12.8
DEM-003223,MED-017,LOC-010,2026-08-30,105,450,15.0
DEM-003224,MED-017,LOC-010,2026-08-29,118,507,16.9
DEM-003225,MED-017,LOC-010,2026-08-28,135,579,19.3
DEM-003226,MED-017,LOC-010,2026-08-27,112,480,16.0
DEM-003227,MED-017,LOC-010,2026-08-26,105,450,15.0
DEM-003228,MED-017,LOC-010,2026-08-25,141,603,20.1
DEM-003229,MED-017,LOC-010,2026-08-24,137,588,19.6
DEM-003230,MED-017,LOC-010,2026-08-23,127,546,18.2
DEM-003231,MED-018,LOC-001,2026-09-10,223,846,27.9
DEM-003232,MED-018,LOC-001,2026-09-09,161,690,23.0
DEM-003233,MED-018,LOC-001,2026-09-08,191,819,27.3
DEM-003234,MED-018,LOC-001,2026-09-07,222,951,31.7
DEM-003235,MED-018,LOC-001,2026-09-06,227,972,32.4
DEM-003236,MED-018,LOC-001,2026-09-05,178,765,25.5
DEM-003237,MED-018,LOC-001,2026-09-04,222,951,31.7
DEM-003238,MED-018,LOC-001,2026-09-03,239,1023,34.1
DEM-003239,MED-018,LOC-001,2026-09-02,223,954,31.8
DEM-003240,MED-018,LOC-001,2026-09-01,247,1059,35.3
DEM-003241,MED-018,LOC-001,2026-08-31,214,918,30.6
DEM-003242,MED-018,LOC-001,2026-08-30,168,720,24.0
DEM-003243,MED-018,LOC-001,2026-08-29,214,915,30.5
DEM-003244,MED-018,LOC-001,2026-08-28,178,762,25.4
DEM-003245,MED-018,LOC-001,2026-08-27,183,786,26.2
DEM-003246,MED-018,LOC-001,2026-08-26,218,936,31.2
DEM-003247,MED-018,LOC-001,2026-08-25,252,1080,36.0
DEM-003248,MED-018,LOC-001,2026-08-24,216,927,30.9
DEM-003249,MED-018,LOC-001,2026-08-23,249,1068,35.6
DEM-003250,MED-018,LOC-002,2026-09-10,122,481,16.3
DEM-003251,MED-018,LOC-002,2026-09-09,93,399,13.3
DEM-003252,MED-018,LOC-002,2026-09-08,108,462,15.4
DEM-003253,MED-018,LOC-002,2026-09-07,116,495,16.5
DEM-003254,MED-018,LOC-002,2026-09-06,121,519,17.3
DEM-003255,MED-018,LOC-002,2026-09-05,127,546,18.2
DEM-003256,MED-018,LOC-002,2026-09-04,112,480,16.0
DEM-003257,MED-018,LOC-002,2026-09-03,132,567,18.9
DEM-003258,MED-018,LOC-002,2026-09-02,139,594,19.8
DEM-003259,MED-018,LOC-002,2026-09-01,104,444,14.8
DEM-003260,MED-018,LOC-002,2026-08-31,139,594,19.8
DEM-003261,MED-018,LOC-002,2026-08-30,136,585,19.5
DEM-003262,MED-018,LOC-002,2026-08-29,118,507,16.9
DEM-003263,MED-018,LOC-002,2026-08-28,88,375,12.5
DEM-003264,MED-018,LOC-002,2026-08-27,94,405,13.5
DEM-003265,MED-018,LOC-002,2026-08-26,127,546,18.2
DEM-003266,MED-018,LOC-002,2026-08-25,98,420,14.0
DEM-003267,MED-018,LOC-002,2026-08-24,133,570,19.0
DEM-003268,MED-018,LOC-002,2026-08-23,96,411,13.7
DEM-003269,MED-018,LOC-003,2026-09-10,147,711,21.8
DEM-003270,MED-018,LOC-003,2026-09-09,172,738,24.6
DEM-003271,MED-018,LOC-003,2026-09-08,139,597,19.9
DEM-003272,MED-018,LOC-003,2026-09-07,178,762,25.4
DEM-003273,MED-018,LOC-003,2026-09-06,117,501,16.7
DEM-003274,MED-018,LOC-003,2026-09-05,183,783,26.1
DEM-003275,MED-018,LOC-003,2026-09-04,123,528,17.6
DEM-003276,MED-018,LOC-003,2026-09-03,188,804,26.8
DEM-003277,MED-018,LOC-003,2026-09-02,176,756,25.2
DEM-003278,MED-018,LOC-003,2026-09-01,187,801,26.7
DEM-003279,MED-018,LOC-003,2026-08-31,177,759,25.3
DEM-003280,MED-018,LOC-003,2026-08-30,162,693,23.1
DEM-003281,MED-018,LOC-003,2026-08-29,134,576,19.2
DEM-003282,MED-018,LOC-003,2026-08-28,181,774,25.8
DEM-003283,MED-018,LOC-003,2026-08-27,181,777,25.9
DEM-003284,MED-018,LOC-003,2026-08-26,139,594,19.8
DEM-003285,MED-018,LOC-003,2026-08-25,170,729,24.3
DEM-003286,MED-018,LOC-003,2026-08-24,192,825,27.5
DEM-003287,MED-018,LOC-003,2026-08-23,147,630,21.0
DEM-003288,MED-018,LOC-004,2026-09-10,153,563,19.1
DEM-003289,MED-018,LOC-004,2026-09-09,141,603,20.1
DEM-003290,MED-018,LOC-004,2026-09-08,102,435,14.5
DEM-003291,MED-018,LOC-004,2026-09-07,119,510,17.0
DEM-003292,MED-018,LOC-004,2026-09-06,146,624,20.8
DEM-003293,MED-018,LOC-004,2026-09-05,158,675,22.5
DEM-003294,MED-018,LOC-004,2026-09-04,164,705,23.5
DEM-003295,MED-018,LOC-004,2026-09-03,161,690,23.0
DEM-003296,MED-018,LOC-004,2026-09-02,167,717,23.9
DEM-003297,MED-018,LOC-004,2026-09-01,152,651,21.7
DEM-003298,MED-018,LOC-004,2026-08-31,148,633,21.1
DEM-003299,MED-018,LOC-004,2026-08-30,156,669,22.3
DEM-003300,MED-018,LOC-004,2026-08-29,141,603,20.1
DEM-003301,MED-018,LOC-004,2026-08-28,145,621,20.7
DEM-003302,MED-018,LOC-004,2026-08-27,158,675,22.5
DEM-003303,MED-018,LOC-004,2026-08-26,172,735,24.5
DEM-003304,MED-018,LOC-004,2026-08-25,122,522,17.4
DEM-003305,MED-018,LOC-004,2026-08-24,113,486,16.2
DEM-003306,MED-018,LOC-004,2026-08-23,150,645,21.5
DEM-003307,MED-018,LOC-005,2026-09-10,138,641,20.9
DEM-003308,MED-018,LOC-005,2026-09-09,140,600,20.0
DEM-003309,MED-018,LOC-005,2026-09-08,144,618,20.6
DEM-003310,MED-018,LOC-005,2026-09-07,155,663,22.1
DEM-003311,MED-018,LOC-005,2026-09-06,120,516,17.2
DEM-003312,MED-018,LOC-005,2026-09-05,157,672,22.4
DEM-003313,MED-018,LOC-005,2026-09-04,130,558,18.6
DEM-003314,MED-018,LOC-005,2026-09-03,136,585,19.5
DEM-003315,MED-018,LOC-005,2026-09-02,167,714,23.8
DEM-003316,MED-018,LOC-005,2026-09-01,122,525,17.5
DEM-003317,MED-018,LOC-005,2026-08-31,122,522,17.4
DEM-003318,MED-018,LOC-005,2026-08-30,136,582,19.4
DEM-003319,MED-018,LOC-005,2026-08-29,114,489,16.3
DEM-003320,MED-018,LOC-005,2026-08-28,185,792,26.4
DEM-003321,MED-018,LOC-005,2026-08-27,160,684,22.8
DEM-003322,MED-018,LOC-005,2026-08-26,163,699,23.3
DEM-003323,MED-018,LOC-005,2026-08-25,149,639,21.3
DEM-003324,MED-018,LOC-005,2026-08-24,156,669,22.3
DEM-003325,MED-018,LOC-005,2026-08-23,139,594,19.8
DEM-003326,MED-018,LOC-006,2026-09-10,79,333,11.5
DEM-003327,MED-018,LOC-006,2026-09-09,69,294,9.8
DEM-003328,MED-018,LOC-006,2026-09-08,64,273,9.1
DEM-003329,MED-018,LOC-006,2026-09-07,83,354,11.8
DEM-003330,MED-018,LOC-006,2026-09-06,79,339,11.3
DEM-003331,MED-018,LOC-006,2026-09-05,84,360,12.0
DEM-003332,MED-018,LOC-006,2026-09-04,64,276,9.2
DEM-003333,MED-018,LOC-006,2026-09-03,70,300,10.0
DEM-003334,MED-018,LOC-006,2026-09-02,70,300,10.0
DEM-003335,MED-018,LOC-006,2026-09-01,75,321,10.7
DEM-003336,MED-018,LOC-006,2026-08-31,76,327,10.9
DEM-003337,MED-018,LOC-006,2026-08-30,70,300,10.0
DEM-003338,MED-018,LOC-006,2026-08-29,94,402,13.4
DEM-003339,MED-018,LOC-006,2026-08-28,84,360,12.0
DEM-003340,MED-018,LOC-006,2026-08-27,104,447,14.9
DEM-003341,MED-018,LOC-006,2026-08-26,97,414,13.8
DEM-003342,MED-018,LOC-006,2026-08-25,104,444,14.8
DEM-003343,MED-018,LOC-006,2026-08-24,61,261,8.7
DEM-003344,MED-018,LOC-006,2026-08-23,90,387,12.9
DEM-003345,MED-018,LOC-007,2026-09-10,126,501,16.0
DEM-003346,MED-018,LOC-007,2026-09-09,122,525,17.5
DEM-003347,MED-018,LOC-007,2026-09-08,143,612,20.4
DEM-003348,MED-018,LOC-007,2026-09-07,126,540,18.0
DEM-003349,MED-018,LOC-007,2026-09-06,104,444,14.8
DEM-003350,MED-018,LOC-007,2026-09-05,141,603,20.1
DEM-003351,MED-018,LOC-007,2026-09-04,142,609,20.3
DEM-003352,MED-018,LOC-007,2026-09-03,108,462,15.4
DEM-003353,MED-018,LOC-007,2026-09-02,118,504,16.8
DEM-003354,MED-018,LOC-007,2026-09-01,102,435,14.5
DEM-003355,MED-018,LOC-007,2026-08-31,140,600,20.0
DEM-003356,MED-018,LOC-007,2026-08-30,134,576,19.2
DEM-003357,MED-018,LOC-007,2026-08-29,107,459,15.3
DEM-003358,MED-018,LOC-007,2026-08-28,134,573,19.1
DEM-003359,MED-018,LOC-007,2026-08-27,111,477,15.9
DEM-003360,MED-018,LOC-007,2026-08-26,87,372,12.4
DEM-003361,MED-018,LOC-007,2026-08-25,139,597,19.9
DEM-003362,MED-018,LOC-007,2026-08-24,96,411,13.7
DEM-003363,MED-018,LOC-007,2026-08-23,116,495,16.5
DEM-003364,MED-018,LOC-008,2026-09-10,80,403,12.1
DEM-003365,MED-018,LOC-008,2026-09-09,89,381,12.7
DEM-003366,MED-018,LOC-008,2026-09-08,64,273,9.1
DEM-003367,MED-018,LOC-008,2026-09-07,66,285,9.5
DEM-003368,MED-018,LOC-008,2026-09-06,94,405,13.5
DEM-003369,MED-018,LOC-008,2026-09-05,99,426,14.2
DEM-003370,MED-018,LOC-008,2026-09-04,104,444,14.8
DEM-003371,MED-018,LOC-008,2026-09-03,83,357,11.9
DEM-003372,MED-018,LOC-008,2026-09-02,69,294,9.8
DEM-003373,MED-018,LOC-008,2026-09-01,89,381,12.7
DEM-003374,MED-018,LOC-008,2026-08-31,97,414,13.8
DEM-003375,MED-018,LOC-008,2026-08-30,109,468,15.6
DEM-003376,MED-018,LOC-008,2026-08-29,99,426,14.2
DEM-003377,MED-018,LOC-008,2026-08-28,94,402,13.4
DEM-003378,MED-018,LOC-008,2026-08-27,107,459,15.3
DEM-003379,MED-018,LOC-008,2026-08-26,98,420,14.0
DEM-003380,MED-018,LOC-008,2026-08-25,71,303,10.1
DEM-003381,MED-018,LOC-008,2026-08-24,85,363,12.1
DEM-003382,MED-018,LOC-008,2026-08-23,79,339,11.3
DEM-003383,MED-018,LOC-009,2026-09-10,88,443,13.7
DEM-003384,MED-018,LOC-009,2026-09-09,102,435,14.5
DEM-003385,MED-018,LOC-009,2026-09-08,102,438,14.6
DEM-003386,MED-018,LOC-009,2026-09-07,84,360,12.0
DEM-003387,MED-018,LOC-009,2026-09-06,85,366,12.2
DEM-003388,MED-018,LOC-009,2026-09-05,92,396,13.2
DEM-003389,MED-018,LOC-009,2026-09-04,105,450,15.0
DEM-003390,MED-018,LOC-009,2026-09-03,94,405,13.5
DEM-003391,MED-018,LOC-009,2026-09-02,73,312,10.4
DEM-003392,MED-018,LOC-009,2026-09-01,107,459,15.3
DEM-003393,MED-018,LOC-009,2026-08-31,100,429,14.3
DEM-003394,MED-018,LOC-009,2026-08-30,106,453,15.1
DEM-003395,MED-018,LOC-009,2026-08-29,104,447,14.9
DEM-003396,MED-018,LOC-009,2026-08-28,112,480,16.0
DEM-003397,MED-018,LOC-009,2026-08-27,103,441,14.7
DEM-003398,MED-018,LOC-009,2026-08-26,109,468,15.6
DEM-003399,MED-018,LOC-009,2026-08-25,76,324,10.8
DEM-003400,MED-018,LOC-009,2026-08-24,121,519,17.3
DEM-003401,MED-018,LOC-009,2026-08-23,78,333,11.1
DEM-003402,MED-018,LOC-010,2026-09-10,124,509,18.1
DEM-003403,MED-018,LOC-010,2026-09-09,148,636,21.2
DEM-003404,MED-018,LOC-010,2026-09-08,125,537,17.9
DEM-003405,MED-018,LOC-010,2026-09-07,122,525,17.5
DEM-003406,MED-018,LOC-010,2026-09-06,141,606,20.2
DEM-003407,MED-018,LOC-010,2026-09-05,128,549,18.3
DEM-003408,MED-018,LOC-010,2026-09-04,132,567,18.9
DEM-003409,MED-018,LOC-010,2026-09-03,104,447,14.9
DEM-003410,MED-018,LOC-010,2026-09-02,122,525,17.5
DEM-003411,MED-018,LOC-010,2026-09-01,150,645,21.5
DEM-003412,MED-018,LOC-010,2026-08-31,133,570,19.0
DEM-003413,MED-018,LOC-010,2026-08-30,162,693,23.1
DEM-003414,MED-018,LOC-010,2026-08-29,105,450,15.0
DEM-003415,MED-018,LOC-010,2026-08-28,142,609,20.3
DEM-003416,MED-018,LOC-010,2026-08-27,159,681,22.7
DEM-003417,MED-018,LOC-010,2026-08-26,150,645,21.5
DEM-003418,MED-018,LOC-010,2026-08-25,146,624,20.8
DEM-003419,MED-018,LOC-010,2026-08-24,121,519,17.3
DEM-003420,MED-018,LOC-010,2026-08-23,161,690,23.0
DEM-003421,MED-019,LOC-001,2026-09-10,205,868,31.4
DEM-003422,MED-019,LOC-001,2026-09-09,237,1017,33.9
DEM-003423,MED-019,LOC-001,2026-09-08,230,984,32.8
DEM-003424,MED-019,LOC-001,2026-09-07,279,1197,39.9
DEM-003425,MED-019,LOC-001,2026-09-06,202,864,28.8
DEM-003426,MED-019,LOC-001,2026-09-05,256,1095,36.5
DEM-003427,MED-019,LOC-001,2026-09-04,274,1176,39.2
DEM-003428,MED-019,LOC-001,2026-09-03,206,885,29.5
DEM-003429,MED-019,LOC-001,2026-09-02,215,921,30.7
DEM-003430,MED-019,LOC-001,2026-09-01,243,1041,34.7
DEM-003431,MED-019,LOC-001,2026-08-31,227,972,32.4
DEM-003432,MED-019,LOC-001,2026-08-30,184,789,26.3
DEM-003433,MED-019,LOC-001,2026-08-29,192,822,27.4
DEM-003434,MED-019,LOC-001,2026-08-28,266,1140,38.0
DEM-003435,MED-019,LOC-001,2026-08-27,188,807,26.9
DEM-003436,MED-019,LOC-001,2026-08-26,187,801,26.7
DEM-003437,MED-019,LOC-001,2026-08-25,262,1122,37.4
DEM-003438,MED-019,LOC-001,2026-08-24,268,1149,38.3
DEM-003439,MED-019,LOC-001,2026-08-23,268,1149,38.3
DEM-003440,MED-019,LOC-002,2026-09-10,198,747,24.6
DEM-003441,MED-019,LOC-002,2026-09-09,181,777,25.9
DEM-003442,MED-019,LOC-002,2026-09-08,157,672,22.4
DEM-003443,MED-019,LOC-002,2026-09-07,136,582,19.4
DEM-003444,MED-019,LOC-002,2026-09-06,139,594,19.8
DEM-003445,MED-019,LOC-002,2026-09-05,198,849,28.3
DEM-003446,MED-019,LOC-002,2026-09-04,175,750,25.0
DEM-003447,MED-019,LOC-002,2026-09-03,160,687,22.9
DEM-003448,MED-019,LOC-002,2026-09-02,141,606,20.2
DEM-003449,MED-019,LOC-002,2026-09-01,191,819,27.3
DEM-003450,MED-019,LOC-002,2026-08-31,139,594,19.8
DEM-003451,MED-019,LOC-002,2026-08-30,188,804,26.8
DEM-003452,MED-019,LOC-002,2026-08-29,214,918,30.6
DEM-003453,MED-019,LOC-002,2026-08-28,159,681,22.7
DEM-003454,MED-019,LOC-002,2026-08-27,172,735,24.5
DEM-003455,MED-019,LOC-002,2026-08-26,188,804,26.8
DEM-003456,MED-019,LOC-002,2026-08-25,158,678,22.6
DEM-003457,MED-019,LOC-002,2026-08-24,185,792,26.4
DEM-003458,MED-019,LOC-002,2026-08-23,183,783,26.1
DEM-003459,MED-019,LOC-003,2026-09-10,200,881,29.2
DEM-003460,MED-019,LOC-003,2026-09-09,154,660,22.0
DEM-003461,MED-019,LOC-003,2026-09-08,181,777,25.9
DEM-003462,MED-019,LOC-003,2026-09-07,178,765,25.5
DEM-003463,MED-019,LOC-003,2026-09-06,237,1014,33.8
DEM-003464,MED-019,LOC-003,2026-09-05,202,867,28.9
DEM-003465,MED-019,LOC-003,2026-09-04,248,1062,35.4
DEM-003466,MED-019,LOC-003,2026-09-03,169,723,24.1
DEM-003467,MED-019,LOC-003,2026-09-02,236,1011,33.7
DEM-003468,MED-019,LOC-003,2026-09-01,252,1080,36.0
DEM-003469,MED-019,LOC-003,2026-08-31,205,879,29.3
DEM-003470,MED-019,LOC-003,2026-08-30,194,831,27.7
DEM-003471,MED-019,LOC-003,2026-08-29,188,804,26.8
DEM-003472,MED-019,LOC-003,2026-08-28,216,924,30.8
DEM-003473,MED-019,LOC-003,2026-08-27,173,741,24.7
DEM-003474,MED-019,LOC-003,2026-08-26,221,948,31.6
DEM-003475,MED-019,LOC-003,2026-08-25,248,1062,35.4
DEM-003476,MED-019,LOC-003,2026-08-24,250,1071,35.7
DEM-003477,MED-019,LOC-003,2026-08-23,169,723,24.1
DEM-003478,MED-019,LOC-004,2026-09-10,145,708,21.5
DEM-003479,MED-019,LOC-004,2026-09-09,119,510,17.0
DEM-003480,MED-019,LOC-004,2026-09-08,119,510,17.0
DEM-003481,MED-019,LOC-004,2026-09-07,114,489,16.3
DEM-003482,MED-019,LOC-004,2026-09-06,155,663,22.1
DEM-003483,MED-019,LOC-004,2026-09-05,116,495,16.5
DEM-003484,MED-019,LOC-004,2026-09-04,161,690,23.0
DEM-003485,MED-019,LOC-004,2026-09-03,146,627,20.9
DEM-003486,MED-019,LOC-004,2026-09-02,162,693,23.1
DEM-003487,MED-019,LOC-004,2026-09-01,188,804,26.8
DEM-003488,MED-019,LOC-004,2026-08-31,158,678,22.6
DEM-003489,MED-019,LOC-004,2026-08-30,158,678,22.6
DEM-003490,MED-019,LOC-004,2026-08-29,195,837,27.9
DEM-003491,MED-019,LOC-004,2026-08-28,152,651,21.7
DEM-003492,MED-019,LOC-004,2026-08-27,177,759,25.3
DEM-003493,MED-019,LOC-004,2026-08-26,144,615,20.5
DEM-003494,MED-019,LOC-004,2026-08-25,132,564,18.8
DEM-003495,MED-019,LOC-004,2026-08-24,177,759,25.3
DEM-003496,MED-019,LOC-004,2026-08-23,174,744,24.8
DEM-003497,MED-019,LOC-005,2026-09-10,201,868,28.3
DEM-003498,MED-019,LOC-005,2026-09-09,192,822,27.4
DEM-003499,MED-019,LOC-005,2026-09-08,203,870,29.0
DEM-003500,MED-019,LOC-005,2026-09-07,220,945,31.5
DEM-003501,MED-019,LOC-005,2026-09-06,241,1032,34.4
DEM-003502,MED-019,LOC-005,2026-09-05,237,1014,33.8
DEM-003503,MED-019,LOC-005,2026-09-04,216,924,30.8
DEM-003504,MED-019,LOC-005,2026-09-03,167,714,23.8
DEM-003505,MED-019,LOC-005,2026-09-02,204,876,29.2
DEM-003506,MED-019,LOC-005,2026-09-01,197,846,28.2
DEM-003507,MED-019,LOC-005,2026-08-31,168,720,24.0
DEM-003508,MED-019,LOC-005,2026-08-30,252,1080,36.0
DEM-003509,MED-019,LOC-005,2026-08-29,220,945,31.5
DEM-003510,MED-019,LOC-005,2026-08-28,254,1089,36.3
DEM-003511,MED-019,LOC-005,2026-08-27,229,981,32.7
DEM-003512,MED-019,LOC-005,2026-08-26,202,864,28.8
DEM-003513,MED-019,LOC-005,2026-08-25,188,804,26.8
DEM-003514,MED-019,LOC-005,2026-08-24,172,738,24.6
DEM-003515,MED-019,LOC-005,2026-08-23,202,864,28.8
DEM-003516,MED-019,LOC-006,2026-09-10,78,312,11.2
DEM-003517,MED-019,LOC-006,2026-09-09,68,291,9.7
DEM-003518,MED-019,LOC-006,2026-09-08,98,420,14.0
DEM-003519,MED-019,LOC-006,2026-09-07,74,318,10.6
DEM-003520,MED-019,LOC-006,2026-09-06,79,339,11.3
DEM-003521,MED-019,LOC-006,2026-09-05,78,336,11.2
DEM-003522,MED-019,LOC-006,2026-09-04,61,261,8.7
DEM-003523,MED-019,LOC-006,2026-09-03,101,432,14.4
DEM-003524,MED-019,LOC-006,2026-09-02,73,312,10.4
DEM-003525,MED-019,LOC-006,2026-09-01,89,381,12.7
DEM-003526,MED-019,LOC-006,2026-08-31,81,348,11.6
DEM-003527,MED-019,LOC-006,2026-08-30,94,405,13.5
DEM-003528,MED-019,LOC-006,2026-08-29,94,405,13.5
DEM-003529,MED-019,LOC-006,2026-08-28,70,300,10.0
DEM-003530,MED-019,LOC-006,2026-08-27,83,354,11.8
DEM-003531,MED-019,LOC-006,2026-08-26,66,285,9.5
DEM-003532,MED-019,LOC-006,2026-08-25,87,372,12.4
DEM-003533,MED-019,LOC-006,2026-08-24,75,321,10.7
DEM-003534,MED-019,LOC-006,2026-08-23,87,372,12.4
DEM-003535,MED-019,LOC-007,2026-09-10,171,711,23.8
DEM-003536,MED-019,LOC-007,2026-09-09,208,891,29.7
DEM-003537,MED-019,LOC-007,2026-09-08,172,738,24.6
DEM-003538,MED-019,LOC-007,2026-09-07,158,675,22.5
DEM-003539,MED-019,LOC-007,2026-09-06,204,876,29.2
DEM-003540,MED-019,LOC-007,2026-09-05,169,726,24.2
DEM-003541,MED-019,LOC-007,2026-09-04,169,726,24.2
DEM-003542,MED-019,LOC-007,2026-09-03,181,774,25.8
DEM-003543,MED-019,LOC-007,2026-09-02,171,732,24.4
DEM-003544,MED-019,LOC-007,2026-09-01,138,591,19.7
DEM-003545,MED-019,LOC-007,2026-08-31,140,600,20.0
DEM-003546,MED-019,LOC-007,2026-08-30,132,567,18.9
DEM-003547,MED-019,LOC-007,2026-08-29,184,789,26.3
DEM-003548,MED-019,LOC-007,2026-08-28,144,618,20.6
DEM-003549,MED-019,LOC-007,2026-08-27,142,609,20.3
DEM-003550,MED-019,LOC-007,2026-08-26,158,678,22.6
DEM-003551,MED-019,LOC-007,2026-08-25,190,816,27.2
DEM-003552,MED-019,LOC-007,2026-08-24,136,582,19.4
DEM-003553,MED-019,LOC-007,2026-08-23,146,627,20.9
DEM-003554,MED-019,LOC-008,2026-09-10,113,457,15.0
DEM-003555,MED-019,LOC-008,2026-09-09,106,456,15.2
DEM-003556,MED-019,LOC-008,2026-09-08,91,390,13.0
DEM-003557,MED-019,LOC-008,2026-09-07,88,378,12.6
DEM-003558,MED-019,LOC-008,2026-09-06,127,543,18.1
DEM-003559,MED-019,LOC-008,2026-09-05,80,342,11.4
DEM-003560,MED-019,LOC-008,2026-09-04,81,348,11.6
DEM-003561,MED-019,LOC-008,2026-09-03,112,480,16.0
DEM-003562,MED-019,LOC-008,2026-09-02,88,378,12.6
DEM-003563,MED-019,LOC-008,2026-09-01,115,492,16.4
DEM-003564,MED-019,LOC-008,2026-08-31,81,348,11.6
DEM-003565,MED-019,LOC-008,2026-08-30,112,480,16.0
DEM-003566,MED-019,LOC-008,2026-08-29,82,351,11.7
DEM-003567,MED-019,LOC-008,2026-08-28,94,402,13.4
DEM-003568,MED-019,LOC-008,2026-08-27,89,381,12.7
DEM-003569,MED-019,LOC-008,2026-08-26,134,576,19.2
DEM-003570,MED-019,LOC-008,2026-08-25,113,486,16.2
DEM-003571,MED-019,LOC-008,2026-08-24,111,477,15.9
DEM-003572,MED-019,LOC-008,2026-08-23,80,342,11.4
DEM-003573,MED-019,LOC-009,2026-09-10,171,671,22.9
DEM-003574,MED-019,LOC-009,2026-09-09,128,549,18.3
DEM-003575,MED-019,LOC-009,2026-09-08,160,684,22.8
DEM-003576,MED-019,LOC-009,2026-09-07,208,891,29.7
DEM-003577,MED-019,LOC-009,2026-09-06,197,843,28.1
DEM-003578,MED-019,LOC-009,2026-09-05,135,579,19.3
DEM-003579,MED-019,LOC-009,2026-09-04,193,828,27.6
DEM-003580,MED-019,LOC-009,2026-09-03,173,741,24.7
DEM-003581,MED-019,LOC-009,2026-09-02,190,816,27.2
DEM-003582,MED-019,LOC-009,2026-09-01,192,825,27.5
DEM-003583,MED-019,LOC-009,2026-08-31,136,585,19.5
DEM-003584,MED-019,LOC-009,2026-08-30,178,765,25.5
DEM-003585,MED-019,LOC-009,2026-08-29,144,615,20.5
DEM-003586,MED-019,LOC-009,2026-08-28,184,789,26.3
DEM-003587,MED-019,LOC-009,2026-08-27,150,645,21.5
DEM-003588,MED-019,LOC-009,2026-08-26,160,687,22.9
DEM-003589,MED-019,LOC-009,2026-08-25,172,738,24.6
DEM-003590,MED-019,LOC-009,2026-08-24,141,603,20.1
DEM-003591,MED-019,LOC-009,2026-08-23,154,660,22.0
DEM-003592,MED-019,LOC-010,2026-09-10,120,590,18.0
DEM-003593,MED-019,LOC-010,2026-09-09,130,555,18.5
DEM-003594,MED-019,LOC-010,2026-09-08,124,531,17.7
DEM-003595,MED-019,LOC-010,2026-09-07,105,450,15.0
DEM-003596,MED-019,LOC-010,2026-09-06,102,435,14.5
DEM-003597,MED-019,LOC-010,2026-09-05,127,546,18.2
DEM-003598,MED-019,LOC-010,2026-09-04,137,588,19.6
DEM-003599,MED-019,LOC-010,2026-09-03,97,417,13.9
DEM-003600,MED-019,LOC-010,2026-09-02,149,639,21.3
DEM-003601,MED-019,LOC-010,2026-09-01,130,555,18.5
DEM-003602,MED-019,LOC-010,2026-08-31,103,441,14.7
DEM-003603,MED-019,LOC-010,2026-08-30,128,549,18.3
DEM-003604,MED-019,LOC-010,2026-08-29,104,444,14.8
DEM-003605,MED-019,LOC-010,2026-08-28,136,585,19.5
DEM-003606,MED-019,LOC-010,2026-08-27,152,651,21.7
DEM-003607,MED-019,LOC-010,2026-08-26,157,672,22.4
DEM-003608,MED-019,LOC-010,2026-08-25,148,636,21.2
DEM-003609,MED-019,LOC-010,2026-08-24,139,597,19.9
DEM-003610,MED-019,LOC-010,2026-08-23,131,561,18.7
DEM-003611,MED-020,LOC-001,2026-09-10,156,626,21.6
DEM-003612,MED-020,LOC-001,2026-09-09,180,771,25.7
DEM-003613,MED-020,LOC-001,2026-09-08,179,768,25.6
DEM-003614,MED-020,LOC-001,2026-09-07,145,621,20.7
DEM-003615,MED-020,LOC-001,2026-09-06,162,696,23.2
DEM-003616,MED-020,LOC-001,2026-09-05,175,750,25.0
DEM-003617,MED-020,LOC-001,2026-09-04,176,756,25.2
DEM-003618,MED-020,LOC-001,2026-09-03,172,735,24.5
DEM-003619,MED-020,LOC-001,2026-09-02,122,522,17.4
DEM-003620,MED-020,LOC-001,2026-09-01,125,534,17.8
DEM-003621,MED-020,LOC-001,2026-08-31,153,657,21.9
DEM-003622,MED-020,LOC-001,2026-08-30,133,570,19.0
DEM-003623,MED-020,LOC-001,2026-08-29,185,792,26.4
DEM-003624,MED-020,LOC-001,2026-08-28,137,588,19.6
DEM-003625,MED-020,LOC-001,2026-08-27,186,798,26.6
DEM-003626,MED-020,LOC-001,2026-08-26,148,633,21.1
DEM-003627,MED-020,LOC-001,2026-08-25,129,552,18.4
DEM-003628,MED-020,LOC-001,2026-08-24,172,738,24.6
DEM-003629,MED-020,LOC-001,2026-08-23,179,768,25.6
DEM-003630,MED-020,LOC-002,2026-09-10,120,511,18.5
DEM-003631,MED-020,LOC-002,2026-09-09,144,615,20.5
DEM-003632,MED-020,LOC-002,2026-09-08,146,627,20.9
DEM-003633,MED-020,LOC-002,2026-09-07,120,513,17.1
DEM-003634,MED-020,LOC-002,2026-09-06,123,528,17.6
DEM-003635,MED-020,LOC-002,2026-09-05,108,462,15.4
DEM-003636,MED-020,LOC-002,2026-09-04,144,615,20.5
DEM-003637,MED-020,LOC-002,2026-09-03,116,495,16.5
DEM-003638,MED-020,LOC-002,2026-09-02,158,678,22.6
DEM-003639,MED-020,LOC-002,2026-09-01,127,546,18.2
DEM-003640,MED-020,LOC-002,2026-08-31,123,528,17.6
DEM-003641,MED-020,LOC-002,2026-08-30,117,501,16.7
DEM-003642,MED-020,LOC-002,2026-08-29,146,624,20.8
DEM-003643,MED-020,LOC-002,2026-08-28,151,648,21.6
DEM-003644,MED-020,LOC-002,2026-08-27,127,543,18.1
DEM-003645,MED-020,LOC-002,2026-08-26,153,657,21.9
DEM-003646,MED-020,LOC-002,2026-08-25,132,564,18.8
DEM-003647,MED-020,LOC-002,2026-08-24,123,528,17.6
DEM-003648,MED-020,LOC-002,2026-08-23,136,585,19.5
DEM-003649,MED-020,LOC-003,2026-09-10,162,703,23.7
DEM-003650,MED-020,LOC-003,2026-09-09,189,810,27.0
DEM-003651,MED-020,LOC-003,2026-09-08,192,822,27.4
DEM-003652,MED-020,LOC-003,2026-09-07,202,867,28.9
DEM-003653,MED-020,LOC-003,2026-09-06,185,792,26.4
DEM-003654,MED-020,LOC-003,2026-09-05,192,825,27.5
DEM-003655,MED-020,LOC-003,2026-09-04,165,708,23.6
DEM-003656,MED-020,LOC-003,2026-09-03,188,807,26.9
DEM-003657,MED-020,LOC-003,2026-09-02,139,597,19.9
DEM-003658,MED-020,LOC-003,2026-09-01,144,618,20.6
DEM-003659,MED-020,LOC-003,2026-08-31,161,690,23.0
DEM-003660,MED-020,LOC-003,2026-08-30,155,666,22.2
DEM-003661,MED-020,LOC-003,2026-08-29,175,750,25.0
DEM-003662,MED-020,LOC-003,2026-08-28,188,807,26.9
DEM-003663,MED-020,LOC-003,2026-08-27,189,810,27.0
DEM-003664,MED-020,LOC-003,2026-08-26,139,597,19.9
DEM-003665,MED-020,LOC-003,2026-08-25,212,909,30.3
DEM-003666,MED-020,LOC-003,2026-08-24,125,534,17.8
DEM-003667,MED-020,LOC-003,2026-08-23,133,570,19.0
DEM-003668,MED-020,LOC-004,2026-09-10,123,468,15.5
DEM-003669,MED-020,LOC-004,2026-09-09,85,366,12.2
DEM-003670,MED-020,LOC-004,2026-09-08,94,405,13.5
DEM-003671,MED-020,LOC-004,2026-09-07,86,369,12.3
DEM-003672,MED-020,LOC-004,2026-09-06,83,357,11.9
DEM-003673,MED-020,LOC-004,2026-09-05,104,447,14.9
DEM-003674,MED-020,LOC-004,2026-09-04,140,600,20.0
DEM-003675,MED-020,LOC-004,2026-09-03,118,507,16.9
DEM-003676,MED-020,LOC-004,2026-09-02,113,483,16.1
DEM-003677,MED-020,LOC-004,2026-09-01,124,531,17.7
DEM-003678,MED-020,LOC-004,2026-08-31,117,501,16.7
DEM-003679,MED-020,LOC-004,2026-08-30,138,591,19.7
DEM-003680,MED-020,LOC-004,2026-08-29,130,558,18.6
DEM-003681,MED-020,LOC-004,2026-08-28,120,513,17.1
DEM-003682,MED-020,LOC-004,2026-08-27,108,462,15.4
DEM-003683,MED-020,LOC-004,2026-08-26,93,399,13.3
DEM-003684,MED-020,LOC-004,2026-08-25,120,516,17.2
DEM-003685,MED-020,LOC-004,2026-08-24,130,555,18.5
DEM-003686,MED-020,LOC-004,2026-08-23,99,423,14.1
DEM-003687,MED-020,LOC-005,2026-09-10,158,660,21.5
DEM-003688,MED-020,LOC-005,2026-09-09,132,567,18.9
DEM-003689,MED-020,LOC-005,2026-09-08,127,543,18.1
DEM-003690,MED-020,LOC-005,2026-09-07,116,498,16.6
DEM-003691,MED-020,LOC-005,2026-09-06,133,570,19.0
DEM-003692,MED-020,LOC-005,2026-09-05,113,483,16.1
DEM-003693,MED-020,LOC-005,2026-09-04,126,540,18.0
DEM-003694,MED-020,LOC-005,2026-09-03,195,837,27.9
DEM-003695,MED-020,LOC-005,2026-09-02,177,759,25.3
DEM-003696,MED-020,LOC-005,2026-09-01,142,609,20.3
DEM-003697,MED-020,LOC-005,2026-08-31,146,624,20.8
DEM-003698,MED-020,LOC-005,2026-08-30,162,693,23.1
DEM-003699,MED-020,LOC-005,2026-08-29,155,666,22.2
DEM-003700,MED-020,LOC-005,2026-08-28,174,744,24.8
DEM-003701,MED-020,LOC-005,2026-08-27,118,507,16.9
DEM-003702,MED-020,LOC-005,2026-08-26,120,516,17.2
DEM-003703,MED-020,LOC-005,2026-08-25,136,585,19.5
DEM-003704,MED-020,LOC-005,2026-08-24,181,777,25.9
DEM-003705,MED-020,LOC-005,2026-08-23,188,807,26.9
DEM-003706,MED-020,LOC-006,2026-09-10,86,316,10.8
DEM-003707,MED-020,LOC-006,2026-09-09,82,351,11.7
DEM-003708,MED-020,LOC-006,2026-09-08,65,279,9.3
DEM-003709,MED-020,LOC-006,2026-09-07,95,408,13.6
DEM-003710,MED-020,LOC-006,2026-09-06,80,345,11.5
DEM-003711,MED-020,LOC-006,2026-09-05,68,291,9.7
DEM-003712,MED-020,LOC-006,2026-09-04,74,315,10.5
DEM-003713,MED-020,LOC-006,2026-09-03,61,261,8.7
DEM-003714,MED-020,LOC-006,2026-09-02,60,255,8.5
DEM-003715,MED-020,LOC-006,2026-09-01,69,294,9.8
DEM-003716,MED-020,LOC-006,2026-08-31,96,411,13.7
DEM-003717,MED-020,LOC-006,2026-08-30,90,387,12.9
DEM-003718,MED-020,LOC-006,2026-08-29,97,414,13.8
DEM-003719,MED-020,LOC-006,2026-08-28,93,399,13.3
DEM-003720,MED-020,LOC-006,2026-08-27,90,387,12.9
DEM-003721,MED-020,LOC-006,2026-08-26,80,345,11.5
DEM-003722,MED-020,LOC-006,2026-08-25,85,366,12.2
DEM-003723,MED-020,LOC-006,2026-08-24,97,414,13.8
DEM-003724,MED-020,LOC-006,2026-08-23,80,342,11.4
DEM-003725,MED-020,LOC-007,2026-09-10,151,661,19.8
DEM-003726,MED-020,LOC-007,2026-09-09,139,594,19.8
DEM-003727,MED-020,LOC-007,2026-09-08,139,597,19.9
DEM-003728,MED-020,LOC-007,2026-09-07,148,636,21.2
DEM-003729,MED-020,LOC-007,2026-09-06,106,453,15.1
DEM-003730,MED-020,LOC-007,2026-09-05,113,483,16.1
DEM-003731,MED-020,LOC-007,2026-09-04,109,468,15.6
DEM-003732,MED-020,LOC-007,2026-09-03,153,654,21.8
DEM-003733,MED-020,LOC-007,2026-09-02,180,771,25.7
DEM-003734,MED-020,LOC-007,2026-09-01,155,666,22.2
DEM-003735,MED-020,LOC-007,2026-08-31,122,522,17.4
DEM-003736,MED-020,LOC-007,2026-08-30,128,549,18.3
DEM-003737,MED-020,LOC-007,2026-08-29,177,759,25.3
DEM-003738,MED-020,LOC-007,2026-08-28,144,615,20.5
DEM-003739,MED-020,LOC-007,2026-08-27,105,450,15.0
DEM-003740,MED-020,LOC-007,2026-08-26,167,717,23.9
DEM-003741,MED-020,LOC-007,2026-08-25,123,528,17.6
DEM-003742,MED-020,LOC-007,2026-08-24,111,477,15.9
DEM-003743,MED-020,LOC-007,2026-08-23,155,666,22.2
DEM-003744,MED-020,LOC-008,2026-09-10,82,425,12.8
DEM-003745,MED-020,LOC-008,2026-09-09,91,390,13.0
DEM-003746,MED-020,LOC-008,2026-09-08,85,363,12.1
DEM-003747,MED-020,LOC-008,2026-09-07,111,477,15.9
DEM-003748,MED-020,LOC-008,2026-09-06,80,345,11.5
DEM-003749,MED-020,LOC-008,2026-09-05,114,489,16.3
DEM-003750,MED-020,LOC-008,2026-09-04,101,432,14.4
DEM-003751,MED-020,LOC-008,2026-09-03,112,480,16.0
DEM-003752,MED-020,LOC-008,2026-09-02,92,393,13.1
DEM-003753,MED-020,LOC-008,2026-09-01,77,330,11.0
DEM-003754,MED-020,LOC-008,2026-08-31,104,444,14.8
DEM-003755,MED-020,LOC-008,2026-08-30,110,471,15.7
DEM-003756,MED-020,LOC-008,2026-08-29,78,333,11.1
DEM-003757,MED-020,LOC-008,2026-08-28,77,330,11.0
DEM-003758,MED-020,LOC-008,2026-08-27,80,342,11.4
DEM-003759,MED-020,LOC-008,2026-08-26,98,420,14.0
DEM-003760,MED-020,LOC-008,2026-08-25,75,321,10.7
DEM-003761,MED-020,LOC-008,2026-08-24,73,312,10.4
DEM-003762,MED-020,LOC-008,2026-08-23,113,483,16.1
DEM-003763,MED-020,LOC-009,2026-09-10,143,601,19.2
DEM-003764,MED-020,LOC-009,2026-09-09,158,675,22.5
DEM-003765,MED-020,LOC-009,2026-09-08,141,603,20.1
DEM-003766,MED-020,LOC-009,2026-09-07,104,444,14.8
DEM-003767,MED-020,LOC-009,2026-09-06,136,585,19.5
DEM-003768,MED-020,LOC-009,2026-09-05,147,630,21.0
DEM-003769,MED-020,LOC-009,2026-09-04,137,588,19.6
DEM-003770,MED-020,LOC-009,2026-09-03,174,744,24.8
DEM-003771,MED-020,LOC-009,2026-09-02,167,717,23.9
DEM-003772,MED-020,LOC-009,2026-09-01,165,708,23.6
DEM-003773,MED-020,LOC-009,2026-08-31,137,588,19.6
DEM-003774,MED-020,LOC-009,2026-08-30,174,744,24.8
DEM-003775,MED-020,LOC-009,2026-08-29,169,723,24.1
DEM-003776,MED-020,LOC-009,2026-08-28,122,522,17.4
DEM-003777,MED-020,LOC-009,2026-08-27,117,501,16.7
DEM-003778,MED-020,LOC-009,2026-08-26,144,615,20.5
DEM-003779,MED-020,LOC-009,2026-08-25,105,450,15.0
DEM-003780,MED-020,LOC-009,2026-08-24,160,684,22.8
DEM-003781,MED-020,LOC-009,2026-08-23,136,585,19.5
DEM-003782,MED-020,LOC-010,2026-09-10,131,545,18.2
DEM-003783,MED-020,LOC-010,2026-09-09,144,615,20.5
DEM-003784,MED-020,LOC-010,2026-09-08,108,462,15.4
DEM-003785,MED-020,LOC-010,2026-09-07,164,702,23.4
DEM-003786,MED-020,LOC-010,2026-09-06,144,618,20.6
DEM-003787,MED-020,LOC-010,2026-09-05,128,549,18.3
DEM-003788,MED-020,LOC-010,2026-09-04,144,615,20.5
DEM-003789,MED-020,LOC-010,2026-09-03,97,414,13.8
DEM-003790,MED-020,LOC-010,2026-09-02,111,474,15.8
DEM-003791,MED-020,LOC-010,2026-09-01,136,585,19.5
DEM-003792,MED-020,LOC-010,2026-08-31,118,507,16.9
DEM-003793,MED-020,LOC-010,2026-08-30,139,594,19.8
DEM-003794,MED-020,LOC-010,2026-08-29,113,486,16.2
DEM-003795,MED-020,LOC-010,2026-08-28,134,573,19.1
DEM-003796,MED-020,LOC-010,2026-08-27,112,480,16.0
DEM-003797,MED-020,LOC-010,2026-08-26,129,552,18.4
DEM-003798,MED-020,LOC-010,2026-08-25,139,594,19.8
DEM-003799,MED-020,LOC-010,2026-08-24,121,519,17.3
DEM-003800,MED-020,LOC-010,2026-08-23,130,558,18.6
DEM-003801,MED-021,LOC-001,2026-09-10,165,779,23.8
DEM-003802,MED-021,LOC-001,2026-09-09,150,645,21.5
DEM-003803,MED-021,LOC-001,2026-09-08,141,606,20.2
DEM-003804,MED-021,LOC-001,2026-09-07,137,588,19.6
DEM-003805,MED-021,LOC-001,2026-09-06,178,762,25.4
DEM-003806,MED-021,LOC-001,2026-09-05,146,624,20.8
DEM-003807,MED-021,LOC-001,2026-09-04,134,576,19.2
DEM-003808,MED-021,LOC-001,2026-09-03,150,642,21.4
DEM-003809,MED-021,LOC-001,2026-09-02,146,627,20.9
DEM-003810,MED-021,LOC-001,2026-09-01,164,705,23.5
DEM-003811,MED-021,LOC-001,2026-08-31,160,684,22.8
DEM-003812,MED-021,LOC-001,2026-08-30,139,594,19.8
DEM-003813,MED-021,LOC-001,2026-08-29,213,912,30.4
DEM-003814,MED-021,LOC-001,2026-08-28,139,594,19.8
DEM-003815,MED-021,LOC-001,2026-08-27,199,852,28.4
DEM-003816,MED-021,LOC-001,2026-08-26,141,606,20.2
DEM-003817,MED-021,LOC-001,2026-08-25,171,732,24.4
DEM-003818,MED-021,LOC-001,2026-08-24,216,927,30.9
DEM-003819,MED-021,LOC-001,2026-08-23,203,870,29.0
DEM-003820,MED-021,LOC-002,2026-09-10,116,494,15.3
DEM-003821,MED-021,LOC-002,2026-09-09,98,420,14.0
DEM-003822,MED-021,LOC-002,2026-09-08,113,486,16.2
DEM-003823,MED-021,LOC-002,2026-09-07,114,489,16.3
DEM-003824,MED-021,LOC-002,2026-09-06,104,444,14.8
DEM-003825,MED-021,LOC-002,2026-09-05,121,519,17.3
DEM-003826,MED-021,LOC-002,2026-09-04,84,360,12.0
DEM-003827,MED-021,LOC-002,2026-09-03,128,549,18.3
DEM-003828,MED-021,LOC-002,2026-09-02,108,465,15.5
DEM-003829,MED-021,LOC-002,2026-09-01,118,504,16.8
DEM-003830,MED-021,LOC-002,2026-08-31,107,459,15.3
DEM-003831,MED-021,LOC-002,2026-08-30,100,429,14.3
DEM-003832,MED-021,LOC-002,2026-08-29,102,435,14.5
DEM-003833,MED-021,LOC-002,2026-08-28,113,486,16.2
DEM-003834,MED-021,LOC-002,2026-08-27,135,579,19.3
DEM-003835,MED-021,LOC-002,2026-08-26,95,408,13.6
DEM-003836,MED-021,LOC-002,2026-08-25,81,348,11.6
DEM-003837,MED-021,LOC-002,2026-08-24,88,375,12.5
DEM-003838,MED-021,LOC-002,2026-08-23,132,564,18.8
DEM-003839,MED-021,LOC-003,2026-09-10,173,807,26.0
DEM-003840,MED-021,LOC-003,2026-09-09,202,864,28.8
DEM-003841,MED-021,LOC-003,2026-09-08,154,660,22.0
DEM-003842,MED-021,LOC-003,2026-09-07,215,921,30.7
DEM-003843,MED-021,LOC-003,2026-09-06,172,738,24.6
DEM-003844,MED-021,LOC-003,2026-09-05,204,873,29.1
DEM-003845,MED-021,LOC-003,2026-09-04,186,795,26.5
DEM-003846,MED-021,LOC-003,2026-09-03,210,900,30.0
DEM-003847,MED-021,LOC-003,2026-09-02,225,966,32.2
DEM-003848,MED-021,LOC-003,2026-09-01,174,747,24.9
DEM-003849,MED-021,LOC-003,2026-08-31,165,708,23.6
DEM-003850,MED-021,LOC-003,2026-08-30,200,855,28.5
DEM-003851,MED-021,LOC-003,2026-08-29,151,648,21.6
DEM-003852,MED-021,LOC-003,2026-08-28,153,657,21.9
DEM-003853,MED-021,LOC-003,2026-08-27,218,933,31.1
DEM-003854,MED-021,LOC-003,2026-08-26,170,729,24.3
DEM-003855,MED-021,LOC-003,2026-08-25,200,855,28.5
DEM-003856,MED-021,LOC-003,2026-08-24,194,831,27.7
DEM-003857,MED-021,LOC-003,2026-08-23,221,948,31.6
DEM-003858,MED-021,LOC-004,2026-09-10,84,368,12.7
DEM-003859,MED-021,LOC-004,2026-09-09,82,351,11.7
DEM-003860,MED-021,LOC-004,2026-09-08,81,348,11.6
DEM-003861,MED-021,LOC-004,2026-09-07,80,342,11.4
DEM-003862,MED-021,LOC-004,2026-09-06,98,420,14.0
DEM-003863,MED-021,LOC-004,2026-09-05,80,342,11.4
DEM-003864,MED-021,LOC-004,2026-09-04,88,378,12.6
DEM-003865,MED-021,LOC-004,2026-09-03,109,468,15.6
DEM-003866,MED-021,LOC-004,2026-09-02,85,363,12.1
DEM-003867,MED-021,LOC-004,2026-09-01,95,408,13.6
DEM-003868,MED-021,LOC-004,2026-08-31,114,489,16.3
DEM-003869,MED-021,LOC-004,2026-08-30,87,372,12.4
DEM-003870,MED-021,LOC-004,2026-08-29,76,324,10.8
DEM-003871,MED-021,LOC-004,2026-08-28,68,291,9.7
DEM-003872,MED-021,LOC-004,2026-08-27,102,438,14.6
DEM-003873,MED-021,LOC-004,2026-08-26,99,423,14.1
DEM-003874,MED-021,LOC-004,2026-08-25,113,483,16.1
DEM-003875,MED-021,LOC-004,2026-08-24,101,432,14.4
DEM-003876,MED-021,LOC-004,2026-08-23,71,303,10.1
DEM-003877,MED-021,LOC-005,2026-09-10,125,540,19.3
DEM-003878,MED-021,LOC-005,2026-09-09,167,714,23.8
DEM-003879,MED-021,LOC-005,2026-09-08,142,609,20.3
DEM-003880,MED-021,LOC-005,2026-09-07,104,444,14.8
DEM-003881,MED-021,LOC-005,2026-09-06,131,561,18.7
DEM-003882,MED-021,LOC-005,2026-09-05,158,678,22.6
DEM-003883,MED-021,LOC-005,2026-09-04,108,462,15.4
DEM-003884,MED-021,LOC-005,2026-09-03,121,519,17.3
DEM-003885,MED-021,LOC-005,2026-09-02,113,483,16.1
DEM-003886,MED-021,LOC-005,2026-09-01,150,642,21.4
DEM-003887,MED-021,LOC-005,2026-08-31,167,717,23.9
DEM-003888,MED-021,LOC-005,2026-08-30,125,534,17.8
DEM-003889,MED-021,LOC-005,2026-08-29,120,513,17.1
DEM-003890,MED-021,LOC-005,2026-08-28,122,525,17.5
DEM-003891,MED-021,LOC-005,2026-08-27,148,633,21.1
DEM-003892,MED-021,LOC-005,2026-08-26,111,477,15.9
DEM-003893,MED-021,LOC-005,2026-08-25,164,702,23.4
DEM-003894,MED-021,LOC-005,2026-08-24,104,444,14.8
DEM-003895,MED-021,LOC-005,2026-08-23,150,645,21.5
DEM-003896,MED-021,LOC-006,2026-09-10,76,335,11.0
DEM-003897,MED-021,LOC-006,2026-09-09,99,423,14.1
DEM-003898,MED-021,LOC-006,2026-09-08,80,345,11.5
DEM-003899,MED-021,LOC-006,2026-09-07,69,297,9.9
DEM-003900,MED-021,LOC-006,2026-09-06,76,327,10.9
DEM-003901,MED-021,LOC-006,2026-09-05,99,423,14.1
DEM-003902,MED-021,LOC-006,2026-09-04,88,375,12.5
DEM-003903,MED-021,LOC-006,2026-09-03,65,279,9.3
DEM-003904,MED-021,LOC-006,2026-09-02,83,357,11.9
DEM-003905,MED-021,LOC-006,2026-09-01,85,363,12.1
DEM-003906,MED-021,LOC-006,2026-08-31,85,363,12.1
DEM-003907,MED-021,LOC-006,2026-08-30,82,351,11.7
DEM-003908,MED-021,LOC-006,2026-08-29,80,342,11.4
DEM-003909,MED-021,LOC-006,2026-08-28,85,363,12.1
DEM-003910,MED-021,LOC-006,2026-08-27,71,303,10.1
DEM-003911,MED-021,LOC-006,2026-08-26,73,312,10.4
DEM-003912,MED-021,LOC-006,2026-08-25,80,345,11.5
DEM-003913,MED-021,LOC-006,2026-08-24,92,393,13.1
DEM-003914,MED-021,LOC-006,2026-08-23,76,327,10.9
DEM-003915,MED-021,LOC-007,2026-09-10,97,424,14.4
DEM-003916,MED-021,LOC-007,2026-09-09,76,324,10.8
DEM-003917,MED-021,LOC-007,2026-09-08,121,519,17.3
DEM-003918,MED-021,LOC-007,2026-09-07,122,525,17.5
DEM-003919,MED-021,LOC-007,2026-09-06,94,405,13.5
DEM-003920,MED-021,LOC-007,2026-09-05,102,435,14.5
DEM-003921,MED-021,LOC-007,2026-09-04,76,327,10.9
DEM-003922,MED-021,LOC-007,2026-09-03,127,543,18.1
DEM-003923,MED-021,LOC-007,2026-09-02,128,549,18.3
DEM-003924,MED-021,LOC-007,2026-09-01,102,438,14.6
DEM-003925,MED-021,LOC-007,2026-08-31,76,327,10.9
DEM-003926,MED-021,LOC-007,2026-08-30,99,426,14.2
DEM-003927,MED-021,LOC-007,2026-08-29,92,393,13.1
DEM-003928,MED-021,LOC-007,2026-08-28,88,378,12.6
DEM-003929,MED-021,LOC-007,2026-08-27,76,327,10.9
DEM-003930,MED-021,LOC-007,2026-08-26,97,414,13.8
DEM-003931,MED-021,LOC-007,2026-08-25,99,423,14.1
DEM-003932,MED-021,LOC-007,2026-08-24,106,456,15.2
DEM-003933,MED-021,LOC-007,2026-08-23,97,417,13.9
DEM-003934,MED-021,LOC-008,2026-09-10,64,251,8.4
DEM-003935,MED-021,LOC-008,2026-09-09,56,240,8.0
DEM-003936,MED-021,LOC-008,2026-09-08,52,225,7.5
DEM-003937,MED-021,LOC-008,2026-09-07,58,249,8.3
DEM-003938,MED-021,LOC-008,2026-09-06,52,222,7.4
DEM-003939,MED-021,LOC-008,2026-09-05,69,294,9.8
DEM-003940,MED-021,LOC-008,2026-09-04,74,315,10.5
DEM-003941,MED-021,LOC-008,2026-09-03,70,300,10.0
DEM-003942,MED-021,LOC-008,2026-09-02,66,285,9.5
DEM-003943,MED-021,LOC-008,2026-09-01,53,228,7.6
DEM-003944,MED-021,LOC-008,2026-08-31,68,291,9.7
DEM-003945,MED-021,LOC-008,2026-08-30,70,300,10.0
DEM-003946,MED-021,LOC-008,2026-08-29,57,246,8.2
DEM-003947,MED-021,LOC-008,2026-08-28,71,306,10.2
DEM-003948,MED-021,LOC-008,2026-08-27,50,213,7.1
DEM-003949,MED-021,LOC-008,2026-08-26,53,228,7.6
DEM-003950,MED-021,LOC-008,2026-08-25,64,276,9.2
DEM-003951,MED-021,LOC-008,2026-08-24,64,276,9.2
DEM-003952,MED-021,LOC-008,2026-08-23,53,228,7.6
DEM-003953,MED-021,LOC-009,2026-09-10,105,441,15.9
DEM-003954,MED-021,LOC-009,2026-09-09,87,372,12.4
DEM-003955,MED-021,LOC-009,2026-09-08,116,498,16.6
DEM-003956,MED-021,LOC-009,2026-09-07,95,408,13.6
DEM-003957,MED-021,LOC-009,2026-09-06,90,384,12.8
DEM-003958,MED-021,LOC-009,2026-09-05,100,429,14.3
DEM-003959,MED-021,LOC-009,2026-09-04,127,546,18.2
DEM-003960,MED-021,LOC-009,2026-09-03,128,549,18.3
DEM-003961,MED-021,LOC-009,2026-09-02,98,420,14.0
DEM-003962,MED-021,LOC-009,2026-09-01,92,396,13.2
DEM-003963,MED-021,LOC-009,2026-08-31,113,486,16.2
DEM-003964,MED-021,LOC-009,2026-08-30,104,447,14.9
DEM-003965,MED-021,LOC-009,2026-08-29,102,438,14.6
DEM-003966,MED-021,LOC-009,2026-08-28,132,567,18.9
DEM-003967,MED-021,LOC-009,2026-08-27,145,621,20.7
DEM-003968,MED-021,LOC-009,2026-08-26,112,480,16.0
DEM-003969,MED-021,LOC-009,2026-08-25,132,564,18.8
DEM-003970,MED-021,LOC-009,2026-08-24,104,444,14.8
DEM-003971,MED-021,LOC-009,2026-08-23,135,579,19.3
DEM-003972,MED-021,LOC-010,2026-09-10,114,574,17.8
DEM-003973,MED-021,LOC-010,2026-09-09,98,420,14.0
DEM-003974,MED-021,LOC-010,2026-09-08,126,540,18.0
DEM-003975,MED-021,LOC-010,2026-09-07,106,456,15.2
DEM-003976,MED-021,LOC-010,2026-09-06,151,648,21.6
DEM-003977,MED-021,LOC-010,2026-09-05,150,642,21.4
DEM-003978,MED-021,LOC-010,2026-09-04,150,645,21.5
DEM-003979,MED-021,LOC-010,2026-09-03,102,435,14.5
DEM-003980,MED-021,LOC-010,2026-09-02,146,627,20.9
DEM-003981,MED-021,LOC-010,2026-09-01,111,474,15.8
DEM-003982,MED-021,LOC-010,2026-08-31,146,627,20.9
DEM-003983,MED-021,LOC-010,2026-08-30,124,531,17.7
DEM-003984,MED-021,LOC-010,2026-08-29,144,618,20.6
DEM-003985,MED-021,LOC-010,2026-08-28,96,411,13.7
DEM-003986,MED-021,LOC-010,2026-08-27,125,537,17.9
DEM-003987,MED-021,LOC-010,2026-08-26,146,627,20.9
DEM-003988,MED-021,LOC-010,2026-08-25,130,555,18.5
DEM-003989,MED-021,LOC-010,2026-08-24,161,690,23.0
DEM-003990,MED-021,LOC-010,2026-08-23,126,540,18.0
DEM-003991,MED-022,LOC-001,2026-09-10,216,988,31.5
DEM-003992,MED-022,LOC-001,2026-09-09,171,732,24.4
DEM-003993,MED-022,LOC-001,2026-09-08,279,1197,39.9
DEM-003994,MED-022,LOC-001,2026-09-07,229,981,32.7
DEM-003995,MED-022,LOC-001,2026-09-06,196,840,28.0
DEM-003996,MED-022,LOC-001,2026-09-05,243,1041,34.7
DEM-003997,MED-022,LOC-001,2026-09-04,190,813,27.1
DEM-003998,MED-022,LOC-001,2026-09-03,273,1170,39.0
DEM-003999,MED-022,LOC-001,2026-09-02,270,1158,38.6
DEM-004000,MED-022,LOC-001,2026-09-01,192,822,27.4
DEM-004001,MED-022,LOC-001,2026-08-31,179,768,25.6
DEM-004002,MED-022,LOC-001,2026-08-30,242,1038,34.6
DEM-004003,MED-022,LOC-001,2026-08-29,204,876,29.2
DEM-004004,MED-022,LOC-001,2026-08-28,186,795,26.5
DEM-004005,MED-022,LOC-001,2026-08-27,199,852,28.4
DEM-004006,MED-022,LOC-001,2026-08-26,180,771,25.7
DEM-004007,MED-022,LOC-001,2026-08-25,261,1119,37.3
DEM-004008,MED-022,LOC-001,2026-08-24,167,714,23.8
DEM-004009,MED-022,LOC-001,2026-08-23,171,732,24.4
DEM-004010,MED-022,LOC-002,2026-09-10,185,807,25.9
DEM-004011,MED-022,LOC-002,2026-09-09,173,741,24.7
DEM-004012,MED-022,LOC-002,2026-09-08,145,621,20.7
DEM-004013,MED-022,LOC-002,2026-09-07,152,651,21.7
DEM-004014,MED-022,LOC-002,2026-09-06,145,621,20.7
DEM-004015,MED-022,LOC-002,2026-09-05,197,846,28.2
DEM-004016,MED-022,LOC-002,2026-09-04,229,981,32.7
DEM-004017,MED-022,LOC-002,2026-09-03,235,1008,33.6
DEM-004018,MED-022,LOC-002,2026-09-02,198,849,28.3
DEM-004019,MED-022,LOC-002,2026-09-01,142,609,20.3
DEM-004020,MED-022,LOC-002,2026-08-31,200,858,28.6
DEM-004021,MED-022,LOC-002,2026-08-30,206,882,29.4
DEM-004022,MED-022,LOC-002,2026-08-29,215,921,30.7
DEM-004023,MED-022,LOC-002,2026-08-28,148,636,21.2
DEM-004024,MED-022,LOC-002,2026-08-27,159,681,22.7
DEM-004025,MED-022,LOC-002,2026-08-26,234,1002,33.4
DEM-004026,MED-022,LOC-002,2026-08-25,215,921,30.7
DEM-004027,MED-022,LOC-002,2026-08-24,211,906,30.2
DEM-004028,MED-022,LOC-002,2026-08-23,216,927,30.9
DEM-004029,MED-022,LOC-003,2026-09-10,220,1054,33.2
DEM-004030,MED-022,LOC-003,2026-09-09,220,942,31.4
DEM-004031,MED-022,LOC-003,2026-09-08,192,822,27.4
DEM-004032,MED-022,LOC-003,2026-09-07,289,1239,41.3
DEM-004033,MED-022,LOC-003,2026-09-06,237,1014,33.8
DEM-004034,MED-022,LOC-003,2026-09-05,230,987,32.9
DEM-004035,MED-022,LOC-003,2026-09-04,212,909,30.3
DEM-004036,MED-022,LOC-003,2026-09-03,263,1128,37.6
DEM-004037,MED-022,LOC-003,2026-09-02,199,852,28.4
DEM-004038,MED-022,LOC-003,2026-09-01,198,849,28.3
DEM-004039,MED-022,LOC-003,2026-08-31,218,936,31.2
DEM-004040,MED-022,LOC-003,2026-08-30,268,1149,38.3
DEM-004041,MED-022,LOC-003,2026-08-29,209,897,29.9
DEM-004042,MED-022,LOC-003,2026-08-28,281,1203,40.1
DEM-004043,MED-022,LOC-003,2026-08-27,291,1248,41.6
DEM-004044,MED-022,LOC-003,2026-08-26,245,1050,35.0
DEM-004045,MED-022,LOC-003,2026-08-25,183,786,26.2
DEM-004046,MED-022,LOC-003,2026-08-24,194,831,27.7
DEM-004047,MED-022,LOC-003,2026-08-23,212,909,30.3
DEM-004048,MED-022,LOC-004,2026-09-10,148,588,21.3
DEM-004049,MED-022,LOC-004,2026-09-09,164,702,23.4
DEM-004050,MED-022,LOC-004,2026-09-08,143,612,20.4
DEM-004051,MED-022,LOC-004,2026-09-07,127,543,18.1
DEM-004052,MED-022,LOC-004,2026-09-06,113,486,16.2
DEM-004053,MED-022,LOC-004,2026-09-05,182,780,26.0
DEM-004054,MED-022,LOC-004,2026-09-04,176,753,25.1
DEM-004055,MED-022,LOC-004,2026-09-03,132,564,18.8
DEM-004056,MED-022,LOC-004,2026-09-02,171,732,24.4
DEM-004057,MED-022,LOC-004,2026-09-01,166,711,23.7
DEM-004058,MED-022,LOC-004,2026-08-31,156,669,22.3
DEM-004059,MED-022,LOC-004,2026-08-30,144,615,20.5
DEM-004060,MED-022,LOC-004,2026-08-29,155,663,22.1
DEM-004061,MED-022,LOC-004,2026-08-28,153,654,21.8
DEM-004062,MED-022,LOC-004,2026-08-27,157,672,22.4
DEM-004063,MED-022,LOC-004,2026-08-26,162,696,23.2
DEM-004064,MED-022,LOC-004,2026-08-25,139,594,19.8
DEM-004065,MED-022,LOC-004,2026-08-24,164,705,23.5
DEM-004066,MED-022,LOC-004,2026-08-23,121,519,17.3
DEM-004067,MED-022,LOC-005,2026-09-10,220,1119,34.3
DEM-004068,MED-022,LOC-005,2026-09-09,197,846,28.2
DEM-004069,MED-022,LOC-005,2026-09-08,295,1266,42.2
DEM-004070,MED-022,LOC-005,2026-09-07,206,885,29.5
DEM-004071,MED-022,LOC-005,2026-09-06,244,1047,34.9
DEM-004072,MED-022,LOC-005,2026-09-05,193,828,27.6
DEM-004073,MED-022,LOC-005,2026-09-04,256,1095,36.5
DEM-004074,MED-022,LOC-005,2026-09-03,290,1245,41.5
DEM-004075,MED-022,LOC-005,2026-09-02,267,1143,38.1
DEM-004076,MED-022,LOC-005,2026-09-01,249,1068,35.6
DEM-004077,MED-022,LOC-005,2026-08-31,273,1170,39.0
DEM-004078,MED-022,LOC-005,2026-08-30,214,918,30.6
DEM-004079,MED-022,LOC-005,2026-08-29,228,978,32.6
DEM-004080,MED-022,LOC-005,2026-08-28,260,1116,37.2
DEM-004081,MED-022,LOC-005,2026-08-27,190,813,27.1
DEM-004082,MED-022,LOC-005,2026-08-26,303,1299,43.3
DEM-004083,MED-022,LOC-005,2026-08-25,208,891,29.7
DEM-004084,MED-022,LOC-005,2026-08-24,245,1050,35.0
DEM-004085,MED-022,LOC-005,2026-08-23,298,1275,42.5
DEM-004086,MED-022,LOC-006,2026-09-10,96,350,12.5
DEM-004087,MED-022,LOC-006,2026-09-09,92,396,13.2
DEM-004088,MED-022,LOC-006,2026-09-08,111,474,15.8
DEM-004089,MED-022,LOC-006,2026-09-07,85,366,12.2
DEM-004090,MED-022,LOC-006,2026-09-06,83,357,11.9
DEM-004091,MED-022,LOC-006,2026-09-05,99,426,14.2
DEM-004092,MED-022,LOC-006,2026-09-04,105,450,15.0
DEM-004093,MED-022,LOC-006,2026-09-03,78,336,11.2
DEM-004094,MED-022,LOC-006,2026-09-02,68,291,9.7
DEM-004095,MED-022,LOC-006,2026-09-01,69,297,9.9
DEM-004096,MED-022,LOC-006,2026-08-31,80,345,11.5
DEM-004097,MED-022,LOC-006,2026-08-30,111,477,15.9
DEM-004098,MED-022,LOC-006,2026-08-29,112,480,16.0
DEM-004099,MED-022,LOC-006,2026-08-28,70,300,10.0
DEM-004100,MED-022,LOC-006,2026-08-27,101,432,14.4
DEM-004101,MED-022,LOC-006,2026-08-26,91,390,13.0
DEM-004102,MED-022,LOC-006,2026-08-25,75,321,10.7
DEM-004103,MED-022,LOC-006,2026-08-24,91,390,13.0
DEM-004104,MED-022,LOC-006,2026-08-23,78,333,11.1
DEM-004105,MED-022,LOC-007,2026-09-10,162,786,24.5
DEM-004106,MED-022,LOC-007,2026-09-09,168,720,24.0
DEM-004107,MED-022,LOC-007,2026-09-08,139,594,19.8
DEM-004108,MED-022,LOC-007,2026-09-07,189,810,27.0
DEM-004109,MED-022,LOC-007,2026-09-06,162,696,23.2
DEM-004110,MED-022,LOC-007,2026-09-05,172,738,24.6
DEM-004111,MED-022,LOC-007,2026-09-04,191,819,27.3
DEM-004112,MED-022,LOC-007,2026-09-03,212,909,30.3
DEM-004113,MED-022,LOC-007,2026-09-02,144,618,20.6
DEM-004114,MED-022,LOC-007,2026-09-01,146,624,20.8
DEM-004115,MED-022,LOC-007,2026-08-31,167,714,23.8
DEM-004116,MED-022,LOC-007,2026-08-30,160,687,22.9
DEM-004117,MED-022,LOC-007,2026-08-29,144,615,20.5
DEM-004118,MED-022,LOC-007,2026-08-28,223,954,31.8
DEM-004119,MED-022,LOC-007,2026-08-27,170,729,24.3
DEM-004120,MED-022,LOC-007,2026-08-26,162,693,23.1
DEM-004121,MED-022,LOC-007,2026-08-25,158,678,22.6
DEM-004122,MED-022,LOC-007,2026-08-24,222,951,31.7
DEM-004123,MED-022,LOC-007,2026-08-23,159,681,22.7
DEM-004124,MED-022,LOC-008,2026-09-10,108,426,14.1
DEM-004125,MED-022,LOC-008,2026-09-09,113,486,16.2
DEM-004126,MED-022,LOC-008,2026-09-08,107,459,15.3
DEM-004127,MED-022,LOC-008,2026-09-07,104,447,14.9
DEM-004128,MED-022,LOC-008,2026-09-06,85,366,12.2
DEM-004129,MED-022,LOC-008,2026-09-05,116,495,16.5
DEM-004130,MED-022,LOC-008,2026-09-04,125,534,17.8
DEM-004131,MED-022,LOC-008,2026-09-03,88,375,12.5
DEM-004132,MED-022,LOC-008,2026-09-02,126,540,18.0
DEM-004133,MED-022,LOC-008,2026-09-01,98,420,14.0
DEM-004134,MED-022,LOC-008,2026-08-31,96,411,13.7
DEM-004135,MED-022,LOC-008,2026-08-30,113,486,16.2
DEM-004136,MED-022,LOC-008,2026-08-29,127,546,18.2
DEM-004137,MED-022,LOC-008,2026-08-28,106,456,15.2
DEM-004138,MED-022,LOC-008,2026-08-27,102,438,14.6
DEM-004139,MED-022,LOC-008,2026-08-26,128,549,18.3
DEM-004140,MED-022,LOC-008,2026-08-25,90,387,12.9
DEM-004141,MED-022,LOC-008,2026-08-24,90,387,12.9
DEM-004142,MED-022,LOC-008,2026-08-23,86,369,12.3
DEM-004143,MED-022,LOC-009,2026-09-10,168,862,26.5
DEM-004144,MED-022,LOC-009,2026-09-09,209,897,29.9
DEM-004145,MED-022,LOC-009,2026-09-08,167,717,23.9
DEM-004146,MED-022,LOC-009,2026-09-07,195,837,27.9
DEM-004147,MED-022,LOC-009,2026-09-06,196,840,28.0
DEM-004148,MED-022,LOC-009,2026-09-05,234,1002,33.4
DEM-004149,MED-022,LOC-009,2026-09-04,155,663,22.1
DEM-004150,MED-022,LOC-009,2026-09-03,143,612,20.4
DEM-004151,MED-022,LOC-009,2026-09-02,176,753,25.1
DEM-004152,MED-022,LOC-009,2026-09-01,153,657,21.9
DEM-004153,MED-022,LOC-009,2026-08-31,176,756,25.2
DEM-004154,MED-022,LOC-009,2026-08-30,199,852,28.4
DEM-004155,MED-022,LOC-009,2026-08-29,163,699,23.3
DEM-004156,MED-022,LOC-009,2026-08-28,222,951,31.7
DEM-004157,MED-022,LOC-009,2026-08-27,148,636,21.2
DEM-004158,MED-022,LOC-009,2026-08-26,180,771,25.7
DEM-004159,MED-022,LOC-009,2026-08-25,233,999,33.3
DEM-004160,MED-022,LOC-009,2026-08-24,214,918,30.6
DEM-004161,MED-022,LOC-009,2026-08-23,213,912,30.4
DEM-004162,MED-022,LOC-010,2026-09-10,172,846,26.0
DEM-004163,MED-022,LOC-010,2026-09-09,206,882,29.4
DEM-004164,MED-022,LOC-010,2026-09-08,194,831,27.7
DEM-004165,MED-022,LOC-010,2026-09-07,228,975,32.5
DEM-004166,MED-022,LOC-010,2026-09-06,196,840,28.0
DEM-004167,MED-022,LOC-010,2026-09-05,167,714,23.8
DEM-004168,MED-022,LOC-010,2026-09-04,210,900,30.0
DEM-004169,MED-022,LOC-010,2026-09-03,194,831,27.7
DEM-004170,MED-022,LOC-010,2026-09-02,144,618,20.6
DEM-004171,MED-022,LOC-010,2026-09-01,142,609,20.3
DEM-004172,MED-022,LOC-010,2026-08-31,214,915,30.5
DEM-004173,MED-022,LOC-010,2026-08-30,172,735,24.5
DEM-004174,MED-022,LOC-010,2026-08-29,218,936,31.2
DEM-004175,MED-022,LOC-010,2026-08-28,178,765,25.5
DEM-004176,MED-022,LOC-010,2026-08-27,223,957,31.9
DEM-004177,MED-022,LOC-010,2026-08-26,223,957,31.9
DEM-004178,MED-022,LOC-010,2026-08-25,159,681,22.7
DEM-004179,MED-022,LOC-010,2026-08-24,202,864,28.8
DEM-004180,MED-022,LOC-010,2026-08-23,197,843,28.1
DEM-004181,MED-023,LOC-001,2026-09-10,132,556,18.9
DEM-004182,MED-023,LOC-001,2026-09-09,102,438,14.6
DEM-004183,MED-023,LOC-001,2026-09-08,139,594,19.8
DEM-004184,MED-023,LOC-001,2026-09-07,110,471,15.7
DEM-004185,MED-023,LOC-001,2026-09-06,136,582,19.4
DEM-004186,MED-023,LOC-001,2026-09-05,116,495,16.5
DEM-004187,MED-023,LOC-001,2026-09-04,103,441,14.7
DEM-004188,MED-023,LOC-001,2026-09-03,153,654,21.8
DEM-004189,MED-023,LOC-001,2026-09-02,128,549,18.3
DEM-004190,MED-023,LOC-001,2026-09-01,132,564,18.8
DEM-004191,MED-023,LOC-001,2026-08-31,143,612,20.4
DEM-004192,MED-023,LOC-001,2026-08-30,136,582,19.4
DEM-004193,MED-023,LOC-001,2026-08-29,116,495,16.5
DEM-004194,MED-023,LOC-001,2026-08-28,120,516,17.2
DEM-004195,MED-023,LOC-001,2026-08-27,128,549,18.3
DEM-004196,MED-023,LOC-001,2026-08-26,108,465,15.5
DEM-004197,MED-023,LOC-001,2026-08-25,105,450,15.0
DEM-004198,MED-023,LOC-001,2026-08-24,141,603,20.1
DEM-004199,MED-023,LOC-001,2026-08-23,103,441,14.7
DEM-004200,MED-023,LOC-002,2026-09-10,73,346,11.3
DEM-004201,MED-023,LOC-002,2026-09-09,93,399,13.3
DEM-004202,MED-023,LOC-002,2026-09-08,65,279,9.3
DEM-004203,MED-023,LOC-002,2026-09-07,65,279,9.3
DEM-004204,MED-023,LOC-002,2026-09-06,84,360,12.0
DEM-004205,MED-023,LOC-002,2026-09-05,80,345,11.5
DEM-004206,MED-023,LOC-002,2026-09-04,88,375,12.5
DEM-004207,MED-023,LOC-002,2026-09-03,68,291,9.7
DEM-004208,MED-023,LOC-002,2026-09-02,86,369,12.3
DEM-004209,MED-023,LOC-002,2026-09-01,91,390,13.0
DEM-004210,MED-023,LOC-002,2026-08-31,70,300,10.0
DEM-004211,MED-023,LOC-002,2026-08-30,62,267,8.9
DEM-004212,MED-023,LOC-002,2026-08-29,93,399,13.3
DEM-004213,MED-023,LOC-002,2026-08-28,74,315,10.5
DEM-004214,MED-023,LOC-002,2026-08-27,99,426,14.2
DEM-004215,MED-023,LOC-002,2026-08-26,63,270,9.0
DEM-004216,MED-023,LOC-002,2026-08-25,88,378,12.6
DEM-004217,MED-023,LOC-002,2026-08-24,78,333,11.1
DEM-004218,MED-023,LOC-002,2026-08-23,74,318,10.6
DEM-004219,MED-023,LOC-003,2026-09-10,117,441,15.9
DEM-004220,MED-023,LOC-003,2026-09-09,102,438,14.6
DEM-004221,MED-023,LOC-003,2026-09-08,144,618,20.6
DEM-004222,MED-023,LOC-003,2026-09-07,121,519,17.3
DEM-004223,MED-023,LOC-003,2026-09-06,144,618,20.6
DEM-004224,MED-023,LOC-003,2026-09-05,111,474,15.8
DEM-004225,MED-023,LOC-003,2026-09-04,92,396,13.2
DEM-004226,MED-023,LOC-003,2026-09-03,86,369,12.3
DEM-004227,MED-023,LOC-003,2026-09-02,134,573,19.1
DEM-004228,MED-023,LOC-003,2026-09-01,96,411,13.7
DEM-004229,MED-023,LOC-003,2026-08-31,106,456,15.2
DEM-004230,MED-023,LOC-003,2026-08-30,130,558,18.6
DEM-004231,MED-023,LOC-003,2026-08-29,136,582,19.4
DEM-004232,MED-023,LOC-003,2026-08-28,90,387,12.9
DEM-004233,MED-023,LOC-003,2026-08-27,87,372,12.4
DEM-004234,MED-023,LOC-003,2026-08-26,141,606,20.2
DEM-004235,MED-023,LOC-003,2026-08-25,140,600,20.0
DEM-004236,MED-023,LOC-003,2026-08-24,136,585,19.5
DEM-004237,MED-023,LOC-003,2026-08-23,134,573,19.1
DEM-004238,MED-023,LOC-004,2026-09-10,72,271,9.6
DEM-004239,MED-023,LOC-004,2026-09-09,67,288,9.6
DEM-004240,MED-023,LOC-004,2026-09-08,51,219,7.3
DEM-004241,MED-023,LOC-004,2026-09-07,58,249,8.3
DEM-004242,MED-023,LOC-004,2026-09-06,70,300,10.0
DEM-004243,MED-023,LOC-004,2026-09-05,58,249,8.3
DEM-004244,MED-023,LOC-004,2026-09-04,70,300,10.0
DEM-004245,MED-023,LOC-004,2026-09-03,60,258,8.6
DEM-004246,MED-023,LOC-004,2026-09-02,69,294,9.8
DEM-004247,MED-023,LOC-004,2026-09-01,78,333,11.1
DEM-004248,MED-023,LOC-004,2026-08-31,55,237,7.9
DEM-004249,MED-023,LOC-004,2026-08-30,76,327,10.9
DEM-004250,MED-023,LOC-004,2026-08-29,51,219,7.3
DEM-004251,MED-023,LOC-004,2026-08-28,72,309,10.3
DEM-004252,MED-023,LOC-004,2026-08-27,75,321,10.7
DEM-004253,MED-023,LOC-004,2026-08-26,52,222,7.4
DEM-004254,MED-023,LOC-004,2026-08-25,57,243,8.1
DEM-004255,MED-023,LOC-004,2026-08-24,61,261,8.7
DEM-004256,MED-023,LOC-004,2026-08-23,80,342,11.4
DEM-004257,MED-023,LOC-005,2026-09-10,114,564,17.9
DEM-004258,MED-023,LOC-005,2026-09-09,94,405,13.5
DEM-004259,MED-023,LOC-005,2026-09-08,121,519,17.3
DEM-004260,MED-023,LOC-005,2026-09-07,113,483,16.1
DEM-004261,MED-023,LOC-005,2026-09-06,153,654,21.8
DEM-004262,MED-023,LOC-005,2026-09-05,139,597,19.9
DEM-004263,MED-023,LOC-005,2026-09-04,153,657,21.9
DEM-004264,MED-023,LOC-005,2026-09-03,95,408,13.6
DEM-004265,MED-023,LOC-005,2026-09-02,154,660,22.0
DEM-004266,MED-023,LOC-005,2026-09-01,139,594,19.8
DEM-004267,MED-023,LOC-005,2026-08-31,110,471,15.7
DEM-004268,MED-023,LOC-005,2026-08-30,120,516,17.2
DEM-004269,MED-023,LOC-005,2026-08-29,161,690,23.0
DEM-004270,MED-023,LOC-005,2026-08-28,101,432,14.4
DEM-004271,MED-023,LOC-005,2026-08-27,116,495,16.5
DEM-004272,MED-023,LOC-005,2026-08-26,154,660,22.0
DEM-004273,MED-023,LOC-005,2026-08-25,131,561,18.7
DEM-004274,MED-023,LOC-005,2026-08-24,107,459,15.3
DEM-004275,MED-023,LOC-005,2026-08-23,129,552,18.4
DEM-004276,MED-023,LOC-006,2026-09-10,59,205,7.4
DEM-004277,MED-023,LOC-006,2026-09-09,46,198,6.6
DEM-004278,MED-023,LOC-006,2026-09-08,54,231,7.7
DEM-004279,MED-023,LOC-006,2026-09-07,48,207,6.9
DEM-004280,MED-023,LOC-006,2026-09-06,50,216,7.2
DEM-004281,MED-023,LOC-006,2026-09-05,43,186,6.2
DEM-004282,MED-023,LOC-006,2026-09-04,49,210,7.0
DEM-004283,MED-023,LOC-006,2026-09-03,49,210,7.0
DEM-004284,MED-023,LOC-006,2026-09-02,57,243,8.1
DEM-004285,MED-023,LOC-006,2026-09-01,46,195,6.5
DEM-004286,MED-023,LOC-006,2026-08-31,66,285,9.5
DEM-004287,MED-023,LOC-006,2026-08-30,53,228,7.6
DEM-004288,MED-023,LOC-006,2026-08-29,62,267,8.9
DEM-004289,MED-023,LOC-006,2026-08-28,57,243,8.1
DEM-004290,MED-023,LOC-006,2026-08-27,64,273,9.1
DEM-004291,MED-023,LOC-006,2026-08-26,64,276,9.2
DEM-004292,MED-023,LOC-006,2026-08-25,62,267,8.9
DEM-004293,MED-023,LOC-006,2026-08-24,40,171,5.7
DEM-004294,MED-023,LOC-006,2026-08-23,55,234,7.8
DEM-004295,MED-023,LOC-007,2026-09-10,71,356,10.8
DEM-004296,MED-023,LOC-007,2026-09-09,84,360,12.0
DEM-004297,MED-023,LOC-007,2026-09-08,60,258,8.6
DEM-004298,MED-023,LOC-007,2026-09-07,73,312,10.4
DEM-004299,MED-023,LOC-007,2026-09-06,97,414,13.8
DEM-004300,MED-023,LOC-007,2026-09-05,82,351,11.7
DEM-004301,MED-023,LOC-007,2026-09-04,83,354,11.8
DEM-004302,MED-023,LOC-007,2026-09-03,66,285,9.5
DEM-004303,MED-023,LOC-007,2026-09-02,66,285,9.5
DEM-004304,MED-023,LOC-007,2026-09-01,63,270,9.0
DEM-004305,MED-023,LOC-007,2026-08-31,97,417,13.9
DEM-004306,MED-023,LOC-007,2026-08-30,94,405,13.5
DEM-004307,MED-023,LOC-007,2026-08-29,71,303,10.1
DEM-004308,MED-023,LOC-007,2026-08-28,79,339,11.3
DEM-004309,MED-023,LOC-007,2026-08-27,65,279,9.3
DEM-004310,MED-023,LOC-007,2026-08-26,62,267,8.9
DEM-004311,MED-023,LOC-007,2026-08-25,79,339,11.3
DEM-004312,MED-023,LOC-007,2026-08-24,90,387,12.9
DEM-004313,MED-023,LOC-007,2026-08-23,92,396,13.2
DEM-004314,MED-023,LOC-008,2026-09-10,52,212,6.9
DEM-004315,MED-023,LOC-008,2026-09-09,40,171,5.7
DEM-004316,MED-023,LOC-008,2026-09-08,63,270,9.0
DEM-004317,MED-023,LOC-008,2026-09-07,62,267,8.9
DEM-004318,MED-023,LOC-008,2026-09-06,40,171,5.7
DEM-004319,MED-023,LOC-008,2026-09-05,61,261,8.7
DEM-004320,MED-023,LOC-008,2026-09-04,61,261,8.7
DEM-004321,MED-023,LOC-008,2026-09-03,45,192,6.4
DEM-004322,MED-023,LOC-008,2026-09-02,51,219,7.3
DEM-004323,MED-023,LOC-008,2026-09-01,62,264,8.8
DEM-004324,MED-023,LOC-008,2026-08-31,39,168,5.6
DEM-004325,MED-023,LOC-008,2026-08-30,45,192,6.4
DEM-004326,MED-023,LOC-008,2026-08-29,60,255,8.5
DEM-004327,MED-023,LOC-008,2026-08-28,55,237,7.9
DEM-004328,MED-023,LOC-008,2026-08-27,57,243,8.1
DEM-004329,MED-023,LOC-008,2026-08-26,60,255,8.5
DEM-004330,MED-023,LOC-008,2026-08-25,47,201,6.7
DEM-004331,MED-023,LOC-008,2026-08-24,47,201,6.7
DEM-004332,MED-023,LOC-008,2026-08-23,48,207,6.9
DEM-004333,MED-023,LOC-009,2026-09-10,108,455,13.7
DEM-004334,MED-023,LOC-009,2026-09-09,86,369,12.3
DEM-004335,MED-023,LOC-009,2026-09-08,113,483,16.1
DEM-004336,MED-023,LOC-009,2026-09-07,78,333,11.1
DEM-004337,MED-023,LOC-009,2026-09-06,82,351,11.7
DEM-004338,MED-023,LOC-009,2026-09-05,112,480,16.0
DEM-004339,MED-023,LOC-009,2026-09-04,104,447,14.9
DEM-004340,MED-023,LOC-009,2026-09-03,86,369,12.3
DEM-004341,MED-023,LOC-009,2026-09-02,102,435,14.5
DEM-004342,MED-023,LOC-009,2026-09-01,84,360,12.0
DEM-004343,MED-023,LOC-009,2026-08-31,84,360,12.0
DEM-004344,MED-023,LOC-009,2026-08-30,108,465,15.5
DEM-004345,MED-023,LOC-009,2026-08-29,91,390,13.0
DEM-004346,MED-023,LOC-009,2026-08-28,108,465,15.5
DEM-004347,MED-023,LOC-009,2026-08-27,97,417,13.9
DEM-004348,MED-023,LOC-009,2026-08-26,99,423,14.1
DEM-004349,MED-023,LOC-009,2026-08-25,104,444,14.8
DEM-004350,MED-023,LOC-009,2026-08-24,109,468,15.6
DEM-004351,MED-023,LOC-009,2026-08-23,92,393,13.1
DEM-004352,MED-023,LOC-010,2026-09-10,95,378,13.3
DEM-004353,MED-023,LOC-010,2026-09-09,80,342,11.4
DEM-004354,MED-023,LOC-010,2026-09-08,71,306,10.2
DEM-004355,MED-023,LOC-010,2026-09-07,109,468,15.6
DEM-004356,MED-023,LOC-010,2026-09-06,71,303,10.1
DEM-004357,MED-023,LOC-010,2026-09-05,83,357,11.9
DEM-004358,MED-023,LOC-010,2026-09-04,91,390,13.0
DEM-004359,MED-023,LOC-010,2026-09-03,108,462,15.4
DEM-004360,MED-023,LOC-010,2026-09-02,120,516,17.2
DEM-004361,MED-023,LOC-010,2026-09-01,108,465,15.5
DEM-004362,MED-023,LOC-010,2026-08-31,74,315,10.5
DEM-004363,MED-023,LOC-010,2026-08-30,118,504,16.8
DEM-004364,MED-023,LOC-010,2026-08-29,120,516,17.2
DEM-004365,MED-023,LOC-010,2026-08-28,114,489,16.3
DEM-004366,MED-023,LOC-010,2026-08-27,95,408,13.6
DEM-004367,MED-023,LOC-010,2026-08-26,87,372,12.4
DEM-004368,MED-023,LOC-010,2026-08-25,93,399,13.3
DEM-004369,MED-023,LOC-010,2026-08-24,83,354,11.8
DEM-004370,MED-023,LOC-010,2026-08-23,90,387,12.9
DEM-004371,MED-024,LOC-001,2026-09-10,136,575,19.5
DEM-004372,MED-024,LOC-001,2026-09-09,148,636,21.2
DEM-004373,MED-024,LOC-001,2026-09-08,158,678,22.6
DEM-004374,MED-024,LOC-001,2026-09-07,147,630,21.0
DEM-004375,MED-024,LOC-001,2026-09-06,142,609,20.3
DEM-004376,MED-024,LOC-001,2026-09-05,168,720,24.0
DEM-004377,MED-024,LOC-001,2026-09-04,162,693,23.1
DEM-004378,MED-024,LOC-001,2026-09-03,141,606,20.2
DEM-004379,MED-024,LOC-001,2026-09-02,136,585,19.5
DEM-004380,MED-024,LOC-001,2026-09-01,164,705,23.5
DEM-004381,MED-024,LOC-001,2026-08-31,106,453,15.1
DEM-004382,MED-024,LOC-001,2026-08-30,177,759,25.3
DEM-004383,MED-024,LOC-001,2026-08-29,141,606,20.2
DEM-004384,MED-024,LOC-001,2026-08-28,132,567,18.9
DEM-004385,MED-024,LOC-001,2026-08-27,158,675,22.5
DEM-004386,MED-024,LOC-001,2026-08-26,144,618,20.6
DEM-004387,MED-024,LOC-001,2026-08-25,141,606,20.2
DEM-004388,MED-024,LOC-001,2026-08-24,150,642,21.4
DEM-004389,MED-024,LOC-001,2026-08-23,106,456,15.2
DEM-004390,MED-024,LOC-002,2026-09-10,79,333,11.3
DEM-004391,MED-024,LOC-002,2026-09-09,95,408,13.6
DEM-004392,MED-024,LOC-002,2026-09-08,79,339,11.3
DEM-004393,MED-024,LOC-002,2026-09-07,78,333,11.1
DEM-004394,MED-024,LOC-002,2026-09-06,86,369,12.3
DEM-004395,MED-024,LOC-002,2026-09-05,62,264,8.8
DEM-004396,MED-024,LOC-002,2026-09-04,82,351,11.7
DEM-004397,MED-024,LOC-002,2026-09-03,66,282,9.4
DEM-004398,MED-024,LOC-002,2026-09-02,95,408,13.6
DEM-004399,MED-024,LOC-002,2026-09-01,79,339,11.3
DEM-004400,MED-024,LOC-002,2026-08-31,91,390,13.0
DEM-004401,MED-024,LOC-002,2026-08-30,64,276,9.2
DEM-004402,MED-024,LOC-002,2026-08-29,93,399,13.3
DEM-004403,MED-024,LOC-002,2026-08-28,100,429,14.3
DEM-004404,MED-024,LOC-002,2026-08-27,90,384,12.8
DEM-004405,MED-024,LOC-002,2026-08-26,65,279,9.3
DEM-004406,MED-024,LOC-002,2026-08-25,77,330,11.0
DEM-004407,MED-024,LOC-002,2026-08-24,79,339,11.3
DEM-004408,MED-024,LOC-002,2026-08-23,67,288,9.6
DEM-004409,MED-024,LOC-003,2026-09-10,140,533,18.5
DEM-004410,MED-024,LOC-003,2026-09-09,130,555,18.5
DEM-004411,MED-024,LOC-003,2026-09-08,115,492,16.4
DEM-004412,MED-024,LOC-003,2026-09-07,146,627,20.9
DEM-004413,MED-024,LOC-003,2026-09-06,162,693,23.1
DEM-004414,MED-024,LOC-003,2026-09-05,154,660,22.0
DEM-004415,MED-024,LOC-003,2026-09-04,148,636,21.2
DEM-004416,MED-024,LOC-003,2026-09-03,106,453,15.1
DEM-004417,MED-024,LOC-003,2026-09-02,105,450,15.0
DEM-004418,MED-024,LOC-003,2026-09-01,129,552,18.4
DEM-004419,MED-024,LOC-003,2026-08-31,123,528,17.6
DEM-004420,MED-024,LOC-003,2026-08-30,134,576,19.2
DEM-004421,MED-024,LOC-003,2026-08-29,125,534,17.8
DEM-004422,MED-024,LOC-003,2026-08-28,153,657,21.9
DEM-004423,MED-024,LOC-003,2026-08-27,134,573,19.1
DEM-004424,MED-024,LOC-003,2026-08-26,164,705,23.5
DEM-004425,MED-024,LOC-003,2026-08-25,124,531,17.7
DEM-004426,MED-024,LOC-003,2026-08-24,124,531,17.7
DEM-004427,MED-024,LOC-003,2026-08-23,152,651,21.7
DEM-004428,MED-024,LOC-004,2026-09-10,104,448,14.2
DEM-004429,MED-024,LOC-004,2026-09-09,83,354,11.8
DEM-004430,MED-024,LOC-004,2026-09-08,122,522,17.4
DEM-004431,MED-024,LOC-004,2026-09-07,84,360,12.0
DEM-004432,MED-024,LOC-004,2026-09-06,113,486,16.2
DEM-004433,MED-024,LOC-004,2026-09-05,97,417,13.9
DEM-004434,MED-024,LOC-004,2026-09-04,92,393,13.1
DEM-004435,MED-024,LOC-004,2026-09-03,117,501,16.7
DEM-004436,MED-024,LOC-004,2026-09-02,99,423,14.1
DEM-004437,MED-024,LOC-004,2026-09-01,108,465,15.5
DEM-004438,MED-024,LOC-004,2026-08-31,81,348,11.6
DEM-004439,MED-024,LOC-004,2026-08-30,82,351,11.7
DEM-004440,MED-024,LOC-004,2026-08-29,85,366,12.2
DEM-004441,MED-024,LOC-004,2026-08-28,108,465,15.5
DEM-004442,MED-024,LOC-004,2026-08-27,88,378,12.6
DEM-004443,MED-024,LOC-004,2026-08-26,99,426,14.2
DEM-004444,MED-024,LOC-004,2026-08-25,121,519,17.3
DEM-004445,MED-024,LOC-004,2026-08-24,104,447,14.9
DEM-004446,MED-024,LOC-004,2026-08-23,75,321,10.7
DEM-004447,MED-024,LOC-005,2026-09-10,138,638,20.5
DEM-004448,MED-024,LOC-005,2026-09-09,145,621,20.7
DEM-004449,MED-024,LOC-005,2026-09-08,140,600,20.0
DEM-004450,MED-024,LOC-005,2026-09-07,114,489,16.3
DEM-004451,MED-024,LOC-005,2026-09-06,155,663,22.1
DEM-004452,MED-024,LOC-005,2026-09-05,127,543,18.1
DEM-004453,MED-024,LOC-005,2026-09-04,150,645,21.5
DEM-004454,MED-024,LOC-005,2026-09-03,157,672,22.4
DEM-004455,MED-024,LOC-005,2026-09-02,152,651,21.7
DEM-004456,MED-024,LOC-005,2026-09-01,173,741,24.7
DEM-004457,MED-024,LOC-005,2026-08-31,111,477,15.9
DEM-004458,MED-024,LOC-005,2026-08-30,119,510,17.0
DEM-004459,MED-024,LOC-005,2026-08-29,159,681,22.7
DEM-004460,MED-024,LOC-005,2026-08-28,111,474,15.8
DEM-004461,MED-024,LOC-005,2026-08-27,175,750,25.0
DEM-004462,MED-024,LOC-005,2026-08-26,160,687,22.9
DEM-004463,MED-024,LOC-005,2026-08-25,174,744,24.8
DEM-004464,MED-024,LOC-005,2026-08-24,131,561,18.7
DEM-004465,MED-024,LOC-005,2026-08-23,181,774,25.8
DEM-004466,MED-024,LOC-006,2026-09-10,46,186,6.5
DEM-004467,MED-024,LOC-006,2026-09-09,51,219,7.3
DEM-004468,MED-024,LOC-006,2026-09-08,50,213,7.1
DEM-004469,MED-024,LOC-006,2026-09-07,51,219,7.3
DEM-004470,MED-024,LOC-006,2026-09-06,49,210,7.0
DEM-004471,MED-024,LOC-006,2026-09-05,54,231,7.7
DEM-004472,MED-024,LOC-006,2026-09-04,38,165,5.5
DEM-004473,MED-024,LOC-006,2026-09-03,46,195,6.5
DEM-004474,MED-024,LOC-006,2026-09-02,48,207,6.9
DEM-004475,MED-024,LOC-006,2026-09-01,57,246,8.2
DEM-004476,MED-024,LOC-006,2026-08-31,36,156,5.2
DEM-004477,MED-024,LOC-006,2026-08-30,41,177,5.9
DEM-004478,MED-024,LOC-006,2026-08-29,43,186,6.2
DEM-004479,MED-024,LOC-006,2026-08-28,43,186,6.2
DEM-004480,MED-024,LOC-006,2026-08-27,36,153,5.1
DEM-004481,MED-024,LOC-006,2026-08-26,45,192,6.4
DEM-004482,MED-024,LOC-006,2026-08-25,48,204,6.8
DEM-004483,MED-024,LOC-006,2026-08-24,41,177,5.9
DEM-004484,MED-024,LOC-006,2026-08-23,38,162,5.4
DEM-004485,MED-024,LOC-007,2026-09-10,89,406,13.2
DEM-004486,MED-024,LOC-007,2026-09-09,96,411,13.7
DEM-004487,MED-024,LOC-007,2026-09-08,105,450,15.0
DEM-004488,MED-024,LOC-007,2026-09-07,100,429,14.3
DEM-004489,MED-024,LOC-007,2026-09-06,75,321,10.7
DEM-004490,MED-024,LOC-007,2026-09-05,106,456,15.2
DEM-004491,MED-024,LOC-007,2026-09-04,102,435,14.5
DEM-004492,MED-024,LOC-007,2026-09-03,120,513,17.1
DEM-004493,MED-024,LOC-007,2026-09-02,94,402,13.4
DEM-004494,MED-024,LOC-007,2026-09-01,104,447,14.9
DEM-004495,MED-024,LOC-007,2026-08-31,117,501,16.7
DEM-004496,MED-024,LOC-007,2026-08-30,120,513,17.1
DEM-004497,MED-024,LOC-007,2026-08-29,84,360,12.0
DEM-004498,MED-024,LOC-007,2026-08-28,100,429,14.3
DEM-004499,MED-024,LOC-007,2026-08-27,85,366,12.2
DEM-004500,MED-024,LOC-007,2026-08-26,96,411,13.7
DEM-004501,MED-024,LOC-007,2026-08-25,120,513,17.1
DEM-004502,MED-024,LOC-007,2026-08-24,88,375,12.5
DEM-004503,MED-024,LOC-007,2026-08-23,76,324,10.8
DEM-004504,MED-024,LOC-008,2026-09-10,58,251,8.0
DEM-004505,MED-024,LOC-008,2026-09-09,57,246,8.2
DEM-004506,MED-024,LOC-008,2026-09-08,48,204,6.8
DEM-004507,MED-024,LOC-008,2026-09-07,61,261,8.7
DEM-004508,MED-024,LOC-008,2026-09-06,64,273,9.1
DEM-004509,MED-024,LOC-008,2026-09-05,72,309,10.3
DEM-004510,MED-024,LOC-008,2026-09-04,42,180,6.0
DEM-004511,MED-024,LOC-008,2026-09-03,43,183,6.1
DEM-004512,MED-024,LOC-008,2026-09-02,62,264,8.8
DEM-004513,MED-024,LOC-008,2026-09-01,46,195,6.5
DEM-004514,MED-024,LOC-008,2026-08-31,68,291,9.7
DEM-004515,MED-024,LOC-008,2026-08-30,66,285,9.5
DEM-004516,MED-024,LOC-008,2026-08-29,73,312,10.4
DEM-004517,MED-024,LOC-008,2026-08-28,55,234,7.8
DEM-004518,MED-024,LOC-008,2026-08-27,52,225,7.5
DEM-004519,MED-024,LOC-008,2026-08-26,60,255,8.5
DEM-004520,MED-024,LOC-008,2026-08-25,62,264,8.8
DEM-004521,MED-024,LOC-008,2026-08-24,42,180,6.0
DEM-004522,MED-024,LOC-008,2026-08-23,48,207,6.9
DEM-004523,MED-024,LOC-009,2026-09-10,87,333,11.3
DEM-004524,MED-024,LOC-009,2026-09-09,81,348,11.6
DEM-004525,MED-024,LOC-009,2026-09-08,74,315,10.5
DEM-004526,MED-024,LOC-009,2026-09-07,60,255,8.5
DEM-004527,MED-024,LOC-009,2026-09-06,89,381,12.7
DEM-004528,MED-024,LOC-009,2026-09-05,74,318,10.6
DEM-004529,MED-024,LOC-009,2026-09-04,91,390,13.0
DEM-004530,MED-024,LOC-009,2026-09-03,86,369,12.3
DEM-004531,MED-024,LOC-009,2026-09-02,61,261,8.7
DEM-004532,MED-024,LOC-009,2026-09-01,67,288,9.6
DEM-004533,MED-024,LOC-009,2026-08-31,74,315,10.5
DEM-004534,MED-024,LOC-009,2026-08-30,74,318,10.6
DEM-004535,MED-024,LOC-009,2026-08-29,89,381,12.7
DEM-004536,MED-024,LOC-009,2026-08-28,99,426,14.2
DEM-004537,MED-024,LOC-009,2026-08-27,94,402,13.4
DEM-004538,MED-024,LOC-009,2026-08-26,88,375,12.5
DEM-004539,MED-024,LOC-009,2026-08-25,80,345,11.5
DEM-004540,MED-024,LOC-009,2026-08-24,87,372,12.4
DEM-004541,MED-024,LOC-009,2026-08-23,98,420,14.0
DEM-004542,MED-024,LOC-010,2026-09-10,85,401,12.4
DEM-004543,MED-024,LOC-010,2026-09-09,85,363,12.1
DEM-004544,MED-024,LOC-010,2026-09-08,101,432,14.4
DEM-004545,MED-024,LOC-010,2026-09-07,105,450,15.0
DEM-004546,MED-024,LOC-010,2026-09-06,79,339,11.3
DEM-004547,MED-024,LOC-010,2026-09-05,99,426,14.2
DEM-004548,MED-024,LOC-010,2026-09-04,80,345,11.5
DEM-004549,MED-024,LOC-010,2026-09-03,91,390,13.0
DEM-004550,MED-024,LOC-010,2026-09-02,75,321,10.7
DEM-004551,MED-024,LOC-010,2026-09-01,98,420,14.0
DEM-004552,MED-024,LOC-010,2026-08-31,104,444,14.8
DEM-004553,MED-024,LOC-010,2026-08-30,108,462,15.4
DEM-004554,MED-024,LOC-010,2026-08-29,82,351,11.7
DEM-004555,MED-024,LOC-010,2026-08-28,111,477,15.9
DEM-004556,MED-024,LOC-010,2026-08-27,78,336,11.2
DEM-004557,MED-024,LOC-010,2026-08-26,66,285,9.5
DEM-004558,MED-024,LOC-010,2026-08-25,112,480,16.0
DEM-004559,MED-024,LOC-010,2026-08-24,95,408,13.6
DEM-004560,MED-024,LOC-010,2026-08-23,105,450,15.0
DEM-004561,MED-025,LOC-001,2026-09-10,220,980,29.9
DEM-004562,MED-025,LOC-001,2026-09-09,244,1044,34.8
DEM-004563,MED-025,LOC-001,2026-09-08,238,1020,34.0
DEM-004564,MED-025,LOC-001,2026-09-07,193,828,27.6
DEM-004565,MED-025,LOC-001,2026-09-06,160,687,22.9
DEM-004566,MED-025,LOC-001,2026-09-05,204,876,29.2
DEM-004567,MED-025,LOC-001,2026-09-04,214,918,30.6
DEM-004568,MED-025,LOC-001,2026-09-03,184,789,26.3
DEM-004569,MED-025,LOC-001,2026-09-02,209,897,29.9
DEM-004570,MED-025,LOC-001,2026-09-01,267,1143,38.1
DEM-004571,MED-025,LOC-001,2026-08-31,182,780,26.0
DEM-004572,MED-025,LOC-001,2026-08-30,192,822,27.4
DEM-004573,MED-025,LOC-001,2026-08-29,170,729,24.3
DEM-004574,MED-025,LOC-001,2026-08-28,247,1059,35.3
DEM-004575,MED-025,LOC-001,2026-08-27,246,1056,35.2
DEM-004576,MED-025,LOC-001,2026-08-26,262,1122,37.4
DEM-004577,MED-025,LOC-001,2026-08-25,208,891,29.7
DEM-004578,MED-025,LOC-001,2026-08-24,160,684,22.8
DEM-004579,MED-025,LOC-001,2026-08-23,213,912,30.4
DEM-004580,MED-025,LOC-002,2026-09-10,142,709,21.4
DEM-004581,MED-025,LOC-002,2026-09-09,173,741,24.7
DEM-004582,MED-025,LOC-002,2026-09-08,155,666,22.2
DEM-004583,MED-025,LOC-002,2026-09-07,176,756,25.2
DEM-004584,MED-025,LOC-002,2026-09-06,124,531,17.7
DEM-004585,MED-025,LOC-002,2026-09-05,184,789,26.3
DEM-004586,MED-025,LOC-002,2026-09-04,180,771,25.7
DEM-004587,MED-025,LOC-002,2026-09-03,190,813,27.1
DEM-004588,MED-025,LOC-002,2026-09-02,168,720,24.0
DEM-004589,MED-025,LOC-002,2026-09-01,123,528,17.6
DEM-004590,MED-025,LOC-002,2026-08-31,172,738,24.6
DEM-004591,MED-025,LOC-002,2026-08-30,150,645,21.5
DEM-004592,MED-025,LOC-002,2026-08-29,171,732,24.4
DEM-004593,MED-025,LOC-002,2026-08-28,155,666,22.2
DEM-004594,MED-025,LOC-002,2026-08-27,113,483,16.1
DEM-004595,MED-025,LOC-002,2026-08-26,189,810,27.0
DEM-004596,MED-025,LOC-002,2026-08-25,169,723,24.1
DEM-004597,MED-025,LOC-002,2026-08-24,161,690,23.0
DEM-004598,MED-025,LOC-002,2026-08-23,120,513,17.1
DEM-004599,MED-025,LOC-003,2026-09-10,197,946,30.8
DEM-004600,MED-025,LOC-003,2026-09-09,240,1029,34.3
DEM-004601,MED-025,LOC-003,2026-09-08,199,852,28.4
DEM-004602,MED-025,LOC-003,2026-09-07,230,987,32.9
DEM-004603,MED-025,LOC-003,2026-09-06,199,852,28.4
DEM-004604,MED-025,LOC-003,2026-09-05,267,1146,38.2
DEM-004605,MED-025,LOC-003,2026-09-04,200,855,28.5
DEM-004606,MED-025,LOC-003,2026-09-03,185,792,26.4
DEM-004607,MED-025,LOC-003,2026-09-02,195,834,27.8
DEM-004608,MED-025,LOC-003,2026-09-01,200,855,28.5
DEM-004609,MED-025,LOC-003,2026-08-31,214,918,30.6
DEM-004610,MED-025,LOC-003,2026-08-30,176,753,25.1
DEM-004611,MED-025,LOC-003,2026-08-29,179,768,25.6
DEM-004612,MED-025,LOC-003,2026-08-28,194,831,27.7
DEM-004613,MED-025,LOC-003,2026-08-27,164,702,23.4
DEM-004614,MED-025,LOC-003,2026-08-26,236,1011,33.7
DEM-004615,MED-025,LOC-003,2026-08-25,223,954,31.8
DEM-004616,MED-025,LOC-003,2026-08-24,186,798,26.6
DEM-004617,MED-025,LOC-003,2026-08-23,203,870,29.0
DEM-004618,MED-025,LOC-004,2026-09-10,131,637,20.0
DEM-004619,MED-025,LOC-004,2026-09-09,127,543,18.1
DEM-004620,MED-025,LOC-004,2026-09-08,124,531,17.7
DEM-004621,MED-025,LOC-004,2026-09-07,111,474,15.8
DEM-004622,MED-025,LOC-004,2026-09-06,152,651,21.7
DEM-004623,MED-025,LOC-004,2026-09-05,131,561,18.7
DEM-004624,MED-025,LOC-004,2026-09-04,139,597,19.9
DEM-004625,MED-025,LOC-004,2026-09-03,115,492,16.4
DEM-004626,MED-025,LOC-004,2026-09-02,141,606,20.2
DEM-004627,MED-025,LOC-004,2026-09-01,157,672,22.4
DEM-004628,MED-025,LOC-004,2026-08-31,113,486,16.2
DEM-004629,MED-025,LOC-004,2026-08-30,109,468,15.6
DEM-004630,MED-025,LOC-004,2026-08-29,138,591,19.7
DEM-004631,MED-025,LOC-004,2026-08-28,119,510,17.0
DEM-004632,MED-025,LOC-004,2026-08-27,151,648,21.6
DEM-004633,MED-025,LOC-004,2026-08-26,150,645,21.5
DEM-004634,MED-025,LOC-004,2026-08-25,169,726,24.2
DEM-004635,MED-025,LOC-004,2026-08-24,159,681,22.7
DEM-004636,MED-025,LOC-004,2026-08-23,153,654,21.8
DEM-004637,MED-025,LOC-005,2026-09-10,224,924,29.0
DEM-004638,MED-025,LOC-005,2026-09-09,228,975,32.5
DEM-004639,MED-025,LOC-005,2026-09-08,212,909,30.3
DEM-004640,MED-025,LOC-005,2026-09-07,261,1119,37.3
DEM-004641,MED-025,LOC-005,2026-09-06,237,1014,33.8
DEM-004642,MED-025,LOC-005,2026-09-05,204,876,29.2
DEM-004643,MED-025,LOC-005,2026-09-04,167,717,23.9
DEM-004644,MED-025,LOC-005,2026-09-03,243,1041,34.7
DEM-004645,MED-025,LOC-005,2026-09-02,255,1092,36.4
DEM-004646,MED-025,LOC-005,2026-09-01,204,876,29.2
DEM-004647,MED-025,LOC-005,2026-08-31,203,870,29.0
DEM-004648,MED-025,LOC-005,2026-08-30,229,981,32.7
DEM-004649,MED-025,LOC-005,2026-08-29,232,993,33.1
DEM-004650,MED-025,LOC-005,2026-08-28,204,876,29.2
DEM-004651,MED-025,LOC-005,2026-08-27,178,762,25.4
DEM-004652,MED-025,LOC-005,2026-08-26,177,759,25.3
DEM-004653,MED-025,LOC-005,2026-08-25,248,1065,35.5
DEM-004654,MED-025,LOC-005,2026-08-24,221,948,31.6
DEM-004655,MED-025,LOC-005,2026-08-23,254,1089,36.3
DEM-004656,MED-025,LOC-006,2026-09-10,99,414,13.1
DEM-004657,MED-025,LOC-006,2026-09-09,108,465,15.5
DEM-004658,MED-025,LOC-006,2026-09-08,113,486,16.2
DEM-004659,MED-025,LOC-006,2026-09-07,92,393,13.1
DEM-004660,MED-025,LOC-006,2026-09-06,70,300,10.0
DEM-004661,MED-025,LOC-006,2026-09-05,92,396,13.2
DEM-004662,MED-025,LOC-006,2026-09-04,87,372,12.4
DEM-004663,MED-025,LOC-006,2026-09-03,92,393,13.1
DEM-004664,MED-025,LOC-006,2026-09-02,78,333,11.1
DEM-004665,MED-025,LOC-006,2026-09-01,108,462,15.4
DEM-004666,MED-025,LOC-006,2026-08-31,99,426,14.2
DEM-004667,MED-025,LOC-006,2026-08-30,75,321,10.7
DEM-004668,MED-025,LOC-006,2026-08-29,74,318,10.6
DEM-004669,MED-025,LOC-006,2026-08-28,110,471,15.7
DEM-004670,MED-025,LOC-006,2026-08-27,109,468,15.6
DEM-004671,MED-025,LOC-006,2026-08-26,85,366,12.2
DEM-004672,MED-025,LOC-006,2026-08-25,102,435,14.5
DEM-004673,MED-025,LOC-006,2026-08-24,108,465,15.5
DEM-004674,MED-025,LOC-006,2026-08-23,96,411,13.7
DEM-004675,MED-025,LOC-007,2026-09-10,145,645,20.6
DEM-004676,MED-025,LOC-007,2026-09-09,152,651,21.7
DEM-004677,MED-025,LOC-007,2026-09-08,186,795,26.5
DEM-004678,MED-025,LOC-007,2026-09-07,139,594,19.8
DEM-004679,MED-025,LOC-007,2026-09-06,135,579,19.3
DEM-004680,MED-025,LOC-007,2026-09-05,173,741,24.7
DEM-004681,MED-025,LOC-007,2026-09-04,155,663,22.1
DEM-004682,MED-025,LOC-007,2026-09-03,170,729,24.3
DEM-004683,MED-025,LOC-007,2026-09-02,143,612,20.4
DEM-004684,MED-025,LOC-007,2026-09-01,171,732,24.4
DEM-004685,MED-025,LOC-007,2026-08-31,151,648,21.6
DEM-004686,MED-025,LOC-007,2026-08-30,127,543,18.1
DEM-004687,MED-025,LOC-007,2026-08-29,161,690,23.0
DEM-004688,MED-025,LOC-007,2026-08-28,114,489,16.3
DEM-004689,MED-025,LOC-007,2026-08-27,182,780,26.0
DEM-004690,MED-025,LOC-007,2026-08-26,154,660,22.0
DEM-004691,MED-025,LOC-007,2026-08-25,147,630,21.0
DEM-004692,MED-025,LOC-007,2026-08-24,155,666,22.2
DEM-004693,MED-025,LOC-007,2026-08-23,145,621,20.7
DEM-004694,MED-025,LOC-008,2026-09-10,108,398,13.9
DEM-004695,MED-025,LOC-008,2026-09-09,124,531,17.7
DEM-004696,MED-025,LOC-008,2026-09-08,77,330,11.0
DEM-004697,MED-025,LOC-008,2026-09-07,79,339,11.3
DEM-004698,MED-025,LOC-008,2026-09-06,116,498,16.6
DEM-004699,MED-025,LOC-008,2026-09-05,114,489,16.3
DEM-004700,MED-025,LOC-008,2026-09-04,93,399,13.3
DEM-004701,MED-025,LOC-008,2026-09-03,99,426,14.2
DEM-004702,MED-025,LOC-008,2026-09-02,108,465,15.5
DEM-004703,MED-025,LOC-008,2026-09-01,78,333,11.1
DEM-004704,MED-025,LOC-008,2026-08-31,117,501,16.7
DEM-004705,MED-025,LOC-008,2026-08-30,120,516,17.2
DEM-004706,MED-025,LOC-008,2026-08-29,121,519,17.3
DEM-004707,MED-025,LOC-008,2026-08-28,107,459,15.3
DEM-004708,MED-025,LOC-008,2026-08-27,73,312,10.4
DEM-004709,MED-025,LOC-008,2026-08-26,80,345,11.5
DEM-004710,MED-025,LOC-008,2026-08-25,81,348,11.6
DEM-004711,MED-025,LOC-008,2026-08-24,102,435,14.5
DEM-004712,MED-025,LOC-008,2026-08-23,94,402,13.4
DEM-004713,MED-025,LOC-009,2026-09-10,147,700,22.1
DEM-004714,MED-025,LOC-009,2026-09-09,143,612,20.4
DEM-004715,MED-025,LOC-009,2026-09-08,164,705,23.5
DEM-004716,MED-025,LOC-009,2026-09-07,194,831,27.7
DEM-004717,MED-025,LOC-009,2026-09-06,142,609,20.3
DEM-004718,MED-025,LOC-009,2026-09-05,196,840,28.0
DEM-004719,MED-025,LOC-009,2026-09-04,153,657,21.9
DEM-004720,MED-025,LOC-009,2026-09-03,200,855,28.5
DEM-004721,MED-025,LOC-009,2026-09-02,146,624,20.8
DEM-004722,MED-025,LOC-009,2026-09-01,124,531,17.7
DEM-004723,MED-025,LOC-009,2026-08-31,117,501,16.7
DEM-004724,MED-025,LOC-009,2026-08-30,200,858,28.6
DEM-004725,MED-025,LOC-009,2026-08-29,150,645,21.5
DEM-004726,MED-025,LOC-009,2026-08-28,127,543,18.1
DEM-004727,MED-025,LOC-009,2026-08-27,141,606,20.2
DEM-004728,MED-025,LOC-009,2026-08-26,148,633,21.1
DEM-004729,MED-025,LOC-009,2026-08-25,162,696,23.2
DEM-004730,MED-025,LOC-009,2026-08-24,120,516,17.2
DEM-004731,MED-025,LOC-009,2026-08-23,176,753,25.1
DEM-004732,MED-025,LOC-010,2026-09-10,167,790,24.1
DEM-004733,MED-025,LOC-010,2026-09-09,206,885,29.5
DEM-004734,MED-025,LOC-010,2026-09-08,148,636,21.2
DEM-004735,MED-025,LOC-010,2026-09-07,192,822,27.4
DEM-004736,MED-025,LOC-010,2026-09-06,163,699,23.3
DEM-004737,MED-025,LOC-010,2026-09-05,156,669,22.3
DEM-004738,MED-025,LOC-010,2026-09-04,162,693,23.1
DEM-004739,MED-025,LOC-010,2026-09-03,162,693,23.1
DEM-004740,MED-025,LOC-010,2026-09-02,177,759,25.3
DEM-004741,MED-025,LOC-010,2026-09-01,188,807,26.9
DEM-004742,MED-025,LOC-010,2026-08-31,171,732,24.4
DEM-004743,MED-025,LOC-010,2026-08-30,144,618,20.6
DEM-004744,MED-025,LOC-010,2026-08-29,162,696,23.2
DEM-004745,MED-025,LOC-010,2026-08-28,212,909,30.3
DEM-004746,MED-025,LOC-010,2026-08-27,204,876,29.2
DEM-004747,MED-025,LOC-010,2026-08-26,141,603,20.1
DEM-004748,MED-025,LOC-010,2026-08-25,219,939,31.3
DEM-004749,MED-025,LOC-010,2026-08-24,189,810,27.0
DEM-004750,MED-025,LOC-010,2026-08-23,139,597,19.9
DEM-004751,MED-026,LOC-001,2026-09-10,115,464,15.2
DEM-004752,MED-026,LOC-001,2026-09-09,106,453,15.1
DEM-004753,MED-026,LOC-001,2026-09-08,138,591,19.7
DEM-004754,MED-026,LOC-001,2026-09-07,85,363,12.1
DEM-004755,MED-026,LOC-001,2026-09-06,118,504,16.8
DEM-004756,MED-026,LOC-001,2026-09-05,104,447,14.9
DEM-004757,MED-026,LOC-001,2026-09-04,106,456,15.2
DEM-004758,MED-026,LOC-001,2026-09-03,126,540,18.0
DEM-004759,MED-026,LOC-001,2026-09-02,116,495,16.5
DEM-004760,MED-026,LOC-001,2026-09-01,105,450,15.0
DEM-004761,MED-026,LOC-001,2026-08-31,90,387,12.9
DEM-004762,MED-026,LOC-001,2026-08-30,110,471,15.7
DEM-004763,MED-026,LOC-001,2026-08-29,112,480,16.0
DEM-004764,MED-026,LOC-001,2026-08-28,106,456,15.2
DEM-004765,MED-026,LOC-001,2026-08-27,101,432,14.4
DEM-004766,MED-026,LOC-001,2026-08-26,91,390,13.0
DEM-004767,MED-026,LOC-001,2026-08-25,116,495,16.5
DEM-004768,MED-026,LOC-001,2026-08-24,113,486,16.2
DEM-004769,MED-026,LOC-001,2026-08-23,130,555,18.5
DEM-004770,MED-026,LOC-002,2026-09-10,83,346,11.5
DEM-004771,MED-026,LOC-002,2026-09-09,85,363,12.1
DEM-004772,MED-026,LOC-002,2026-09-08,76,327,10.9
DEM-004773,MED-026,LOC-002,2026-09-07,104,444,14.8
DEM-004774,MED-026,LOC-002,2026-09-06,85,366,12.2
DEM-004775,MED-026,LOC-002,2026-09-05,92,393,13.1
DEM-004776,MED-026,LOC-002,2026-09-04,65,279,9.3
DEM-004777,MED-026,LOC-002,2026-09-03,82,351,11.7
DEM-004778,MED-026,LOC-002,2026-09-02,91,390,13.0
DEM-004779,MED-026,LOC-002,2026-09-01,66,285,9.5
DEM-004780,MED-026,LOC-002,2026-08-31,93,399,13.3
DEM-004781,MED-026,LOC-002,2026-08-30,104,444,14.8
DEM-004782,MED-026,LOC-002,2026-08-29,104,444,14.8
DEM-004783,MED-026,LOC-002,2026-08-28,95,408,13.6
DEM-004784,MED-026,LOC-002,2026-08-27,81,348,11.6
DEM-004785,MED-026,LOC-002,2026-08-26,64,273,9.1
DEM-004786,MED-026,LOC-002,2026-08-25,100,429,14.3
DEM-004787,MED-026,LOC-002,2026-08-24,64,276,9.2
DEM-004788,MED-026,LOC-002,2026-08-23,81,348,11.6
DEM-004789,MED-026,LOC-003,2026-09-10,162,570,20.3
DEM-004790,MED-026,LOC-003,2026-09-09,156,669,22.3
DEM-004791,MED-026,LOC-003,2026-09-08,169,723,24.1
DEM-004792,MED-026,LOC-003,2026-09-07,131,561,18.7
DEM-004793,MED-026,LOC-003,2026-09-06,111,474,15.8
DEM-004794,MED-026,LOC-003,2026-09-05,134,573,19.1
DEM-004795,MED-026,LOC-003,2026-09-04,167,717,23.9
DEM-004796,MED-026,LOC-003,2026-09-03,144,615,20.5
DEM-004797,MED-026,LOC-003,2026-09-02,146,627,20.9
DEM-004798,MED-026,LOC-003,2026-09-01,144,615,20.5
DEM-004799,MED-026,LOC-003,2026-08-31,164,702,23.4
DEM-004800,MED-026,LOC-003,2026-08-30,139,597,19.9
DEM-004801,MED-026,LOC-003,2026-08-29,181,777,25.9
DEM-004802,MED-026,LOC-003,2026-08-28,169,723,24.1
DEM-004803,MED-026,LOC-003,2026-08-27,130,555,18.5
DEM-004804,MED-026,LOC-003,2026-08-26,109,468,15.6
DEM-004805,MED-026,LOC-003,2026-08-25,178,765,25.5
DEM-004806,MED-026,LOC-003,2026-08-24,165,708,23.6
DEM-004807,MED-026,LOC-003,2026-08-23,163,699,23.3
DEM-004808,MED-026,LOC-004,2026-09-10,84,399,13.1
DEM-004809,MED-026,LOC-004,2026-09-09,77,330,11.0
DEM-004810,MED-026,LOC-004,2026-09-08,71,306,10.2
DEM-004811,MED-026,LOC-004,2026-09-07,119,510,17.0
DEM-004812,MED-026,LOC-004,2026-09-06,110,471,15.7
DEM-004813,MED-026,LOC-004,2026-09-05,100,429,14.3
DEM-004814,MED-026,LOC-004,2026-09-04,83,357,11.9
DEM-004815,MED-026,LOC-004,2026-09-03,73,312,10.4
DEM-004816,MED-026,LOC-004,2026-09-02,94,405,13.5
DEM-004817,MED-026,LOC-004,2026-09-01,112,480,16.0
DEM-004818,MED-026,LOC-004,2026-08-31,83,354,11.8
DEM-004819,MED-026,LOC-004,2026-08-30,76,324,10.8
DEM-004820,MED-026,LOC-004,2026-08-29,83,354,11.8
DEM-004821,MED-026,LOC-004,2026-08-28,112,480,16.0
DEM-004822,MED-026,LOC-004,2026-08-27,69,297,9.9
DEM-004823,MED-026,LOC-004,2026-08-26,74,318,10.6
DEM-004824,MED-026,LOC-004,2026-08-25,78,333,11.1
DEM-004825,MED-026,LOC-004,2026-08-24,99,423,14.1
DEM-004826,MED-026,LOC-004,2026-08-23,76,327,10.9
DEM-004827,MED-026,LOC-005,2026-09-10,140,531,18.2
DEM-004828,MED-026,LOC-005,2026-09-09,145,621,20.7
DEM-004829,MED-026,LOC-005,2026-09-08,130,555,18.5
DEM-004830,MED-026,LOC-005,2026-09-07,152,651,21.7
DEM-004831,MED-026,LOC-005,2026-09-06,156,669,22.3
DEM-004832,MED-026,LOC-005,2026-09-05,120,513,17.1
DEM-004833,MED-026,LOC-005,2026-09-04,102,435,14.5
DEM-004834,MED-026,LOC-005,2026-09-03,106,453,15.1
DEM-004835,MED-026,LOC-005,2026-09-02,161,690,23.0
DEM-004836,MED-026,LOC-005,2026-09-01,106,456,15.2
DEM-004837,MED-026,LOC-005,2026-08-31,130,558,18.6
DEM-004838,MED-026,LOC-005,2026-08-30,165,708,23.6
DEM-004839,MED-026,LOC-005,2026-08-29,150,642,21.4
DEM-004840,MED-026,LOC-005,2026-08-28,112,480,16.0
DEM-004841,MED-026,LOC-005,2026-08-27,127,543,18.1
DEM-004842,MED-026,LOC-005,2026-08-26,140,600,20.0
DEM-004843,MED-026,LOC-005,2026-08-25,111,474,15.8
DEM-004844,MED-026,LOC-005,2026-08-24,147,630,21.0
DEM-004845,MED-026,LOC-005,2026-08-23,120,513,17.1
DEM-004846,MED-026,LOC-006,2026-09-10,66,243,8.6
DEM-004847,MED-026,LOC-006,2026-09-09,50,216,7.2
DEM-004848,MED-026,LOC-006,2026-09-08,58,249,8.3
DEM-004849,MED-026,LOC-006,2026-09-07,55,237,7.9
DEM-004850,MED-026,LOC-006,2026-09-06,70,300,10.0
DEM-004851,MED-026,LOC-006,2026-09-05,70,300,10.0
DEM-004852,MED-026,LOC-006,2026-09-04,63,270,9.0
DEM-004853,MED-026,LOC-006,2026-09-03,57,246,8.2
DEM-004854,MED-026,LOC-006,2026-09-02,69,294,9.8
DEM-004855,MED-026,LOC-006,2026-09-01,61,261,8.7
DEM-004856,MED-026,LOC-006,2026-08-31,50,213,7.1
DEM-004857,MED-026,LOC-006,2026-08-30,74,318,10.6
DEM-004858,MED-026,LOC-006,2026-08-29,46,195,6.5
DEM-004859,MED-026,LOC-006,2026-08-28,76,324,10.8
DEM-004860,MED-026,LOC-006,2026-08-27,60,258,8.6
DEM-004861,MED-026,LOC-006,2026-08-26,68,291,9.7
DEM-004862,MED-026,LOC-006,2026-08-25,77,330,11.0
DEM-004863,MED-026,LOC-006,2026-08-24,68,291,9.7
DEM-004864,MED-026,LOC-006,2026-08-23,46,198,6.6
DEM-004865,MED-026,LOC-007,2026-09-10,110,493,14.8
DEM-004866,MED-026,LOC-007,2026-09-09,102,438,14.6
DEM-004867,MED-026,LOC-007,2026-09-08,130,558,18.6
DEM-004868,MED-026,LOC-007,2026-09-07,127,543,18.1
DEM-004869,MED-026,LOC-007,2026-09-06,97,414,13.8
DEM-004870,MED-026,LOC-007,2026-09-05,93,399,13.3
DEM-004871,MED-026,LOC-007,2026-09-04,83,357,11.9
DEM-004872,MED-026,LOC-007,2026-09-03,115,492,16.4
DEM-004873,MED-026,LOC-007,2026-09-02,100,429,14.3
DEM-004874,MED-026,LOC-007,2026-09-01,122,522,17.4
DEM-004875,MED-026,LOC-007,2026-08-31,120,516,17.2
DEM-004876,MED-026,LOC-007,2026-08-30,120,513,17.1
DEM-004877,MED-026,LOC-007,2026-08-29,111,477,15.9
DEM-004878,MED-026,LOC-007,2026-08-28,89,381,12.7
DEM-004879,MED-026,LOC-007,2026-08-27,97,414,13.8
DEM-004880,MED-026,LOC-007,2026-08-26,117,501,16.7
DEM-004881,MED-026,LOC-007,2026-08-25,88,378,12.6
DEM-004882,MED-026,LOC-007,2026-08-24,109,468,15.6
DEM-004883,MED-026,LOC-007,2026-08-23,116,498,16.6
DEM-004884,MED-026,LOC-008,2026-09-10,58,259,9.2
DEM-004885,MED-026,LOC-008,2026-09-09,52,222,7.4
DEM-004886,MED-026,LOC-008,2026-09-08,64,276,9.2
DEM-004887,MED-026,LOC-008,2026-09-07,56,240,8.0
DEM-004888,MED-026,LOC-008,2026-09-06,58,249,8.3
DEM-004889,MED-026,LOC-008,2026-09-05,55,237,7.9
DEM-004890,MED-026,LOC-008,2026-09-04,49,210,7.0
DEM-004891,MED-026,LOC-008,2026-09-03,52,222,7.4
DEM-004892,MED-026,LOC-008,2026-09-02,81,348,11.6
DEM-004893,MED-026,LOC-008,2026-09-01,71,306,10.2
DEM-004894,MED-026,LOC-008,2026-08-31,78,333,11.1
DEM-004895,MED-026,LOC-008,2026-08-30,82,351,11.7
DEM-004896,MED-026,LOC-008,2026-08-29,71,303,10.1
DEM-004897,MED-026,LOC-008,2026-08-28,74,315,10.5
DEM-004898,MED-026,LOC-008,2026-08-27,52,225,7.5
DEM-004899,MED-026,LOC-008,2026-08-26,78,336,11.2
DEM-004900,MED-026,LOC-008,2026-08-25,53,228,7.6
DEM-004901,MED-026,LOC-008,2026-08-24,71,306,10.2
DEM-004902,MED-026,LOC-008,2026-08-23,80,345,11.5
DEM-004903,MED-026,LOC-009,2026-09-10,105,432,13.1
DEM-004904,MED-026,LOC-009,2026-09-09,104,444,14.8
DEM-004905,MED-026,LOC-009,2026-09-08,82,351,11.7
DEM-004906,MED-026,LOC-009,2026-09-07,92,396,13.2
DEM-004907,MED-026,LOC-009,2026-09-06,116,498,16.6
DEM-004908,MED-026,LOC-009,2026-09-05,101,432,14.4
DEM-004909,MED-026,LOC-009,2026-09-04,116,495,16.5
DEM-004910,MED-026,LOC-009,2026-09-03,83,354,11.8
DEM-004911,MED-026,LOC-009,2026-09-02,90,387,12.9
DEM-004912,MED-026,LOC-009,2026-09-01,114,489,16.3
DEM-004913,MED-026,LOC-009,2026-08-31,108,462,15.4
DEM-004914,MED-026,LOC-009,2026-08-30,85,366,12.2
DEM-004915,MED-026,LOC-009,2026-08-29,77,330,11.0
DEM-004916,MED-026,LOC-009,2026-08-28,73,312,10.4
DEM-004917,MED-026,LOC-009,2026-08-27,108,462,15.4
DEM-004918,MED-026,LOC-009,2026-08-26,88,378,12.6
DEM-004919,MED-026,LOC-009,2026-08-25,85,366,12.2
DEM-004920,MED-026,LOC-009,2026-08-24,72,309,10.3
DEM-004921,MED-026,LOC-009,2026-08-23,117,501,16.7
DEM-004922,MED-026,LOC-010,2026-09-10,82,354,11.6
DEM-004923,MED-026,LOC-010,2026-09-09,102,438,14.6
DEM-004924,MED-026,LOC-010,2026-09-08,88,378,12.6
DEM-004925,MED-026,LOC-010,2026-09-07,69,294,9.8
DEM-004926,MED-026,LOC-010,2026-09-06,83,354,11.8
DEM-004927,MED-026,LOC-010,2026-09-05,67,288,9.6
DEM-004928,MED-026,LOC-010,2026-09-04,95,408,13.6
DEM-004929,MED-026,LOC-010,2026-09-03,71,303,10.1
DEM-004930,MED-026,LOC-010,2026-09-02,90,384,12.8
DEM-004931,MED-026,LOC-010,2026-09-01,102,435,14.5
DEM-004932,MED-026,LOC-010,2026-08-31,93,399,13.3
DEM-004933,MED-026,LOC-010,2026-08-30,66,282,9.4
DEM-004934,MED-026,LOC-010,2026-08-29,64,276,9.2
DEM-004935,MED-026,LOC-010,2026-08-28,86,369,12.3
DEM-004936,MED-026,LOC-010,2026-08-27,72,309,10.3
DEM-004937,MED-026,LOC-010,2026-08-26,80,345,11.5
DEM-004938,MED-026,LOC-010,2026-08-25,101,432,14.4
DEM-004939,MED-026,LOC-010,2026-08-24,67,288,9.6
DEM-004940,MED-026,LOC-010,2026-08-23,90,384,12.8
DEM-004941,MED-027,LOC-001,2026-09-10,290,1361,42.8
DEM-004942,MED-027,LOC-001,2026-09-09,374,1602,53.4
DEM-004943,MED-027,LOC-001,2026-09-08,319,1368,45.6
DEM-004944,MED-027,LOC-001,2026-09-07,309,1326,44.2
DEM-004945,MED-027,LOC-001,2026-09-06,379,1626,54.2
DEM-004946,MED-027,LOC-001,2026-09-05,306,1311,43.7
DEM-004947,MED-027,LOC-001,2026-09-04,297,1272,42.4
DEM-004948,MED-027,LOC-001,2026-09-03,364,1560,52.0
DEM-004949,MED-027,LOC-001,2026-09-02,354,1515,50.5
DEM-004950,MED-027,LOC-001,2026-09-01,354,1518,50.6
DEM-004951,MED-027,LOC-001,2026-08-31,314,1344,44.8
DEM-004952,MED-027,LOC-001,2026-08-30,225,966,32.2
DEM-004953,MED-027,LOC-001,2026-08-29,382,1638,54.6
DEM-004954,MED-027,LOC-001,2026-08-28,360,1542,51.4
DEM-004955,MED-027,LOC-001,2026-08-27,304,1302,43.4
DEM-004956,MED-027,LOC-001,2026-08-26,318,1365,45.5
DEM-004957,MED-027,LOC-001,2026-08-25,379,1623,54.1
DEM-004958,MED-027,LOC-001,2026-08-24,284,1215,40.5
DEM-004959,MED-027,LOC-001,2026-08-23,337,1446,48.2
DEM-004960,MED-027,LOC-002,2026-09-10,198,891,26.7
DEM-004961,MED-027,LOC-002,2026-09-09,150,642,21.4
DEM-004962,MED-027,LOC-002,2026-09-08,195,837,27.9
DEM-004963,MED-027,LOC-002,2026-09-07,239,1023,34.1
DEM-004964,MED-027,LOC-002,2026-09-06,148,636,21.2
DEM-004965,MED-027,LOC-002,2026-09-05,188,804,26.8
DEM-004966,MED-027,LOC-002,2026-09-04,219,939,31.3
DEM-004967,MED-027,LOC-002,2026-09-03,206,885,29.5
DEM-004968,MED-027,LOC-002,2026-09-02,158,678,22.6
DEM-004969,MED-027,LOC-002,2026-09-01,144,618,20.6
DEM-004970,MED-027,LOC-002,2026-08-31,180,771,25.7
DEM-004971,MED-027,LOC-002,2026-08-30,160,684,22.8
DEM-004972,MED-027,LOC-002,2026-08-29,211,906,30.2
DEM-004973,MED-027,LOC-002,2026-08-28,232,996,33.2
DEM-004974,MED-027,LOC-002,2026-08-27,205,879,29.3
DEM-004975,MED-027,LOC-002,2026-08-26,177,759,25.3
DEM-004976,MED-027,LOC-002,2026-08-25,149,639,21.3
DEM-004977,MED-027,LOC-002,2026-08-24,205,879,29.3
DEM-004978,MED-027,LOC-002,2026-08-23,216,924,30.8
DEM-004979,MED-027,LOC-003,2026-09-10,231,1111,34.8
DEM-004980,MED-027,LOC-003,2026-09-09,262,1122,37.4
DEM-004981,MED-027,LOC-003,2026-09-08,248,1065,35.5
DEM-004982,MED-027,LOC-003,2026-09-07,191,819,27.3
DEM-004983,MED-027,LOC-003,2026-09-06,255,1092,36.4
DEM-004984,MED-027,LOC-003,2026-09-05,224,960,32.0
DEM-004985,MED-027,LOC-003,2026-09-04,254,1089,36.3
DEM-004986,MED-027,LOC-003,2026-09-03,295,1263,42.1
DEM-004987,MED-027,LOC-003,2026-09-02,243,1041,34.7
DEM-004988,MED-027,LOC-003,2026-09-01,316,1356,45.2
DEM-004989,MED-027,LOC-003,2026-08-31,188,804,26.8
DEM-004990,MED-027,LOC-003,2026-08-30,190,816,27.2
DEM-004991,MED-027,LOC-003,2026-08-29,288,1236,41.2
DEM-004992,MED-027,LOC-003,2026-08-28,188,807,26.9
DEM-004993,MED-027,LOC-003,2026-08-27,199,852,28.4
DEM-004994,MED-027,LOC-003,2026-08-26,290,1245,41.5
DEM-004995,MED-027,LOC-003,2026-08-25,272,1167,38.9
DEM-004996,MED-027,LOC-003,2026-08-24,244,1047,34.9
DEM-004997,MED-027,LOC-003,2026-08-23,274,1173,39.1
DEM-004998,MED-027,LOC-004,2026-09-10,208,985,31.7
DEM-004999,MED-027,LOC-004,2026-09-09,279,1197,39.9
DEM-005000,MED-027,LOC-004,2026-09-08,171,732,24.4
DEM-005001,MED-027,LOC-004,2026-09-07,183,786,26.2
DEM-005002,MED-027,LOC-004,2026-09-06,246,1056,35.2
DEM-005003,MED-027,LOC-004,2026-09-05,224,960,32.0
DEM-005004,MED-027,LOC-004,2026-09-04,279,1194,39.8
DEM-005005,MED-027,LOC-004,2026-09-03,172,738,24.6
DEM-005006,MED-027,LOC-004,2026-09-02,252,1080,36.0
DEM-005007,MED-027,LOC-004,2026-09-01,183,783,26.1
DEM-005008,MED-027,LOC-004,2026-08-31,188,804,26.8
DEM-005009,MED-027,LOC-004,2026-08-30,172,738,24.6
DEM-005010,MED-027,LOC-004,2026-08-29,204,873,29.1
DEM-005011,MED-027,LOC-004,2026-08-28,263,1128,37.6
DEM-005012,MED-027,LOC-004,2026-08-27,222,951,31.7
DEM-005013,MED-027,LOC-004,2026-08-26,188,804,26.8
DEM-005014,MED-027,LOC-004,2026-08-25,239,1023,34.1
DEM-005015,MED-027,LOC-004,2026-08-24,266,1140,38.0
DEM-005016,MED-027,LOC-004,2026-08-23,179,768,25.6
DEM-005017,MED-027,LOC-005,2026-09-10,310,1166,40.3
DEM-005018,MED-027,LOC-005,2026-09-09,337,1443,48.1
DEM-005019,MED-027,LOC-005,2026-09-08,278,1191,39.7
DEM-005020,MED-027,LOC-005,2026-09-07,337,1446,48.2
DEM-005021,MED-027,LOC-005,2026-09-06,364,1560,52.0
DEM-005022,MED-027,LOC-005,2026-09-05,317,1359,45.3
DEM-005023,MED-027,LOC-005,2026-09-04,262,1122,37.4
DEM-005024,MED-027,LOC-005,2026-09-03,363,1557,51.9
DEM-005025,MED-027,LOC-005,2026-09-02,301,1290,43.0
DEM-005026,MED-027,LOC-005,2026-09-01,233,999,33.3
DEM-005027,MED-027,LOC-005,2026-08-31,342,1464,48.8
DEM-005028,MED-027,LOC-005,2026-08-30,335,1434,47.8
DEM-005029,MED-027,LOC-005,2026-08-29,330,1416,47.2
DEM-005030,MED-027,LOC-005,2026-08-28,304,1302,43.4
DEM-005031,MED-027,LOC-005,2026-08-27,264,1131,37.7
DEM-005032,MED-027,LOC-005,2026-08-26,230,987,32.9
DEM-005033,MED-027,LOC-005,2026-08-25,234,1002,33.4
DEM-005034,MED-027,LOC-005,2026-08-24,276,1182,39.4
DEM-005035,MED-027,LOC-005,2026-08-23,320,1371,45.7
DEM-005036,MED-027,LOC-006,2026-09-10,127,597,18.0
DEM-005037,MED-027,LOC-006,2026-09-09,97,417,13.9
DEM-005038,MED-027,LOC-006,2026-09-08,102,435,14.5
DEM-005039,MED-027,LOC-006,2026-09-07,153,657,21.9
DEM-005040,MED-027,LOC-006,2026-09-06,137,588,19.6
DEM-005041,MED-027,LOC-006,2026-09-05,148,636,21.2
DEM-005042,MED-027,LOC-006,2026-09-04,96,411,13.7
DEM-005043,MED-027,LOC-006,2026-09-03,128,549,18.3
DEM-005044,MED-027,LOC-006,2026-09-02,95,408,13.6
DEM-005045,MED-027,LOC-006,2026-09-01,107,459,15.3
DEM-005046,MED-027,LOC-006,2026-08-31,101,432,14.4
DEM-005047,MED-027,LOC-006,2026-08-30,140,600,20.0
DEM-005048,MED-027,LOC-006,2026-08-29,156,669,22.3
DEM-005049,MED-027,LOC-006,2026-08-28,123,528,17.6
DEM-005050,MED-027,LOC-006,2026-08-27,150,645,21.5
DEM-005051,MED-027,LOC-006,2026-08-26,148,633,21.1
DEM-005052,MED-027,LOC-006,2026-08-25,143,612,20.4
DEM-005053,MED-027,LOC-006,2026-08-24,108,465,15.5
DEM-005054,MED-027,LOC-006,2026-08-23,139,594,19.8
DEM-005055,MED-027,LOC-007,2026-09-10,197,930,28.0
DEM-005056,MED-027,LOC-007,2026-09-09,213,912,30.4
DEM-005057,MED-027,LOC-007,2026-09-08,151,648,21.6
DEM-005058,MED-027,LOC-007,2026-09-07,167,714,23.8
DEM-005059,MED-027,LOC-007,2026-09-06,201,861,28.7
DEM-005060,MED-027,LOC-007,2026-09-05,249,1068,35.6
DEM-005061,MED-027,LOC-007,2026-09-04,215,921,30.7
DEM-005062,MED-027,LOC-007,2026-09-03,232,993,33.1
DEM-005063,MED-027,LOC-007,2026-09-02,185,792,26.4
DEM-005064,MED-027,LOC-007,2026-09-01,148,633,21.1
DEM-005065,MED-027,LOC-007,2026-08-31,172,738,24.6
DEM-005066,MED-027,LOC-007,2026-08-30,160,684,22.8
DEM-005067,MED-027,LOC-007,2026-08-29,204,876,29.2
DEM-005068,MED-027,LOC-007,2026-08-28,158,675,22.5
DEM-005069,MED-027,LOC-007,2026-08-27,186,798,26.6
DEM-005070,MED-027,LOC-007,2026-08-26,229,981,32.7
DEM-005071,MED-027,LOC-007,2026-08-25,205,879,29.3
DEM-005072,MED-027,LOC-007,2026-08-24,171,732,24.4
DEM-005073,MED-027,LOC-007,2026-08-23,230,987,32.9
DEM-005074,MED-027,LOC-008,2026-09-10,127,538,18.7
DEM-005075,MED-027,LOC-008,2026-09-09,155,666,22.2
DEM-005076,MED-027,LOC-008,2026-09-08,148,633,21.1
DEM-005077,MED-027,LOC-008,2026-09-07,168,720,24.0
DEM-005078,MED-027,LOC-008,2026-09-06,132,567,18.9
DEM-005079,MED-027,LOC-008,2026-09-05,111,474,15.8
DEM-005080,MED-027,LOC-008,2026-09-04,146,627,20.9
DEM-005081,MED-027,LOC-008,2026-09-03,102,435,14.5
DEM-005082,MED-027,LOC-008,2026-09-02,145,621,20.7
DEM-005083,MED-027,LOC-008,2026-09-01,119,510,17.0
DEM-005084,MED-027,LOC-008,2026-08-31,130,555,18.5
DEM-005085,MED-027,LOC-008,2026-08-30,122,525,17.5
DEM-005086,MED-027,LOC-008,2026-08-29,156,669,22.3
DEM-005087,MED-027,LOC-008,2026-08-28,153,654,21.8
DEM-005088,MED-027,LOC-008,2026-08-27,102,435,14.5
DEM-005089,MED-027,LOC-008,2026-08-26,151,648,21.6
DEM-005090,MED-027,LOC-008,2026-08-25,164,705,23.5
DEM-005091,MED-027,LOC-008,2026-08-24,111,474,15.8
DEM-005092,MED-027,LOC-008,2026-08-23,155,663,22.1
DEM-005093,MED-027,LOC-009,2026-09-10,179,910,27.6
DEM-005094,MED-027,LOC-009,2026-09-09,222,951,31.7
DEM-005095,MED-027,LOC-009,2026-09-08,208,891,29.7
DEM-005096,MED-027,LOC-009,2026-09-07,179,768,25.6
DEM-005097,MED-027,LOC-009,2026-09-06,166,711,23.7
DEM-005098,MED-027,LOC-009,2026-09-05,217,930,31.0
DEM-005099,MED-027,LOC-009,2026-09-04,179,768,25.6
DEM-005100,MED-027,LOC-009,2026-09-03,228,975,32.5
DEM-005101,MED-027,LOC-009,2026-09-02,180,771,25.7
DEM-005102,MED-027,LOC-009,2026-09-01,155,666,22.2
DEM-005103,MED-027,LOC-009,2026-08-31,223,957,31.9
DEM-005104,MED-027,LOC-009,2026-08-30,237,1017,33.9
DEM-005105,MED-027,LOC-009,2026-08-29,185,792,26.4
DEM-005106,MED-027,LOC-009,2026-08-28,168,720,24.0
DEM-005107,MED-027,LOC-009,2026-08-27,195,834,27.8
DEM-005108,MED-027,LOC-009,2026-08-26,197,843,28.1
DEM-005109,MED-027,LOC-009,2026-08-25,239,1026,34.2
DEM-005110,MED-027,LOC-009,2026-08-24,160,687,22.9
DEM-005111,MED-027,LOC-009,2026-08-23,244,1044,34.8
DEM-005112,MED-027,LOC-010,2026-09-10,190,773,27.2
DEM-005113,MED-027,LOC-010,2026-09-09,218,936,31.2
DEM-005114,MED-027,LOC-010,2026-09-08,209,897,29.9
DEM-005115,MED-027,LOC-010,2026-09-07,245,1050,35.0
DEM-005116,MED-027,LOC-010,2026-09-06,164,702,23.4
DEM-005117,MED-027,LOC-010,2026-09-05,156,669,22.3
DEM-005118,MED-027,LOC-010,2026-09-04,216,924,30.8
DEM-005119,MED-027,LOC-010,2026-09-03,149,639,21.3
DEM-005120,MED-027,LOC-010,2026-09-02,157,672,22.4
DEM-005121,MED-027,LOC-010,2026-09-01,232,993,33.1
DEM-005122,MED-027,LOC-010,2026-08-31,191,819,27.3
DEM-005123,MED-027,LOC-010,2026-08-30,161,690,23.0
DEM-005124,MED-027,LOC-010,2026-08-29,178,765,25.5
DEM-005125,MED-027,LOC-010,2026-08-28,236,1011,33.7
DEM-005126,MED-027,LOC-010,2026-08-27,206,882,29.4
DEM-005127,MED-027,LOC-010,2026-08-26,225,966,32.2
DEM-005128,MED-027,LOC-010,2026-08-25,209,897,29.9
DEM-005129,MED-027,LOC-010,2026-08-24,206,885,29.5
DEM-005130,MED-027,LOC-010,2026-08-23,160,687,22.9
DEM-005131,MED-028,LOC-001,2026-09-10,302,1532,46.8
DEM-005132,MED-028,LOC-001,2026-09-09,334,1431,47.7
DEM-005133,MED-028,LOC-001,2026-09-08,425,1821,60.7
DEM-005134,MED-028,LOC-001,2026-09-07,352,1509,50.3
DEM-005135,MED-028,LOC-001,2026-09-06,396,1698,56.6
DEM-005136,MED-028,LOC-001,2026-09-05,296,1269,42.3
DEM-005137,MED-028,LOC-001,2026-09-04,377,1617,53.9
DEM-005138,MED-028,LOC-001,2026-09-03,378,1620,54.0
DEM-005139,MED-028,LOC-001,2026-09-02,290,1242,41.4
DEM-005140,MED-028,LOC-001,2026-09-01,304,1305,43.5
DEM-005141,MED-028,LOC-001,2026-08-31,350,1500,50.0
DEM-005142,MED-028,LOC-001,2026-08-30,407,1743,58.1
DEM-005143,MED-028,LOC-001,2026-08-29,352,1509,50.3
DEM-005144,MED-028,LOC-001,2026-08-28,272,1167,38.9
DEM-005145,MED-028,LOC-001,2026-08-27,349,1497,49.9
DEM-005146,MED-028,LOC-001,2026-08-26,246,1056,35.2
DEM-005147,MED-028,LOC-001,2026-08-25,422,1809,60.3
DEM-005148,MED-028,LOC-001,2026-08-24,253,1083,36.1
DEM-005149,MED-028,LOC-001,2026-08-23,330,1416,47.2
DEM-005150,MED-028,LOC-002,2026-09-10,199,964,31.3
DEM-005151,MED-028,LOC-002,2026-09-09,222,951,31.7
DEM-005152,MED-028,LOC-002,2026-09-08,260,1116,37.2
DEM-005153,MED-028,LOC-002,2026-09-07,263,1128,37.6
DEM-005154,MED-028,LOC-002,2026-09-06,219,939,31.3
DEM-005155,MED-028,LOC-002,2026-09-05,193,828,27.6
DEM-005156,MED-028,LOC-002,2026-09-04,232,993,33.1
DEM-005157,MED-028,LOC-002,2026-09-03,166,711,23.7
DEM-005158,MED-028,LOC-002,2026-09-02,253,1083,36.1
DEM-005159,MED-028,LOC-002,2026-09-01,279,1194,39.8
DEM-005160,MED-028,LOC-002,2026-08-31,181,774,25.8
DEM-005161,MED-028,LOC-002,2026-08-30,200,858,28.6
DEM-005162,MED-028,LOC-002,2026-08-29,242,1038,34.6
DEM-005163,MED-028,LOC-002,2026-08-28,175,750,25.0
DEM-005164,MED-028,LOC-002,2026-08-27,222,951,31.7
DEM-005165,MED-028,LOC-002,2026-08-26,201,861,28.7
DEM-005166,MED-028,LOC-002,2026-08-25,249,1068,35.6
DEM-005167,MED-028,LOC-002,2026-08-24,267,1146,38.2
DEM-005168,MED-028,LOC-002,2026-08-23,254,1089,36.3
DEM-005169,MED-028,LOC-003,2026-09-10,240,1089,33.8
DEM-005170,MED-028,LOC-003,2026-09-09,291,1248,41.6
DEM-005171,MED-028,LOC-003,2026-09-08,230,987,32.9
DEM-005172,MED-028,LOC-003,2026-09-07,280,1200,40.0
DEM-005173,MED-028,LOC-003,2026-09-06,225,966,32.2
DEM-005174,MED-028,LOC-003,2026-09-05,238,1020,34.0
DEM-005175,MED-028,LOC-003,2026-09-04,260,1113,37.1
DEM-005176,MED-028,LOC-003,2026-09-03,289,1239,41.3
DEM-005177,MED-028,LOC-003,2026-09-02,187,801,26.7
DEM-005178,MED-028,LOC-003,2026-09-01,294,1260,42.0
DEM-005179,MED-028,LOC-003,2026-08-31,220,945,31.5
DEM-005180,MED-028,LOC-003,2026-08-30,182,780,26.0
DEM-005181,MED-028,LOC-003,2026-08-29,233,999,33.3
DEM-005182,MED-028,LOC-003,2026-08-28,213,912,30.4
DEM-005183,MED-028,LOC-003,2026-08-27,300,1287,42.9
DEM-005184,MED-028,LOC-003,2026-08-26,248,1062,35.4
DEM-005185,MED-028,LOC-003,2026-08-25,281,1203,40.1
DEM-005186,MED-028,LOC-003,2026-08-24,280,1200,40.0
DEM-005187,MED-028,LOC-003,2026-08-23,188,807,26.9
DEM-005188,MED-028,LOC-004,2026-09-10,247,908,32.5
DEM-005189,MED-028,LOC-004,2026-09-09,289,1239,41.3
DEM-005190,MED-028,LOC-004,2026-09-08,255,1092,36.4
DEM-005191,MED-028,LOC-004,2026-09-07,281,1206,40.2
DEM-005192,MED-028,LOC-004,2026-09-06,185,792,26.4
DEM-005193,MED-028,LOC-004,2026-09-05,216,927,30.9
DEM-005194,MED-028,LOC-004,2026-09-04,248,1062,35.4
DEM-005195,MED-028,LOC-004,2026-09-03,216,927,30.9
DEM-005196,MED-028,LOC-004,2026-09-02,192,825,27.5
DEM-005197,MED-028,LOC-004,2026-09-01,241,1032,34.4
DEM-005198,MED-028,LOC-004,2026-08-31,179,768,25.6
DEM-005199,MED-028,LOC-004,2026-08-30,260,1113,37.1
DEM-005200,MED-028,LOC-004,2026-08-29,196,840,28.0
DEM-005201,MED-028,LOC-004,2026-08-28,293,1257,41.9
DEM-005202,MED-028,LOC-004,2026-08-27,200,858,28.6
DEM-005203,MED-028,LOC-004,2026-08-26,185,792,26.4
DEM-005204,MED-028,LOC-004,2026-08-25,230,987,32.9
DEM-005205,MED-028,LOC-004,2026-08-24,288,1236,41.2
DEM-005206,MED-028,LOC-004,2026-08-23,243,1041,34.7
DEM-005207,MED-028,LOC-005,2026-09-10,323,1555,48.5
DEM-005208,MED-028,LOC-005,2026-09-09,297,1272,42.4
DEM-005209,MED-028,LOC-005,2026-09-08,321,1374,45.8
DEM-005210,MED-028,LOC-005,2026-09-07,304,1305,43.5
DEM-005211,MED-028,LOC-005,2026-09-06,382,1635,54.5
DEM-005212,MED-028,LOC-005,2026-09-05,307,1314,43.8
DEM-005213,MED-028,LOC-005,2026-09-04,267,1143,38.1
DEM-005214,MED-028,LOC-005,2026-09-03,319,1368,45.6
DEM-005215,MED-028,LOC-005,2026-09-02,345,1479,49.3
DEM-005216,MED-028,LOC-005,2026-09-01,353,1512,50.4
DEM-005217,MED-028,LOC-005,2026-08-31,277,1188,39.6
DEM-005218,MED-028,LOC-005,2026-08-30,387,1659,55.3
DEM-005219,MED-028,LOC-005,2026-08-29,382,1635,54.5
DEM-005220,MED-028,LOC-005,2026-08-28,354,1518,50.6
DEM-005221,MED-028,LOC-005,2026-08-27,309,1326,44.2
DEM-005222,MED-028,LOC-005,2026-08-26,370,1587,52.9
DEM-005223,MED-028,LOC-005,2026-08-25,404,1731,57.7
DEM-005224,MED-028,LOC-005,2026-08-24,431,1848,61.6
DEM-005225,MED-028,LOC-005,2026-08-23,405,1737,57.9
DEM-005226,MED-028,LOC-006,2026-09-10,135,695,21.1
DEM-005227,MED-028,LOC-006,2026-09-09,148,633,21.1
DEM-005228,MED-028,LOC-006,2026-09-08,118,504,16.8
DEM-005229,MED-028,LOC-006,2026-09-07,183,786,26.2
DEM-005230,MED-028,LOC-006,2026-09-06,134,576,19.2
DEM-005231,MED-028,LOC-006,2026-09-05,188,807,26.9
DEM-005232,MED-028,LOC-006,2026-09-04,120,513,17.1
DEM-005233,MED-028,LOC-006,2026-09-03,133,570,19.0
DEM-005234,MED-028,LOC-006,2026-09-02,167,717,23.9
DEM-005235,MED-028,LOC-006,2026-09-01,151,648,21.6
DEM-005236,MED-028,LOC-006,2026-08-31,182,780,26.0
DEM-005237,MED-028,LOC-006,2026-08-30,153,657,21.9
DEM-005238,MED-028,LOC-006,2026-08-29,162,693,23.1
DEM-005239,MED-028,LOC-006,2026-08-28,134,576,19.2
DEM-005240,MED-028,LOC-006,2026-08-27,190,813,27.1
DEM-005241,MED-028,LOC-006,2026-08-26,155,663,22.1
DEM-005242,MED-028,LOC-006,2026-08-25,122,522,17.4
DEM-005243,MED-028,LOC-006,2026-08-24,139,594,19.8
DEM-005244,MED-028,LOC-006,2026-08-23,147,630,21.0
DEM-005245,MED-028,LOC-007,2026-09-10,204,837,29.9
DEM-005246,MED-028,LOC-007,2026-09-09,258,1104,36.8
DEM-005247,MED-028,LOC-007,2026-09-08,183,786,26.2
DEM-005248,MED-028,LOC-007,2026-09-07,266,1140,38.0
DEM-005249,MED-028,LOC-007,2026-09-06,231,990,33.0
DEM-005250,MED-028,LOC-007,2026-09-05,204,876,29.2
DEM-005251,MED-028,LOC-007,2026-09-04,197,843,28.1
DEM-005252,MED-028,LOC-007,2026-09-03,231,990,33.0
DEM-005253,MED-028,LOC-007,2026-09-02,195,834,27.8
DEM-005254,MED-028,LOC-007,2026-09-01,225,966,32.2
DEM-005255,MED-028,LOC-007,2026-08-31,237,1017,33.9
DEM-005256,MED-028,LOC-007,2026-08-30,254,1089,36.3
DEM-005257,MED-028,LOC-007,2026-08-29,208,891,29.7
DEM-005258,MED-028,LOC-007,2026-08-28,192,822,27.4
DEM-005259,MED-028,LOC-007,2026-08-27,172,738,24.6
DEM-005260,MED-028,LOC-007,2026-08-26,248,1062,35.4
DEM-005261,MED-028,LOC-007,2026-08-25,176,756,25.2
DEM-005262,MED-028,LOC-007,2026-08-24,187,801,26.7
DEM-005263,MED-028,LOC-007,2026-08-23,213,912,30.4
DEM-005264,MED-028,LOC-008,2026-09-10,163,594,21.3
DEM-005265,MED-028,LOC-008,2026-09-09,141,603,20.1
DEM-005266,MED-028,LOC-008,2026-09-08,149,639,21.3
DEM-005267,MED-028,LOC-008,2026-09-07,125,537,17.9
DEM-005268,MED-028,LOC-008,2026-09-06,188,804,26.8
DEM-005269,MED-028,LOC-008,2026-09-05,170,729,24.3
DEM-005270,MED-028,LOC-008,2026-09-04,135,579,19.3
DEM-005271,MED-028,LOC-008,2026-09-03,192,822,27.4
DEM-005272,MED-028,LOC-008,2026-09-02,181,774,25.8
DEM-005273,MED-028,LOC-008,2026-09-01,169,723,24.1
DEM-005274,MED-028,LOC-008,2026-08-31,167,714,23.8
DEM-005275,MED-028,LOC-008,2026-08-30,125,534,17.8
DEM-005276,MED-028,LOC-008,2026-08-29,132,564,18.8
DEM-005277,MED-028,LOC-008,2026-08-28,116,495,16.5
DEM-005278,MED-028,LOC-008,2026-08-27,138,591,19.7
DEM-005279,MED-028,LOC-008,2026-08-26,122,525,17.5
DEM-005280,MED-028,LOC-008,2026-08-25,133,570,19.0
DEM-005281,MED-028,LOC-008,2026-08-24,127,543,18.1
DEM-005282,MED-028,LOC-008,2026-08-23,158,678,22.6
DEM-005283,MED-028,LOC-009,2026-09-10,160,691,23.3
DEM-005284,MED-028,LOC-009,2026-09-09,156,669,22.3
DEM-005285,MED-028,LOC-009,2026-09-08,171,732,24.4
DEM-005286,MED-028,LOC-009,2026-09-07,137,588,19.6
DEM-005287,MED-028,LOC-009,2026-09-06,149,639,21.3
DEM-005288,MED-028,LOC-009,2026-09-05,205,879,29.3
DEM-005289,MED-028,LOC-009,2026-09-04,159,681,22.7
DEM-005290,MED-028,LOC-009,2026-09-03,167,717,23.9
DEM-005291,MED-028,LOC-009,2026-09-02,135,579,19.3
DEM-005292,MED-028,LOC-009,2026-09-01,163,699,23.3
DEM-005293,MED-028,LOC-009,2026-08-31,151,648,21.6
DEM-005294,MED-028,LOC-009,2026-08-30,122,525,17.5
DEM-005295,MED-028,LOC-009,2026-08-29,188,807,26.9
DEM-005296,MED-028,LOC-009,2026-08-28,210,900,30.0
DEM-005297,MED-028,LOC-009,2026-08-27,152,651,21.7
DEM-005298,MED-028,LOC-009,2026-08-26,186,795,26.5
DEM-005299,MED-028,LOC-009,2026-08-25,164,705,23.5
DEM-005300,MED-028,LOC-009,2026-08-24,148,636,21.2
DEM-005301,MED-028,LOC-009,2026-08-23,207,888,29.6
DEM-005302,MED-028,LOC-010,2026-09-10,245,957,33.6
DEM-005303,MED-028,LOC-010,2026-09-09,249,1068,35.6
DEM-005304,MED-028,LOC-010,2026-09-08,294,1260,42.0
DEM-005305,MED-028,LOC-010,2026-09-07,234,1002,33.4
DEM-005306,MED-028,LOC-010,2026-09-06,265,1137,37.9
DEM-005307,MED-028,LOC-010,2026-09-05,271,1161,38.7
DEM-005308,MED-028,LOC-010,2026-09-04,293,1254,41.8
DEM-005309,MED-028,LOC-010,2026-09-03,195,834,27.8
DEM-005310,MED-028,LOC-010,2026-09-02,248,1062,35.4
DEM-005311,MED-028,LOC-010,2026-09-01,216,927,30.9
DEM-005312,MED-028,LOC-010,2026-08-31,228,978,32.6
DEM-005313,MED-028,LOC-010,2026-08-30,285,1221,40.7
DEM-005314,MED-028,LOC-010,2026-08-29,234,1002,33.4
DEM-005315,MED-028,LOC-010,2026-08-28,188,807,26.9
DEM-005316,MED-028,LOC-010,2026-08-27,183,786,26.2
DEM-005317,MED-028,LOC-010,2026-08-26,260,1113,37.1
DEM-005318,MED-028,LOC-010,2026-08-25,252,1080,36.0
DEM-005319,MED-028,LOC-010,2026-08-24,205,879,29.3
DEM-005320,MED-028,LOC-010,2026-08-23,298,1275,42.5
DEM-005321,MED-029,LOC-001,2026-09-10,141,590,19.5
DEM-005322,MED-029,LOC-001,2026-09-09,153,654,21.8
DEM-005323,MED-029,LOC-001,2026-09-08,109,468,15.6
DEM-005324,MED-029,LOC-001,2026-09-07,141,603,20.1
DEM-005325,MED-029,LOC-001,2026-09-06,117,501,16.7
DEM-005326,MED-029,LOC-001,2026-09-05,126,540,18.0
DEM-005327,MED-029,LOC-001,2026-09-04,148,633,21.1
DEM-005328,MED-029,LOC-001,2026-09-03,173,741,24.7
DEM-005329,MED-029,LOC-001,2026-09-02,171,732,24.4
DEM-005330,MED-029,LOC-001,2026-09-01,130,555,18.5
DEM-005331,MED-029,LOC-001,2026-08-31,113,486,16.2
DEM-005332,MED-029,LOC-001,2026-08-30,167,714,23.8
DEM-005333,MED-029,LOC-001,2026-08-29,130,558,18.6
DEM-005334,MED-029,LOC-001,2026-08-28,130,558,18.6
DEM-005335,MED-029,LOC-001,2026-08-27,124,531,17.7
DEM-005336,MED-029,LOC-001,2026-08-26,129,552,18.4
DEM-005337,MED-029,LOC-001,2026-08-25,176,753,25.1
DEM-005338,MED-029,LOC-001,2026-08-24,168,720,24.0
DEM-005339,MED-029,LOC-001,2026-08-23,109,468,15.6
DEM-005340,MED-029,LOC-002,2026-09-10,126,597,17.8
DEM-005341,MED-029,LOC-002,2026-09-09,148,636,21.2
DEM-005342,MED-029,LOC-002,2026-09-08,113,486,16.2
DEM-005343,MED-029,LOC-002,2026-09-07,148,636,21.2
DEM-005344,MED-029,LOC-002,2026-09-06,160,684,22.8
DEM-005345,MED-029,LOC-002,2026-09-05,122,525,17.5
DEM-005346,MED-029,LOC-002,2026-09-04,155,663,22.1
DEM-005347,MED-029,LOC-002,2026-09-03,103,441,14.7
DEM-005348,MED-029,LOC-002,2026-09-02,134,573,19.1
DEM-005349,MED-029,LOC-002,2026-09-01,99,426,14.2
DEM-005350,MED-029,LOC-002,2026-08-31,108,462,15.4
DEM-005351,MED-029,LOC-002,2026-08-30,126,540,18.0
DEM-005352,MED-029,LOC-002,2026-08-29,153,654,21.8
DEM-005353,MED-029,LOC-002,2026-08-28,161,690,23.0
DEM-005354,MED-029,LOC-002,2026-08-27,98,420,14.0
DEM-005355,MED-029,LOC-002,2026-08-26,159,681,22.7
DEM-005356,MED-029,LOC-002,2026-08-25,146,624,20.8
DEM-005357,MED-029,LOC-002,2026-08-24,99,426,14.2
DEM-005358,MED-029,LOC-002,2026-08-23,122,522,17.4
DEM-005359,MED-029,LOC-003,2026-09-10,194,854,27.6
DEM-005360,MED-029,LOC-003,2026-09-09,220,945,31.5
DEM-005361,MED-029,LOC-003,2026-09-08,225,966,32.2
DEM-005362,MED-029,LOC-003,2026-09-07,160,684,22.8
DEM-005363,MED-029,LOC-003,2026-09-06,164,705,23.5
DEM-005364,MED-029,LOC-003,2026-09-05,186,795,26.5
DEM-005365,MED-029,LOC-003,2026-09-04,204,873,29.1
DEM-005366,MED-029,LOC-003,2026-09-03,149,639,21.3
DEM-005367,MED-029,LOC-003,2026-09-02,232,996,33.2
DEM-005368,MED-029,LOC-003,2026-09-01,234,1002,33.4
DEM-005369,MED-029,LOC-003,2026-08-31,177,759,25.3
DEM-005370,MED-029,LOC-003,2026-08-30,204,876,29.2
DEM-005371,MED-029,LOC-003,2026-08-29,194,831,27.7
DEM-005372,MED-029,LOC-003,2026-08-28,148,633,21.1
DEM-005373,MED-029,LOC-003,2026-08-27,145,621,20.7
DEM-005374,MED-029,LOC-003,2026-08-26,173,741,24.7
DEM-005375,MED-029,LOC-003,2026-08-25,246,1056,35.2
DEM-005376,MED-029,LOC-003,2026-08-24,234,1002,33.4
DEM-005377,MED-029,LOC-003,2026-08-23,195,837,27.9
DEM-005378,MED-029,LOC-004,2026-09-10,136,521,17.3
DEM-005379,MED-029,LOC-004,2026-09-09,124,531,17.7
DEM-005380,MED-029,LOC-004,2026-09-08,136,585,19.5
DEM-005381,MED-029,LOC-004,2026-09-07,107,459,15.3
DEM-005382,MED-029,LOC-004,2026-09-06,99,423,14.1
DEM-005383,MED-029,LOC-004,2026-09-05,109,468,15.6
DEM-005384,MED-029,LOC-004,2026-09-04,157,672,22.4
DEM-005385,MED-029,LOC-004,2026-09-03,95,408,13.6
DEM-005386,MED-029,LOC-004,2026-09-02,141,603,20.1
DEM-005387,MED-029,LOC-004,2026-09-01,130,555,18.5
DEM-005388,MED-029,LOC-004,2026-08-31,129,552,18.4
DEM-005389,MED-029,LOC-004,2026-08-30,148,636,21.2
DEM-005390,MED-029,LOC-004,2026-08-29,133,570,19.0
DEM-005391,MED-029,LOC-004,2026-08-28,122,525,17.5
DEM-005392,MED-029,LOC-004,2026-08-27,137,588,19.6
DEM-005393,MED-029,LOC-004,2026-08-26,99,423,14.1
DEM-005394,MED-029,LOC-004,2026-08-25,125,537,17.9
DEM-005395,MED-029,LOC-004,2026-08-24,129,552,18.4
DEM-005396,MED-029,LOC-004,2026-08-23,147,630,21.0
DEM-005397,MED-029,LOC-005,2026-09-10,133,611,20.7
DEM-005398,MED-029,LOC-005,2026-09-09,178,765,25.5
DEM-005399,MED-029,LOC-005,2026-09-08,120,513,17.1
DEM-005400,MED-029,LOC-005,2026-09-07,122,522,17.4
DEM-005401,MED-029,LOC-005,2026-09-06,130,558,18.6
DEM-005402,MED-029,LOC-005,2026-09-05,142,609,20.3
DEM-005403,MED-029,LOC-005,2026-09-04,181,777,25.9
DEM-005404,MED-029,LOC-005,2026-09-03,137,588,19.6
DEM-005405,MED-029,LOC-005,2026-09-02,132,564,18.8
DEM-005406,MED-029,LOC-005,2026-09-01,151,648,21.6
DEM-005407,MED-029,LOC-005,2026-08-31,183,786,26.2
DEM-005408,MED-029,LOC-005,2026-08-30,150,642,21.4
DEM-005409,MED-029,LOC-005,2026-08-29,170,729,24.3
DEM-005410,MED-029,LOC-005,2026-08-28,123,528,17.6
DEM-005411,MED-029,LOC-005,2026-08-27,116,498,16.6
DEM-005412,MED-029,LOC-005,2026-08-26,169,723,24.1
DEM-005413,MED-029,LOC-005,2026-08-25,152,651,21.7
DEM-005414,MED-029,LOC-005,2026-08-24,178,765,25.5
DEM-005415,MED-029,LOC-005,2026-08-23,174,747,24.9
DEM-005416,MED-029,LOC-006,2026-09-10,76,352,11.1
DEM-005417,MED-029,LOC-006,2026-09-09,88,375,12.5
DEM-005418,MED-029,LOC-006,2026-09-08,62,267,8.9
DEM-005419,MED-029,LOC-006,2026-09-07,83,357,11.9
DEM-005420,MED-029,LOC-006,2026-09-06,94,402,13.4
DEM-005421,MED-029,LOC-006,2026-09-05,59,252,8.4
DEM-005422,MED-029,LOC-006,2026-09-04,80,345,11.5
DEM-005423,MED-029,LOC-006,2026-09-03,74,318,10.6
DEM-005424,MED-029,LOC-006,2026-09-02,79,339,11.3
DEM-005425,MED-029,LOC-006,2026-09-01,73,312,10.4
DEM-005426,MED-029,LOC-006,2026-08-31,97,417,13.9
DEM-005427,MED-029,LOC-006,2026-08-30,63,270,9.0
DEM-005428,MED-029,LOC-006,2026-08-29,65,279,9.3
DEM-005429,MED-029,LOC-006,2026-08-28,68,291,9.7
DEM-005430,MED-029,LOC-006,2026-08-27,66,285,9.5
DEM-005431,MED-029,LOC-006,2026-08-26,97,414,13.8
DEM-005432,MED-029,LOC-006,2026-08-25,85,363,12.1
DEM-005433,MED-029,LOC-006,2026-08-24,94,402,13.4
DEM-005434,MED-029,LOC-006,2026-08-23,80,345,11.5
DEM-005435,MED-029,LOC-007,2026-09-10,121,533,16.6
DEM-005436,MED-029,LOC-007,2026-09-09,94,405,13.5
DEM-005437,MED-029,LOC-007,2026-09-08,117,501,16.7
DEM-005438,MED-029,LOC-007,2026-09-07,92,393,13.1
DEM-005439,MED-029,LOC-007,2026-09-06,139,597,19.9
DEM-005440,MED-029,LOC-007,2026-09-05,146,627,20.9
DEM-005441,MED-029,LOC-007,2026-09-04,118,504,16.8
DEM-005442,MED-029,LOC-007,2026-09-03,107,459,15.3
DEM-005443,MED-029,LOC-007,2026-09-02,111,474,15.8
DEM-005444,MED-029,LOC-007,2026-09-01,139,597,19.9
DEM-005445,MED-029,LOC-007,2026-08-31,144,618,20.6
DEM-005446,MED-029,LOC-007,2026-08-30,125,537,17.9
DEM-005447,MED-029,LOC-007,2026-08-29,136,582,19.4
DEM-005448,MED-029,LOC-007,2026-08-28,109,468,15.6
DEM-005449,MED-029,LOC-007,2026-08-27,132,567,18.9
DEM-005450,MED-029,LOC-007,2026-08-26,89,381,12.7
DEM-005451,MED-029,LOC-007,2026-08-25,139,597,19.9
DEM-005452,MED-029,LOC-007,2026-08-24,102,435,14.5
DEM-005453,MED-029,LOC-007,2026-08-23,142,609,20.3
DEM-005454,MED-029,LOC-008,2026-09-10,60,255,9.0
DEM-005455,MED-029,LOC-008,2026-09-09,52,222,7.4
DEM-005456,MED-029,LOC-008,2026-09-08,50,213,7.1
DEM-005457,MED-029,LOC-008,2026-09-07,71,306,10.2
DEM-005458,MED-029,LOC-008,2026-09-06,74,318,10.6
DEM-005459,MED-029,LOC-008,2026-09-05,50,213,7.1
DEM-005460,MED-029,LOC-008,2026-09-04,74,318,10.6
DEM-005461,MED-029,LOC-008,2026-09-03,74,315,10.5
DEM-005462,MED-029,LOC-008,2026-09-02,49,210,7.0
DEM-005463,MED-029,LOC-008,2026-09-01,51,219,7.3
DEM-005464,MED-029,LOC-008,2026-08-31,75,321,10.7
DEM-005465,MED-029,LOC-008,2026-08-30,65,279,9.3
DEM-005466,MED-029,LOC-008,2026-08-29,49,210,7.0
DEM-005467,MED-029,LOC-008,2026-08-28,51,219,7.3
DEM-005468,MED-029,LOC-008,2026-08-27,56,240,8.0
DEM-005469,MED-029,LOC-008,2026-08-26,50,213,7.1
DEM-005470,MED-029,LOC-008,2026-08-25,71,303,10.1
DEM-005471,MED-029,LOC-008,2026-08-24,74,315,10.5
DEM-005472,MED-029,LOC-008,2026-08-23,74,318,10.6
DEM-005473,MED-029,LOC-009,2026-09-10,127,627,19.0
DEM-005474,MED-029,LOC-009,2026-09-09,113,486,16.2
DEM-005475,MED-029,LOC-009,2026-09-08,125,537,17.9
DEM-005476,MED-029,LOC-009,2026-09-07,106,456,15.2
DEM-005477,MED-029,LOC-009,2026-09-06,162,693,23.1
DEM-005478,MED-029,LOC-009,2026-09-05,169,723,24.1
DEM-005479,MED-029,LOC-009,2026-09-04,169,726,24.2
DEM-005480,MED-029,LOC-009,2026-09-03,125,537,17.9
DEM-005481,MED-029,LOC-009,2026-09-02,111,477,15.9
DEM-005482,MED-029,LOC-009,2026-09-01,136,585,19.5
DEM-005483,MED-029,LOC-009,2026-08-31,153,657,21.9
DEM-005484,MED-029,LOC-009,2026-08-30,118,504,16.8
DEM-005485,MED-029,LOC-009,2026-08-29,141,606,20.2
DEM-005486,MED-029,LOC-009,2026-08-28,107,459,15.3
DEM-005487,MED-029,LOC-009,2026-08-27,142,609,20.3
DEM-005488,MED-029,LOC-009,2026-08-26,101,432,14.4
DEM-005489,MED-029,LOC-009,2026-08-25,116,495,16.5
DEM-005490,MED-029,LOC-009,2026-08-24,114,489,16.3
DEM-005491,MED-029,LOC-009,2026-08-23,120,516,17.2
DEM-005492,MED-029,LOC-010,2026-09-10,137,632,18.9
DEM-005493,MED-029,LOC-010,2026-09-09,106,456,15.2
DEM-005494,MED-029,LOC-010,2026-09-08,115,492,16.4
DEM-005495,MED-029,LOC-010,2026-09-07,136,582,19.4
DEM-005496,MED-029,LOC-010,2026-09-06,150,645,21.5
DEM-005497,MED-029,LOC-010,2026-09-05,126,540,18.0
DEM-005498,MED-029,LOC-010,2026-09-04,142,609,20.3
DEM-005499,MED-029,LOC-010,2026-09-03,131,561,18.7
DEM-005500,MED-029,LOC-010,2026-09-02,169,723,24.1
DEM-005501,MED-029,LOC-010,2026-09-01,113,483,16.1
DEM-005502,MED-029,LOC-010,2026-08-31,125,537,17.9
DEM-005503,MED-029,LOC-010,2026-08-30,127,543,18.1
DEM-005504,MED-029,LOC-010,2026-08-29,115,492,16.4
DEM-005505,MED-029,LOC-010,2026-08-28,116,495,16.5
DEM-005506,MED-029,LOC-010,2026-08-27,107,459,15.3
DEM-005507,MED-029,LOC-010,2026-08-26,171,732,24.4
DEM-005508,MED-029,LOC-010,2026-08-25,108,465,15.5
DEM-005509,MED-029,LOC-010,2026-08-24,107,459,15.3
DEM-005510,MED-029,LOC-010,2026-08-23,109,468,15.6
DEM-005511,MED-030,LOC-001,2026-09-10,282,1080,38.8
DEM-005512,MED-030,LOC-001,2026-09-09,253,1083,36.1
DEM-005513,MED-030,LOC-001,2026-09-08,221,948,31.6
DEM-005514,MED-030,LOC-001,2026-09-07,246,1056,35.2
DEM-005515,MED-030,LOC-001,2026-09-06,293,1257,41.9
DEM-005516,MED-030,LOC-001,2026-09-05,251,1074,35.8
DEM-005517,MED-030,LOC-001,2026-09-04,349,1497,49.9
DEM-005518,MED-030,LOC-001,2026-09-03,270,1158,38.6
DEM-005519,MED-030,LOC-001,2026-09-02,286,1227,40.9
DEM-005520,MED-030,LOC-001,2026-09-01,247,1059,35.3
DEM-005521,MED-030,LOC-001,2026-08-31,332,1422,47.4
DEM-005522,MED-030,LOC-001,2026-08-30,232,993,33.1
DEM-005523,MED-030,LOC-001,2026-08-29,214,918,30.6
DEM-005524,MED-030,LOC-001,2026-08-28,329,1410,47.0
DEM-005525,MED-030,LOC-001,2026-08-27,275,1179,39.3
DEM-005526,MED-030,LOC-001,2026-08-26,305,1308,43.6
DEM-005527,MED-030,LOC-001,2026-08-25,230,987,32.9
DEM-005528,MED-030,LOC-001,2026-08-24,353,1512,50.4
DEM-005529,MED-030,LOC-001,2026-08-23,277,1188,39.6
DEM-005530,MED-030,LOC-002,2026-09-10,148,663,21.0
DEM-005531,MED-030,LOC-002,2026-09-09,117,501,16.7
DEM-005532,MED-030,LOC-002,2026-09-08,122,522,17.4
DEM-005533,MED-030,LOC-002,2026-09-07,143,612,20.4
DEM-005534,MED-030,LOC-002,2026-09-06,158,678,22.6
DEM-005535,MED-030,LOC-002,2026-09-05,118,507,16.9
DEM-005536,MED-030,LOC-002,2026-09-04,185,792,26.4
DEM-005537,MED-030,LOC-002,2026-09-03,189,810,27.0
DEM-005538,MED-030,LOC-002,2026-09-02,116,495,16.5
DEM-005539,MED-030,LOC-002,2026-09-01,189,810,27.0
DEM-005540,MED-030,LOC-002,2026-08-31,138,591,19.7
DEM-005541,MED-030,LOC-002,2026-08-30,158,678,22.6
DEM-005542,MED-030,LOC-002,2026-08-29,190,816,27.2
DEM-005543,MED-030,LOC-002,2026-08-28,120,516,17.2
DEM-005544,MED-030,LOC-002,2026-08-27,178,762,25.4
DEM-005545,MED-030,LOC-002,2026-08-26,169,723,24.1
DEM-005546,MED-030,LOC-002,2026-08-25,133,570,19.0
DEM-005547,MED-030,LOC-002,2026-08-24,168,720,24.0
DEM-005548,MED-030,LOC-002,2026-08-23,158,675,22.5
DEM-005549,MED-030,LOC-003,2026-09-10,253,1035,32.9
DEM-005550,MED-030,LOC-003,2026-09-09,223,957,31.9
DEM-005551,MED-030,LOC-003,2026-09-08,233,999,33.3
DEM-005552,MED-030,LOC-003,2026-09-07,249,1068,35.6
DEM-005553,MED-030,LOC-003,2026-09-06,224,960,32.0
DEM-005554,MED-030,LOC-003,2026-09-05,234,1002,33.4
DEM-005555,MED-030,LOC-003,2026-09-04,208,891,29.7
DEM-005556,MED-030,LOC-003,2026-09-03,270,1158,38.6
DEM-005557,MED-030,LOC-003,2026-09-02,186,798,26.6
DEM-005558,MED-030,LOC-003,2026-09-01,204,876,29.2
DEM-005559,MED-030,LOC-003,2026-08-31,236,1011,33.7
DEM-005560,MED-030,LOC-003,2026-08-30,252,1080,36.0
DEM-005561,MED-030,LOC-003,2026-08-29,190,813,27.1
DEM-005562,MED-030,LOC-003,2026-08-28,186,795,26.5
DEM-005563,MED-030,LOC-003,2026-08-27,179,768,25.6
DEM-005564,MED-030,LOC-003,2026-08-26,181,777,25.9
DEM-005565,MED-030,LOC-003,2026-08-25,258,1107,36.9
DEM-005566,MED-030,LOC-003,2026-08-24,296,1269,42.3
DEM-005567,MED-030,LOC-003,2026-08-23,221,948,31.6
DEM-005568,MED-030,LOC-004,2026-09-10,173,827,26.4
DEM-005569,MED-030,LOC-004,2026-09-09,148,636,21.2
DEM-005570,MED-030,LOC-004,2026-09-08,146,627,20.9
DEM-005571,MED-030,LOC-004,2026-09-07,215,921,30.7
DEM-005572,MED-030,LOC-004,2026-09-06,216,927,30.9
DEM-005573,MED-030,LOC-004,2026-09-05,219,939,31.3
DEM-005574,MED-030,LOC-004,2026-09-04,159,681,22.7
DEM-005575,MED-030,LOC-004,2026-09-03,206,882,29.4
DEM-005576,MED-030,LOC-004,2026-09-02,188,807,26.9
DEM-005577,MED-030,LOC-004,2026-09-01,165,708,23.6
DEM-005578,MED-030,LOC-004,2026-08-31,174,744,24.8
DEM-005579,MED-030,LOC-004,2026-08-30,226,969,32.3
DEM-005580,MED-030,LOC-004,2026-08-29,194,831,27.7
DEM-005581,MED-030,LOC-004,2026-08-28,235,1008,33.6
DEM-005582,MED-030,LOC-004,2026-08-27,142,609,20.3
DEM-005583,MED-030,LOC-004,2026-08-26,182,780,26.0
DEM-005584,MED-030,LOC-004,2026-08-25,232,993,33.1
DEM-005585,MED-030,LOC-004,2026-08-24,178,762,25.4
DEM-005586,MED-030,LOC-004,2026-08-23,171,732,24.4
DEM-005587,MED-030,LOC-005,2026-09-10,244,953,34.3
DEM-005588,MED-030,LOC-005,2026-09-09,253,1086,36.2
DEM-005589,MED-030,LOC-005,2026-09-08,294,1260,42.0
DEM-005590,MED-030,LOC-005,2026-09-07,220,942,31.4
DEM-005591,MED-030,LOC-005,2026-09-06,273,1170,39.0
DEM-005592,MED-030,LOC-005,2026-09-05,245,1050,35.0
DEM-005593,MED-030,LOC-005,2026-09-04,198,849,28.3
DEM-005594,MED-030,LOC-005,2026-09-03,274,1176,39.2
DEM-005595,MED-030,LOC-005,2026-09-02,244,1047,34.9
DEM-005596,MED-030,LOC-005,2026-09-01,195,834,27.8
DEM-005597,MED-030,LOC-005,2026-08-31,270,1155,38.5
DEM-005598,MED-030,LOC-005,2026-08-30,267,1146,38.2
DEM-005599,MED-030,LOC-005,2026-08-29,271,1161,38.7
DEM-005600,MED-030,LOC-005,2026-08-28,256,1095,36.5
DEM-005601,MED-030,LOC-005,2026-08-27,243,1041,34.7
DEM-005602,MED-030,LOC-005,2026-08-26,293,1254,41.8
DEM-005603,MED-030,LOC-005,2026-08-25,247,1059,35.3
DEM-005604,MED-030,LOC-005,2026-08-24,232,993,33.1
DEM-005605,MED-030,LOC-005,2026-08-23,246,1053,35.1
DEM-005606,MED-030,LOC-006,2026-09-10,137,553,18.6
DEM-005607,MED-030,LOC-006,2026-09-09,168,720,24.0
DEM-005608,MED-030,LOC-006,2026-09-08,120,516,17.2
DEM-005609,MED-030,LOC-006,2026-09-07,99,426,14.2
DEM-005610,MED-030,LOC-006,2026-09-06,101,432,14.4
DEM-005611,MED-030,LOC-006,2026-09-05,158,675,22.5
DEM-005612,MED-030,LOC-006,2026-09-04,122,525,17.5
DEM-005613,MED-030,LOC-006,2026-09-03,150,645,21.5
DEM-005614,MED-030,LOC-006,2026-09-02,99,426,14.2
DEM-005615,MED-030,LOC-006,2026-09-01,162,693,23.1
DEM-005616,MED-030,LOC-006,2026-08-31,122,522,17.4
DEM-005617,MED-030,LOC-006,2026-08-30,104,447,14.9
DEM-005618,MED-030,LOC-006,2026-08-29,122,525,17.5
DEM-005619,MED-030,LOC-006,2026-08-28,123,528,17.6
DEM-005620,MED-030,LOC-006,2026-08-27,122,525,17.5
DEM-005621,MED-030,LOC-006,2026-08-26,145,621,20.7
DEM-005622,MED-030,LOC-006,2026-08-25,116,495,16.5
DEM-005623,MED-030,LOC-006,2026-08-24,144,618,20.6
DEM-005624,MED-030,LOC-006,2026-08-23,140,600,20.0
DEM-005625,MED-030,LOC-007,2026-09-10,183,842,28.6
DEM-005626,MED-030,LOC-007,2026-09-09,188,804,26.8
DEM-005627,MED-030,LOC-007,2026-09-08,153,654,21.8
DEM-005628,MED-030,LOC-007,2026-09-07,186,798,26.6
DEM-005629,MED-030,LOC-007,2026-09-06,201,861,28.7
DEM-005630,MED-030,LOC-007,2026-09-05,245,1050,35.0
DEM-005631,MED-030,LOC-007,2026-09-04,213,912,30.4
DEM-005632,MED-030,LOC-007,2026-09-03,249,1068,35.6
DEM-005633,MED-030,LOC-007,2026-09-02,179,768,25.6
DEM-005634,MED-030,LOC-007,2026-09-01,227,972,32.4
DEM-005635,MED-030,LOC-007,2026-08-31,215,921,30.7
DEM-005636,MED-030,LOC-007,2026-08-30,259,1110,37.0
DEM-005637,MED-030,LOC-007,2026-08-29,192,822,27.4
DEM-005638,MED-030,LOC-007,2026-08-28,193,828,27.6
DEM-005639,MED-030,LOC-007,2026-08-27,214,915,30.5
DEM-005640,MED-030,LOC-007,2026-08-26,239,1026,34.2
DEM-005641,MED-030,LOC-007,2026-08-25,161,690,23.0
DEM-005642,MED-030,LOC-007,2026-08-24,225,963,32.1
DEM-005643,MED-030,LOC-007,2026-08-23,187,801,26.7
DEM-005644,MED-030,LOC-008,2026-09-10,121,468,15.8
DEM-005645,MED-030,LOC-008,2026-09-09,120,516,17.2
DEM-005646,MED-030,LOC-008,2026-09-08,105,450,15.0
DEM-005647,MED-030,LOC-008,2026-09-07,109,468,15.6
DEM-005648,MED-030,LOC-008,2026-09-06,113,486,16.2
DEM-005649,MED-030,LOC-008,2026-09-05,134,576,19.2
DEM-005650,MED-030,LOC-008,2026-09-04,131,561,18.7
DEM-005651,MED-030,LOC-008,2026-09-03,134,576,19.2
DEM-005652,MED-030,LOC-008,2026-09-02,116,495,16.5
DEM-005653,MED-030,LOC-008,2026-09-01,100,429,14.3
DEM-005654,MED-030,LOC-008,2026-08-31,86,369,12.3
DEM-005655,MED-030,LOC-008,2026-08-30,144,615,20.5
DEM-005656,MED-030,LOC-008,2026-08-29,107,459,15.3
DEM-005657,MED-030,LOC-008,2026-08-28,97,414,13.8
DEM-005658,MED-030,LOC-008,2026-08-27,128,549,18.3
DEM-005659,MED-030,LOC-008,2026-08-26,88,378,12.6
DEM-005660,MED-030,LOC-008,2026-08-25,134,576,19.2
DEM-005661,MED-030,LOC-008,2026-08-24,89,381,12.7
DEM-005662,MED-030,LOC-008,2026-08-23,104,444,14.8
DEM-005663,MED-030,LOC-009,2026-09-10,159,630,20.7
DEM-005664,MED-030,LOC-009,2026-09-09,125,537,17.9
DEM-005665,MED-030,LOC-009,2026-09-08,172,738,24.6
DEM-005666,MED-030,LOC-009,2026-09-07,160,687,22.9
DEM-005667,MED-030,LOC-009,2026-09-06,133,570,19.0
DEM-005668,MED-030,LOC-009,2026-09-05,173,741,24.7
DEM-005669,MED-030,LOC-009,2026-09-04,144,615,20.5
DEM-005670,MED-030,LOC-009,2026-09-03,152,651,21.7
DEM-005671,MED-030,LOC-009,2026-09-02,125,534,17.8
DEM-005672,MED-030,LOC-009,2026-09-01,141,603,20.1
DEM-005673,MED-030,LOC-009,2026-08-31,158,678,22.6
DEM-005674,MED-030,LOC-009,2026-08-30,145,621,20.7
DEM-005675,MED-030,LOC-009,2026-08-29,169,726,24.2
DEM-005676,MED-030,LOC-009,2026-08-28,123,528,17.6
DEM-005677,MED-030,LOC-009,2026-08-27,110,471,15.7
DEM-005678,MED-030,LOC-009,2026-08-26,164,705,23.5
DEM-005679,MED-030,LOC-009,2026-08-25,177,759,25.3
DEM-005680,MED-030,LOC-009,2026-08-24,155,663,22.1
DEM-005681,MED-030,LOC-009,2026-08-23,125,537,17.9
DEM-005682,MED-030,LOC-010,2026-09-10,221,885,29.1
DEM-005683,MED-030,LOC-010,2026-09-09,258,1104,36.8
DEM-005684,MED-030,LOC-010,2026-09-08,213,912,30.4
DEM-005685,MED-030,LOC-010,2026-09-07,222,951,31.7
DEM-005686,MED-030,LOC-010,2026-09-06,239,1023,34.1
DEM-005687,MED-030,LOC-010,2026-09-05,202,864,28.8
DEM-005688,MED-030,LOC-010,2026-09-04,216,927,30.9
DEM-005689,MED-030,LOC-010,2026-09-03,223,957,31.9
DEM-005690,MED-030,LOC-010,2026-09-02,211,906,30.2
DEM-005691,MED-030,LOC-010,2026-09-01,194,831,27.7
DEM-005692,MED-030,LOC-010,2026-08-31,169,726,24.2
DEM-005693,MED-030,LOC-010,2026-08-30,169,726,24.2
DEM-005694,MED-030,LOC-010,2026-08-29,230,984,32.8
DEM-005695,MED-030,LOC-010,2026-08-28,186,798,26.6
DEM-005696,MED-030,LOC-010,2026-08-27,202,864,28.8
DEM-005697,MED-030,LOC-010,2026-08-26,188,807,26.9
DEM-005698,MED-030,LOC-010,2026-08-25,246,1053,35.1
DEM-005699,MED-030,LOC-010,2026-08-24,160,687,22.9
DEM-005700,MED-030,LOC-010,2026-08-23,176,753,25.1
DEM-005701,MED-031,LOC-001,2026-09-10,227,889,30.5
DEM-005702,MED-031,LOC-001,2026-09-09,231,990,33.0
DEM-005703,MED-031,LOC-001,2026-09-08,208,891,29.7
DEM-005704,MED-031,LOC-001,2026-09-07,174,744,24.8
DEM-005705,MED-031,LOC-001,2026-09-06,183,783,26.1
DEM-005706,MED-031,LOC-001,2026-09-05,189,810,27.0
DEM-005707,MED-031,LOC-001,2026-09-04,258,1104,36.8
DEM-005708,MED-031,LOC-001,2026-09-03,215,921,30.7
DEM-005709,MED-031,LOC-001,2026-09-02,226,969,32.3
DEM-005710,MED-031,LOC-001,2026-09-01,211,906,30.2
DEM-005711,MED-031,LOC-001,2026-08-31,236,1011,33.7
DEM-005712,MED-031,LOC-001,2026-08-30,164,705,23.5
DEM-005713,MED-031,LOC-001,2026-08-29,178,765,25.5
DEM-005714,MED-031,LOC-001,2026-08-28,176,756,25.2
DEM-005715,MED-031,LOC-001,2026-08-27,190,816,27.2
DEM-005716,MED-031,LOC-001,2026-08-26,255,1092,36.4
DEM-005717,MED-031,LOC-001,2026-08-25,237,1017,33.9
DEM-005718,MED-031,LOC-001,2026-08-24,181,774,25.8
DEM-005719,MED-031,LOC-001,2026-08-23,260,1116,37.2
DEM-005720,MED-031,LOC-002,2026-09-10,157,610,22.0
DEM-005721,MED-031,LOC-002,2026-09-09,188,807,26.9
DEM-005722,MED-031,LOC-002,2026-09-08,122,525,17.5
DEM-005723,MED-031,LOC-002,2026-09-07,167,714,23.8
DEM-005724,MED-031,LOC-002,2026-09-06,189,810,27.0
DEM-005725,MED-031,LOC-002,2026-09-05,192,822,27.4
DEM-005726,MED-031,LOC-002,2026-09-04,150,642,21.4
DEM-005727,MED-031,LOC-002,2026-09-03,146,627,20.9
DEM-005728,MED-031,LOC-002,2026-09-02,172,735,24.5
DEM-005729,MED-031,LOC-002,2026-09-01,123,528,17.6
DEM-005730,MED-031,LOC-002,2026-08-31,195,837,27.9
DEM-005731,MED-031,LOC-002,2026-08-30,177,759,25.3
DEM-005732,MED-031,LOC-002,2026-08-29,127,546,18.2
DEM-005733,MED-031,LOC-002,2026-08-28,125,537,17.9
DEM-005734,MED-031,LOC-002,2026-08-27,178,762,25.4
DEM-005735,MED-031,LOC-002,2026-08-26,195,834,27.8
DEM-005736,MED-031,LOC-002,2026-08-25,160,684,22.8
DEM-005737,MED-031,LOC-002,2026-08-24,186,795,26.5
DEM-005738,MED-031,LOC-002,2026-08-23,196,840,28.0
DEM-005739,MED-031,LOC-003,2026-09-10,214,1043,31.7
DEM-005740,MED-031,LOC-003,2026-09-09,195,837,27.9
DEM-005741,MED-031,LOC-003,2026-09-08,181,777,25.9
DEM-005742,MED-031,LOC-003,2026-09-07,265,1134,37.8
DEM-005743,MED-031,LOC-003,2026-09-06,206,885,29.5
DEM-005744,MED-031,LOC-003,2026-09-05,238,1020,34.0
DEM-005745,MED-031,LOC-003,2026-09-04,214,918,30.6
DEM-005746,MED-031,LOC-003,2026-09-03,258,1104,36.8
DEM-005747,MED-031,LOC-003,2026-09-02,195,837,27.9
DEM-005748,MED-031,LOC-003,2026-09-01,218,933,31.1
DEM-005749,MED-031,LOC-003,2026-08-31,184,789,26.3
DEM-005750,MED-031,LOC-003,2026-08-30,188,804,26.8
DEM-005751,MED-031,LOC-003,2026-08-29,285,1221,40.7
DEM-005752,MED-031,LOC-003,2026-08-28,220,942,31.4
DEM-005753,MED-031,LOC-003,2026-08-27,197,846,28.2
DEM-005754,MED-031,LOC-003,2026-08-26,239,1023,34.1
DEM-005755,MED-031,LOC-003,2026-08-25,226,969,32.3
DEM-005756,MED-031,LOC-003,2026-08-24,212,909,30.3
DEM-005757,MED-031,LOC-003,2026-08-23,282,1209,40.3
DEM-005758,MED-031,LOC-004,2026-09-10,123,552,17.4
DEM-005759,MED-031,LOC-004,2026-09-09,156,669,22.3
DEM-005760,MED-031,LOC-004,2026-09-08,150,645,21.5
DEM-005761,MED-031,LOC-004,2026-09-07,154,660,22.0
DEM-005762,MED-031,LOC-004,2026-09-06,116,495,16.5
DEM-005763,MED-031,LOC-004,2026-09-05,139,597,19.9
DEM-005764,MED-031,LOC-004,2026-09-04,146,627,20.9
DEM-005765,MED-031,LOC-004,2026-09-03,93,399,13.3
DEM-005766,MED-031,LOC-004,2026-09-02,156,669,22.3
DEM-005767,MED-031,LOC-004,2026-09-01,132,564,18.8
DEM-005768,MED-031,LOC-004,2026-08-31,148,633,21.1
DEM-005769,MED-031,LOC-004,2026-08-30,136,582,19.4
DEM-005770,MED-031,LOC-004,2026-08-29,155,663,22.1
DEM-005771,MED-031,LOC-004,2026-08-28,138,591,19.7
DEM-005772,MED-031,LOC-004,2026-08-27,144,618,20.6
DEM-005773,MED-031,LOC-004,2026-08-26,107,459,15.3
DEM-005774,MED-031,LOC-004,2026-08-25,128,549,18.3
DEM-005775,MED-031,LOC-004,2026-08-24,112,480,16.0
DEM-005776,MED-031,LOC-004,2026-08-23,155,666,22.2
DEM-005777,MED-031,LOC-005,2026-09-10,199,731,25.8
DEM-005778,MED-031,LOC-005,2026-09-09,222,951,31.7
DEM-005779,MED-031,LOC-005,2026-09-08,220,945,31.5
DEM-005780,MED-031,LOC-005,2026-09-07,174,747,24.9
DEM-005781,MED-031,LOC-005,2026-09-06,226,969,32.3
DEM-005782,MED-031,LOC-005,2026-09-05,174,747,24.9
DEM-005783,MED-031,LOC-005,2026-09-04,232,996,33.2
DEM-005784,MED-031,LOC-005,2026-09-03,161,690,23.0
DEM-005785,MED-031,LOC-005,2026-09-02,144,618,20.6
DEM-005786,MED-031,LOC-005,2026-09-01,217,930,31.0
DEM-005787,MED-031,LOC-005,2026-08-31,159,681,22.7
DEM-005788,MED-031,LOC-005,2026-08-30,156,669,22.3
DEM-005789,MED-031,LOC-005,2026-08-29,224,960,32.0
DEM-005790,MED-031,LOC-005,2026-08-28,226,969,32.3
DEM-005791,MED-031,LOC-005,2026-08-27,198,849,28.3
DEM-005792,MED-031,LOC-005,2026-08-26,223,954,31.8
DEM-005793,MED-031,LOC-005,2026-08-25,211,906,30.2
DEM-005794,MED-031,LOC-005,2026-08-24,176,753,25.1
DEM-005795,MED-031,LOC-005,2026-08-23,139,594,19.8
DEM-005796,MED-031,LOC-006,2026-09-10,105,452,13.6
DEM-005797,MED-031,LOC-006,2026-09-09,96,411,13.7
DEM-005798,MED-031,LOC-006,2026-09-08,93,399,13.3
DEM-005799,MED-031,LOC-006,2026-09-07,116,495,16.5
DEM-005800,MED-031,LOC-006,2026-09-06,109,468,15.6
DEM-005801,MED-031,LOC-006,2026-09-05,118,504,16.8
DEM-005802,MED-031,LOC-006,2026-09-04,114,489,16.3
DEM-005803,MED-031,LOC-006,2026-09-03,115,492,16.4
DEM-005804,MED-031,LOC-006,2026-09-02,108,462,15.4
DEM-005805,MED-031,LOC-006,2026-09-01,98,420,14.0
DEM-005806,MED-031,LOC-006,2026-08-31,90,384,12.8
DEM-005807,MED-031,LOC-006,2026-08-30,103,441,14.7
DEM-005808,MED-031,LOC-006,2026-08-29,114,489,16.3
DEM-005809,MED-031,LOC-006,2026-08-28,110,471,15.7
DEM-005810,MED-031,LOC-006,2026-08-27,95,408,13.6
DEM-005811,MED-031,LOC-006,2026-08-26,73,312,10.4
DEM-005812,MED-031,LOC-006,2026-08-25,74,318,10.6
DEM-005813,MED-031,LOC-006,2026-08-24,105,450,15.0
DEM-005814,MED-031,LOC-006,2026-08-23,104,447,14.9
DEM-005815,MED-031,LOC-007,2026-09-10,136,624,20.8
DEM-005816,MED-031,LOC-007,2026-09-09,160,684,22.8
DEM-005817,MED-031,LOC-007,2026-09-08,134,576,19.2
DEM-005818,MED-031,LOC-007,2026-09-07,116,495,16.5
DEM-005819,MED-031,LOC-007,2026-09-06,122,522,17.4
DEM-005820,MED-031,LOC-007,2026-09-05,150,645,21.5
DEM-005821,MED-031,LOC-007,2026-09-04,187,801,26.7
DEM-005822,MED-031,LOC-007,2026-09-03,176,753,25.1
DEM-005823,MED-031,LOC-007,2026-09-02,170,729,24.3
DEM-005824,MED-031,LOC-007,2026-09-01,177,759,25.3
DEM-005825,MED-031,LOC-007,2026-08-31,164,702,23.4
DEM-005826,MED-031,LOC-007,2026-08-30,173,741,24.7
DEM-005827,MED-031,LOC-007,2026-08-29,135,579,19.3
DEM-005828,MED-031,LOC-007,2026-08-28,148,633,21.1
DEM-005829,MED-031,LOC-007,2026-08-27,168,720,24.0
DEM-005830,MED-031,LOC-007,2026-08-26,130,558,18.6
DEM-005831,MED-031,LOC-007,2026-08-25,164,705,23.5
DEM-005832,MED-031,LOC-007,2026-08-24,176,753,25.1
DEM-005833,MED-031,LOC-007,2026-08-23,173,741,24.7
DEM-005834,MED-031,LOC-008,2026-09-10,74,301,10.5
DEM-005835,MED-031,LOC-008,2026-09-09,90,387,12.9
DEM-005836,MED-031,LOC-008,2026-09-08,93,399,13.3
DEM-005837,MED-031,LOC-008,2026-09-07,91,390,13.0
DEM-005838,MED-031,LOC-008,2026-09-06,64,276,9.2
DEM-005839,MED-031,LOC-008,2026-09-05,94,402,13.4
DEM-005840,MED-031,LOC-008,2026-09-04,92,396,13.2
DEM-005841,MED-031,LOC-008,2026-09-03,81,348,11.6
DEM-005842,MED-031,LOC-008,2026-09-02,80,345,11.5
DEM-005843,MED-031,LOC-008,2026-09-01,92,393,13.1
DEM-005844,MED-031,LOC-008,2026-08-31,94,405,13.5
DEM-005845,MED-031,LOC-008,2026-08-30,63,270,9.0
DEM-005846,MED-031,LOC-008,2026-08-29,83,357,11.9
DEM-005847,MED-031,LOC-008,2026-08-28,62,264,8.8
DEM-005848,MED-031,LOC-008,2026-08-27,71,306,10.2
DEM-005849,MED-031,LOC-008,2026-08-26,73,312,10.4
DEM-005850,MED-031,LOC-008,2026-08-25,66,282,9.4
DEM-005851,MED-031,LOC-008,2026-08-24,59,252,8.4
DEM-005852,MED-031,LOC-008,2026-08-23,70,300,10.0
DEM-005853,MED-031,LOC-009,2026-09-10,142,699,21.9
DEM-005854,MED-031,LOC-009,2026-09-09,152,651,21.7
DEM-005855,MED-031,LOC-009,2026-09-08,192,825,27.5
DEM-005856,MED-031,LOC-009,2026-09-07,153,657,21.9
DEM-005857,MED-031,LOC-009,2026-09-06,172,735,24.5
DEM-005858,MED-031,LOC-009,2026-09-05,125,537,17.9
DEM-005859,MED-031,LOC-009,2026-09-04,175,750,25.0
DEM-005860,MED-031,LOC-009,2026-09-03,131,561,18.7
DEM-005861,MED-031,LOC-009,2026-09-02,188,804,26.8
DEM-005862,MED-031,LOC-009,2026-09-01,181,774,25.8
DEM-005863,MED-031,LOC-009,2026-08-31,139,597,19.9
DEM-005864,MED-031,LOC-009,2026-08-30,157,672,22.4
DEM-005865,MED-031,LOC-009,2026-08-29,126,540,18.0
DEM-005866,MED-031,LOC-009,2026-08-28,187,801,26.7
DEM-005867,MED-031,LOC-009,2026-08-27,166,711,23.7
DEM-005868,MED-031,LOC-009,2026-08-26,199,852,28.4
DEM-005869,MED-031,LOC-009,2026-08-25,139,594,19.8
DEM-005870,MED-031,LOC-009,2026-08-24,172,738,24.6
DEM-005871,MED-031,LOC-009,2026-08-23,150,645,21.5
DEM-005872,MED-031,LOC-010,2026-09-10,118,528,18.0
DEM-005873,MED-031,LOC-010,2026-09-09,113,483,16.1
DEM-005874,MED-031,LOC-010,2026-09-08,137,588,19.6
DEM-005875,MED-031,LOC-010,2026-09-07,158,675,22.5
DEM-005876,MED-031,LOC-010,2026-09-06,120,516,17.2
DEM-005877,MED-031,LOC-010,2026-09-05,142,609,20.3
DEM-005878,MED-031,LOC-010,2026-09-04,126,540,18.0
DEM-005879,MED-031,LOC-010,2026-09-03,95,408,13.6
DEM-005880,MED-031,LOC-010,2026-09-02,104,444,14.8
DEM-005881,MED-031,LOC-010,2026-09-01,117,501,16.7
DEM-005882,MED-031,LOC-010,2026-08-31,143,612,20.4
DEM-005883,MED-031,LOC-010,2026-08-30,142,609,20.3
DEM-005884,MED-031,LOC-010,2026-08-29,144,618,20.6
DEM-005885,MED-031,LOC-010,2026-08-28,144,615,20.5
DEM-005886,MED-031,LOC-010,2026-08-27,146,624,20.8
DEM-005887,MED-031,LOC-010,2026-08-26,112,480,16.0
DEM-005888,MED-031,LOC-010,2026-08-25,101,432,14.4
DEM-005889,MED-031,LOC-010,2026-08-24,99,423,14.1
DEM-005890,MED-031,LOC-010,2026-08-23,118,504,16.8
DEM-005891,MED-032,LOC-001,2026-09-10,212,874,26.3
DEM-005892,MED-032,LOC-001,2026-09-09,236,1011,33.7
DEM-005893,MED-032,LOC-001,2026-09-08,199,852,28.4
DEM-005894,MED-032,LOC-001,2026-09-07,214,915,30.5
DEM-005895,MED-032,LOC-001,2026-09-06,143,612,20.4
DEM-005896,MED-032,LOC-001,2026-09-05,164,702,23.4
DEM-005897,MED-032,LOC-001,2026-09-04,201,861,28.7
DEM-005898,MED-032,LOC-001,2026-09-03,169,723,24.1
DEM-005899,MED-032,LOC-001,2026-09-02,178,762,25.4
DEM-005900,MED-032,LOC-001,2026-09-01,176,753,25.1
DEM-005901,MED-032,LOC-001,2026-08-31,236,1011,33.7
DEM-005902,MED-032,LOC-001,2026-08-30,195,834,27.8
DEM-005903,MED-032,LOC-001,2026-08-29,197,843,28.1
DEM-005904,MED-032,LOC-001,2026-08-28,164,705,23.5
DEM-005905,MED-032,LOC-001,2026-08-27,189,810,27.0
DEM-005906,MED-032,LOC-001,2026-08-26,232,996,33.2
DEM-005907,MED-032,LOC-001,2026-08-25,227,972,32.4
DEM-005908,MED-032,LOC-001,2026-08-24,151,648,21.6
DEM-005909,MED-032,LOC-001,2026-08-23,170,729,24.3
DEM-005910,MED-032,LOC-002,2026-09-10,103,447,15.8
DEM-005911,MED-032,LOC-002,2026-09-09,85,366,12.2
DEM-005912,MED-032,LOC-002,2026-09-08,91,390,13.0
DEM-005913,MED-032,LOC-002,2026-09-07,136,582,19.4
DEM-005914,MED-032,LOC-002,2026-09-06,134,573,19.1
DEM-005915,MED-032,LOC-002,2026-09-05,128,549,18.3
DEM-005916,MED-032,LOC-002,2026-09-04,139,597,19.9
DEM-005917,MED-032,LOC-002,2026-09-03,100,429,14.3
DEM-005918,MED-032,LOC-002,2026-09-02,136,585,19.5
DEM-005919,MED-032,LOC-002,2026-09-01,120,516,17.2
DEM-005920,MED-032,LOC-002,2026-08-31,130,555,18.5
DEM-005921,MED-032,LOC-002,2026-08-30,99,423,14.1
DEM-005922,MED-032,LOC-002,2026-08-29,102,438,14.6
DEM-005923,MED-032,LOC-002,2026-08-28,137,588,19.6
DEM-005924,MED-032,LOC-002,2026-08-27,102,438,14.6
DEM-005925,MED-032,LOC-002,2026-08-26,144,615,20.5
DEM-005926,MED-032,LOC-002,2026-08-25,130,555,18.5
DEM-005927,MED-032,LOC-002,2026-08-24,92,396,13.2
DEM-005928,MED-032,LOC-002,2026-08-23,135,579,19.3
DEM-005929,MED-032,LOC-003,2026-09-10,185,673,24.1
DEM-005930,MED-032,LOC-003,2026-09-09,140,600,20.0
DEM-005931,MED-032,LOC-003,2026-09-08,148,633,21.1
DEM-005932,MED-032,LOC-003,2026-09-07,130,558,18.6
DEM-005933,MED-032,LOC-003,2026-09-06,150,645,21.5
DEM-005934,MED-032,LOC-003,2026-09-05,192,822,27.4
DEM-005935,MED-032,LOC-003,2026-09-04,167,717,23.9
DEM-005936,MED-032,LOC-003,2026-09-03,219,939,31.3
DEM-005937,MED-032,LOC-003,2026-09-02,213,912,30.4
DEM-005938,MED-032,LOC-003,2026-09-01,130,558,18.6
DEM-005939,MED-032,LOC-003,2026-08-31,160,684,22.8
DEM-005940,MED-032,LOC-003,2026-08-30,192,825,27.5
DEM-005941,MED-032,LOC-003,2026-08-29,172,735,24.5
DEM-005942,MED-032,LOC-003,2026-08-28,172,738,24.6
DEM-005943,MED-032,LOC-003,2026-08-27,205,879,29.3
DEM-005944,MED-032,LOC-003,2026-08-26,207,888,29.6
DEM-005945,MED-032,LOC-003,2026-08-25,138,591,19.7
DEM-005946,MED-032,LOC-003,2026-08-24,135,579,19.3
DEM-005947,MED-032,LOC-003,2026-08-23,207,888,29.6
DEM-005948,MED-032,LOC-004,2026-09-10,90,420,13.7
DEM-005949,MED-032,LOC-004,2026-09-09,86,369,12.3
DEM-005950,MED-032,LOC-004,2026-09-08,119,510,17.0
DEM-005951,MED-032,LOC-004,2026-09-07,103,441,14.7
DEM-005952,MED-032,LOC-004,2026-09-06,103,441,14.7
DEM-005953,MED-032,LOC-004,2026-09-05,123,528,17.6
DEM-005954,MED-032,LOC-004,2026-09-04,99,426,14.2
DEM-005955,MED-032,LOC-004,2026-09-03,102,438,14.6
DEM-005956,MED-032,LOC-004,2026-09-02,94,402,13.4
DEM-005957,MED-032,LOC-004,2026-09-01,76,327,10.9
DEM-005958,MED-032,LOC-004,2026-08-31,113,483,16.1
DEM-005959,MED-032,LOC-004,2026-08-30,108,462,15.4
DEM-005960,MED-032,LOC-004,2026-08-29,119,510,17.0
DEM-005961,MED-032,LOC-004,2026-08-28,74,315,10.5
DEM-005962,MED-032,LOC-004,2026-08-27,108,462,15.4
DEM-005963,MED-032,LOC-004,2026-08-26,108,462,15.4
DEM-005964,MED-032,LOC-004,2026-08-25,92,396,13.2
DEM-005965,MED-032,LOC-004,2026-08-24,103,441,14.7
DEM-005966,MED-032,LOC-004,2026-08-23,122,522,17.4
DEM-005967,MED-032,LOC-005,2026-09-10,168,719,25.6
DEM-005968,MED-032,LOC-005,2026-09-09,216,927,30.9
DEM-005969,MED-032,LOC-005,2026-09-08,200,855,28.5
DEM-005970,MED-032,LOC-005,2026-09-07,179,768,25.6
DEM-005971,MED-032,LOC-005,2026-09-06,228,978,32.6
DEM-005972,MED-032,LOC-005,2026-09-05,193,828,27.6
DEM-005973,MED-032,LOC-005,2026-09-04,135,579,19.3
DEM-005974,MED-032,LOC-005,2026-09-03,230,987,32.9
DEM-005975,MED-032,LOC-005,2026-09-02,199,852,28.4
DEM-005976,MED-032,LOC-005,2026-09-01,228,978,32.6
DEM-005977,MED-032,LOC-005,2026-08-31,167,714,23.8
DEM-005978,MED-032,LOC-005,2026-08-30,206,885,29.5
DEM-005979,MED-032,LOC-005,2026-08-29,206,885,29.5
DEM-005980,MED-032,LOC-005,2026-08-28,229,981,32.7
DEM-005981,MED-032,LOC-005,2026-08-27,190,816,27.2
DEM-005982,MED-032,LOC-005,2026-08-26,155,666,22.2
DEM-005983,MED-032,LOC-005,2026-08-25,139,597,19.9
DEM-005984,MED-032,LOC-005,2026-08-24,198,849,28.3
DEM-005985,MED-032,LOC-005,2026-08-23,167,714,23.8
DEM-005986,MED-032,LOC-006,2026-09-10,53,276,8.3
DEM-005987,MED-032,LOC-006,2026-09-09,56,240,8.0
DEM-005988,MED-032,LOC-006,2026-09-08,56,240,8.0
DEM-005989,MED-032,LOC-006,2026-09-07,49,210,7.0
DEM-005990,MED-032,LOC-006,2026-09-06,74,318,10.6
DEM-005991,MED-032,LOC-006,2026-09-05,71,306,10.2
DEM-005992,MED-032,LOC-006,2026-09-04,46,198,6.6
DEM-005993,MED-032,LOC-006,2026-09-03,71,303,10.1
DEM-005994,MED-032,LOC-006,2026-09-02,49,210,7.0
DEM-005995,MED-032,LOC-006,2026-09-01,69,294,9.8
DEM-005996,MED-032,LOC-006,2026-08-31,52,225,7.5
DEM-005997,MED-032,LOC-006,2026-08-30,68,291,9.7
DEM-005998,MED-032,LOC-006,2026-08-29,64,276,9.2
DEM-005999,MED-032,LOC-006,2026-08-28,48,204,6.8
DEM-006000,MED-032,LOC-006,2026-08-27,60,255,8.5
DEM-006001,MED-032,LOC-006,2026-08-26,57,246,8.2
DEM-006002,MED-032,LOC-006,2026-08-25,69,297,9.9
DEM-006003,MED-032,LOC-006,2026-08-24,53,228,7.6
DEM-006004,MED-032,LOC-006,2026-08-23,66,282,9.4
DEM-006005,MED-032,LOC-007,2026-09-10,100,437,13.4
DEM-006006,MED-032,LOC-007,2026-09-09,97,414,13.8
DEM-006007,MED-032,LOC-007,2026-09-08,96,411,13.7
DEM-006008,MED-032,LOC-007,2026-09-07,116,498,16.6
DEM-006009,MED-032,LOC-007,2026-09-06,95,408,13.6
DEM-006010,MED-032,LOC-007,2026-09-05,99,426,14.2
DEM-006011,MED-032,LOC-007,2026-09-04,92,396,13.2
DEM-006012,MED-032,LOC-007,2026-09-03,109,468,15.6
DEM-006013,MED-032,LOC-007,2026-09-02,112,480,16.0
DEM-006014,MED-032,LOC-007,2026-09-01,102,438,14.6
DEM-006015,MED-032,LOC-007,2026-08-31,92,396,13.2
DEM-006016,MED-032,LOC-007,2026-08-30,92,396,13.2
DEM-006017,MED-032,LOC-007,2026-08-29,72,309,10.3
DEM-006018,MED-032,LOC-007,2026-08-28,88,378,12.6
DEM-006019,MED-032,LOC-007,2026-08-27,94,405,13.5
DEM-006020,MED-032,LOC-007,2026-08-26,82,351,11.7
DEM-006021,MED-032,LOC-007,2026-08-25,106,453,15.1
DEM-006022,MED-032,LOC-007,2026-08-24,78,336,11.2
DEM-006023,MED-032,LOC-007,2026-08-23,96,411,13.7
DEM-006024,MED-032,LOC-008,2026-09-10,75,305,10.4
DEM-006025,MED-032,LOC-008,2026-09-09,72,309,10.3
DEM-006026,MED-032,LOC-008,2026-09-08,91,390,13.0
DEM-006027,MED-032,LOC-008,2026-09-07,74,315,10.5
DEM-006028,MED-032,LOC-008,2026-09-06,61,261,8.7
DEM-006029,MED-032,LOC-008,2026-09-05,60,255,8.5
DEM-006030,MED-032,LOC-008,2026-09-04,91,390,13.0
DEM-006031,MED-032,LOC-008,2026-09-03,88,378,12.6
DEM-006032,MED-032,LOC-008,2026-09-02,76,324,10.8
DEM-006033,MED-032,LOC-008,2026-09-01,66,285,9.5
DEM-006034,MED-032,LOC-008,2026-08-31,57,243,8.1
DEM-006035,MED-032,LOC-008,2026-08-30,57,246,8.2
DEM-006036,MED-032,LOC-008,2026-08-29,57,243,8.1
DEM-006037,MED-032,LOC-008,2026-08-28,59,252,8.4
DEM-006038,MED-032,LOC-008,2026-08-27,71,306,10.2
DEM-006039,MED-032,LOC-008,2026-08-26,58,249,8.3
DEM-006040,MED-032,LOC-008,2026-08-25,81,348,11.6
DEM-006041,MED-032,LOC-008,2026-08-24,78,333,11.1
DEM-006042,MED-032,LOC-008,2026-08-23,64,276,9.2
DEM-006043,MED-032,LOC-009,2026-09-10,91,435,14.2
DEM-006044,MED-032,LOC-009,2026-09-09,80,345,11.5
DEM-006045,MED-032,LOC-009,2026-09-08,111,474,15.8
DEM-006046,MED-032,LOC-009,2026-09-07,85,363,12.1
DEM-006047,MED-032,LOC-009,2026-09-06,85,363,12.1
DEM-006048,MED-032,LOC-009,2026-09-05,96,411,13.7
DEM-006049,MED-032,LOC-009,2026-09-04,79,339,11.3
DEM-006050,MED-032,LOC-009,2026-09-03,122,525,17.5
DEM-006051,MED-032,LOC-009,2026-09-02,91,390,13.0
DEM-006052,MED-032,LOC-009,2026-09-01,106,456,15.2
DEM-006053,MED-032,LOC-009,2026-08-31,99,426,14.2
DEM-006054,MED-032,LOC-009,2026-08-30,111,477,15.9
DEM-006055,MED-032,LOC-009,2026-08-29,108,465,15.5
DEM-006056,MED-032,LOC-009,2026-08-28,89,381,12.7
DEM-006057,MED-032,LOC-009,2026-08-27,127,546,18.2
DEM-006058,MED-032,LOC-009,2026-08-26,122,525,17.5
DEM-006059,MED-032,LOC-009,2026-08-25,85,363,12.1
DEM-006060,MED-032,LOC-009,2026-08-24,85,363,12.1
DEM-006061,MED-032,LOC-009,2026-08-23,116,495,16.5
DEM-006062,MED-032,LOC-010,2026-09-10,127,457,16.2
DEM-006063,MED-032,LOC-010,2026-09-09,118,507,16.9
DEM-006064,MED-032,LOC-010,2026-09-08,85,366,12.2
DEM-006065,MED-032,LOC-010,2026-09-07,92,396,13.2
DEM-006066,MED-032,LOC-010,2026-09-06,96,411,13.7
DEM-006067,MED-032,LOC-010,2026-09-05,115,492,16.4
DEM-006068,MED-032,LOC-010,2026-09-04,128,549,18.3
DEM-006069,MED-032,LOC-010,2026-09-03,139,597,19.9
DEM-006070,MED-032,LOC-010,2026-09-02,146,624,20.8
DEM-006071,MED-032,LOC-010,2026-09-01,122,525,17.5
DEM-006072,MED-032,LOC-010,2026-08-31,116,495,16.5
DEM-006073,MED-032,LOC-010,2026-08-30,124,531,17.7
DEM-006074,MED-032,LOC-010,2026-08-29,146,624,20.8
DEM-006075,MED-032,LOC-010,2026-08-28,108,462,15.4
DEM-006076,MED-032,LOC-010,2026-08-27,127,546,18.2
DEM-006077,MED-032,LOC-010,2026-08-26,128,549,18.3
DEM-006078,MED-032,LOC-010,2026-08-25,110,471,15.7
DEM-006079,MED-032,LOC-010,2026-08-24,104,444,14.8
DEM-006080,MED-032,LOC-010,2026-08-23,93,399,13.3
DEM-006081,MED-033,LOC-001,2026-09-10,92,488,14.6
DEM-006082,MED-033,LOC-001,2026-09-09,125,534,17.8
DEM-006083,MED-033,LOC-001,2026-09-08,88,378,12.6
DEM-006084,MED-033,LOC-001,2026-09-07,113,486,16.2
DEM-006085,MED-033,LOC-001,2026-09-06,113,486,16.2
DEM-006086,MED-033,LOC-001,2026-09-05,101,432,14.4
DEM-006087,MED-033,LOC-001,2026-09-04,112,480,16.0
DEM-006088,MED-033,LOC-001,2026-09-03,121,519,17.3
DEM-006089,MED-033,LOC-001,2026-09-02,88,375,12.5
DEM-006090,MED-033,LOC-001,2026-09-01,94,402,13.4
DEM-006091,MED-033,LOC-001,2026-08-31,103,441,14.7
DEM-006092,MED-033,LOC-001,2026-08-30,104,444,14.8
DEM-006093,MED-033,LOC-001,2026-08-29,78,333,11.1
DEM-006094,MED-033,LOC-001,2026-08-28,86,369,12.3
DEM-006095,MED-033,LOC-001,2026-08-27,85,366,12.2
DEM-006096,MED-033,LOC-001,2026-08-26,116,498,16.6
DEM-006097,MED-033,LOC-001,2026-08-25,131,561,18.7
DEM-006098,MED-033,LOC-001,2026-08-24,103,441,14.7
DEM-006099,MED-033,LOC-001,2026-08-23,125,537,17.9
DEM-006100,MED-033,LOC-002,2026-09-10,81,378,12.2
DEM-006101,MED-033,LOC-002,2026-09-09,103,441,14.7
DEM-006102,MED-033,LOC-002,2026-09-08,66,285,9.5
DEM-006103,MED-033,LOC-002,2026-09-07,64,276,9.2
DEM-006104,MED-033,LOC-002,2026-09-06,94,402,13.4
DEM-006105,MED-033,LOC-002,2026-09-05,97,417,13.9
DEM-006106,MED-033,LOC-002,2026-09-04,110,471,15.7
DEM-006107,MED-033,LOC-002,2026-09-03,104,444,14.8
DEM-006108,MED-033,LOC-002,2026-09-02,99,423,14.1
DEM-006109,MED-033,LOC-002,2026-09-01,92,393,13.1
DEM-006110,MED-033,LOC-002,2026-08-31,90,387,12.9
DEM-006111,MED-033,LOC-002,2026-08-30,78,333,11.1
DEM-006112,MED-033,LOC-002,2026-08-29,87,372,12.4
DEM-006113,MED-033,LOC-002,2026-08-28,87,372,12.4
DEM-006114,MED-033,LOC-002,2026-08-27,92,393,13.1
DEM-006115,MED-033,LOC-002,2026-08-26,93,399,13.3
DEM-006116,MED-033,LOC-002,2026-08-25,96,411,13.7
DEM-006117,MED-033,LOC-002,2026-08-24,102,438,14.6
DEM-006118,MED-033,LOC-002,2026-08-23,87,372,12.4
DEM-006119,MED-033,LOC-003,2026-09-10,134,557,18.5
DEM-006120,MED-033,LOC-003,2026-09-09,120,513,17.1
DEM-006121,MED-033,LOC-003,2026-09-08,102,435,14.5
DEM-006122,MED-033,LOC-003,2026-09-07,161,690,23.0
DEM-006123,MED-033,LOC-003,2026-09-06,127,543,18.1
DEM-006124,MED-033,LOC-003,2026-09-05,131,561,18.7
DEM-006125,MED-033,LOC-003,2026-09-04,132,567,18.9
DEM-006126,MED-033,LOC-003,2026-09-03,164,702,23.4
DEM-006127,MED-033,LOC-003,2026-09-02,122,522,17.4
DEM-006128,MED-033,LOC-003,2026-09-01,147,630,21.0
DEM-006129,MED-033,LOC-003,2026-08-31,99,423,14.1
DEM-006130,MED-033,LOC-003,2026-08-30,118,504,16.8
DEM-006131,MED-033,LOC-003,2026-08-29,111,474,15.8
DEM-006132,MED-033,LOC-003,2026-08-28,122,522,17.4
DEM-006133,MED-033,LOC-003,2026-08-27,113,486,16.2
DEM-006134,MED-033,LOC-003,2026-08-26,113,483,16.1
DEM-006135,MED-033,LOC-003,2026-08-25,162,693,23.1
DEM-006136,MED-033,LOC-003,2026-08-24,121,519,17.3
DEM-006137,MED-033,LOC-003,2026-08-23,140,600,20.0
DEM-006138,MED-033,LOC-004,2026-09-10,99,378,13.3
DEM-006139,MED-033,LOC-004,2026-09-09,85,363,12.1
DEM-006140,MED-033,LOC-004,2026-09-08,106,456,15.2
DEM-006141,MED-033,LOC-004,2026-09-07,119,510,17.0
DEM-006142,MED-033,LOC-004,2026-09-06,113,483,16.1
DEM-006143,MED-033,LOC-004,2026-09-05,104,447,14.9
DEM-006144,MED-033,LOC-004,2026-09-04,107,459,15.3
DEM-006145,MED-033,LOC-004,2026-09-03,111,474,15.8
DEM-006146,MED-033,LOC-004,2026-09-02,111,474,15.8
DEM-006147,MED-033,LOC-004,2026-09-01,113,486,16.2
DEM-006148,MED-033,LOC-004,2026-08-31,102,435,14.5
DEM-006149,MED-033,LOC-004,2026-08-30,84,360,12.0
DEM-006150,MED-033,LOC-004,2026-08-29,108,465,15.5
DEM-006151,MED-033,LOC-004,2026-08-28,104,447,14.9
DEM-006152,MED-033,LOC-004,2026-08-27,76,327,10.9
DEM-006153,MED-033,LOC-004,2026-08-26,80,342,11.4
DEM-006154,MED-033,LOC-004,2026-08-25,101,432,14.4
DEM-006155,MED-033,LOC-004,2026-08-24,75,321,10.7
DEM-006156,MED-033,LOC-004,2026-08-23,91,390,13.0
DEM-006157,MED-033,LOC-005,2026-09-10,139,589,20.4
DEM-006158,MED-033,LOC-005,2026-09-09,111,474,15.8
DEM-006159,MED-033,LOC-005,2026-09-08,108,465,15.5
DEM-006160,MED-033,LOC-005,2026-09-07,176,756,25.2
DEM-006161,MED-033,LOC-005,2026-09-06,135,579,19.3
DEM-006162,MED-033,LOC-005,2026-09-05,120,513,17.1
DEM-006163,MED-033,LOC-005,2026-09-04,172,738,24.6
DEM-006164,MED-033,LOC-005,2026-09-03,177,759,25.3
DEM-006165,MED-033,LOC-005,2026-09-02,110,471,15.7
DEM-006166,MED-033,LOC-005,2026-09-01,112,480,16.0
DEM-006167,MED-033,LOC-005,2026-08-31,141,603,20.1
DEM-006168,MED-033,LOC-005,2026-08-30,155,666,22.2
DEM-006169,MED-033,LOC-005,2026-08-29,117,501,16.7
DEM-006170,MED-033,LOC-005,2026-08-28,125,534,17.8
DEM-006171,MED-033,LOC-005,2026-08-27,127,546,18.2
DEM-006172,MED-033,LOC-005,2026-08-26,134,573,19.1
DEM-006173,MED-033,LOC-005,2026-08-25,135,579,19.3
DEM-006174,MED-033,LOC-005,2026-08-24,111,474,15.8
DEM-006175,MED-033,LOC-005,2026-08-23,176,753,25.1
DEM-006176,MED-033,LOC-006,2026-09-10,45,216,6.8
DEM-006177,MED-033,LOC-006,2026-09-09,49,210,7.0
DEM-006178,MED-033,LOC-006,2026-09-08,53,228,7.6
DEM-006179,MED-033,LOC-006,2026-09-07,54,231,7.7
DEM-006180,MED-033,LOC-006,2026-09-06,60,258,8.6
DEM-006181,MED-033,LOC-006,2026-09-05,47,201,6.7
DEM-006182,MED-033,LOC-006,2026-09-04,48,204,6.8
DEM-006183,MED-033,LOC-006,2026-09-03,57,246,8.2
DEM-006184,MED-033,LOC-006,2026-09-02,38,165,5.5
DEM-006185,MED-033,LOC-006,2026-09-01,38,165,5.5
DEM-006186,MED-033,LOC-006,2026-08-31,52,222,7.4
DEM-006187,MED-033,LOC-006,2026-08-30,56,240,8.0
DEM-006188,MED-033,LOC-006,2026-08-29,60,258,8.6
DEM-006189,MED-033,LOC-006,2026-08-28,57,246,8.2
DEM-006190,MED-033,LOC-006,2026-08-27,37,159,5.3
DEM-006191,MED-033,LOC-006,2026-08-26,38,165,5.5
DEM-006192,MED-033,LOC-006,2026-08-25,52,225,7.5
DEM-006193,MED-033,LOC-006,2026-08-24,59,252,8.4
DEM-006194,MED-033,LOC-006,2026-08-23,60,255,8.5
DEM-006195,MED-033,LOC-007,2026-09-10,69,309,10.2
DEM-006196,MED-033,LOC-007,2026-09-09,74,315,10.5
DEM-006197,MED-033,LOC-007,2026-09-08,83,354,11.8
DEM-006198,MED-033,LOC-007,2026-09-07,57,246,8.2
DEM-006199,MED-033,LOC-007,2026-09-06,79,339,11.3
DEM-006200,MED-033,LOC-007,2026-09-05,66,285,9.5
DEM-006201,MED-033,LOC-007,2026-09-04,59,252,8.4
DEM-006202,MED-033,LOC-007,2026-09-03,87,372,12.4
DEM-006203,MED-033,LOC-007,2026-09-02,71,303,10.1
DEM-006204,MED-033,LOC-007,2026-09-01,70,300,10.0
DEM-006205,MED-033,LOC-007,2026-08-31,84,360,12.0
DEM-006206,MED-033,LOC-007,2026-08-30,63,270,9.0
DEM-006207,MED-033,LOC-007,2026-08-29,85,366,12.2
DEM-006208,MED-033,LOC-007,2026-08-28,67,288,9.6
DEM-006209,MED-033,LOC-007,2026-08-27,74,315,10.5
DEM-006210,MED-033,LOC-007,2026-08-26,57,243,8.1
DEM-006211,MED-033,LOC-007,2026-08-25,68,291,9.7
DEM-006212,MED-033,LOC-007,2026-08-24,83,357,11.9
DEM-006213,MED-033,LOC-007,2026-08-23,68,291,9.7
DEM-006214,MED-033,LOC-008,2026-09-10,53,257,8.0
DEM-006215,MED-033,LOC-008,2026-09-09,55,237,7.9
DEM-006216,MED-033,LOC-008,2026-09-08,49,210,7.0
DEM-006217,MED-033,LOC-008,2026-09-07,66,285,9.5
DEM-006218,MED-033,LOC-008,2026-09-06,55,234,7.8
DEM-006219,MED-033,LOC-008,2026-09-05,55,234,7.8
DEM-006220,MED-033,LOC-008,2026-09-04,56,240,8.0
DEM-006221,MED-033,LOC-008,2026-09-03,69,294,9.8
DEM-006222,MED-033,LOC-008,2026-09-02,66,285,9.5
DEM-006223,MED-033,LOC-008,2026-09-01,53,228,7.6
DEM-006224,MED-033,LOC-008,2026-08-31,43,183,6.1
DEM-006225,MED-033,LOC-008,2026-08-30,46,198,6.6
DEM-006226,MED-033,LOC-008,2026-08-29,42,180,6.0
DEM-006227,MED-033,LOC-008,2026-08-28,66,285,9.5
DEM-006228,MED-033,LOC-008,2026-08-27,71,306,10.2
DEM-006229,MED-033,LOC-008,2026-08-26,45,192,6.4
DEM-006230,MED-033,LOC-008,2026-08-25,52,222,7.4
DEM-006231,MED-033,LOC-008,2026-08-24,72,309,10.3
DEM-006232,MED-033,LOC-008,2026-08-23,47,201,6.7
DEM-006233,MED-033,LOC-009,2026-09-10,75,309,9.8
DEM-006234,MED-033,LOC-009,2026-09-09,76,324,10.8
DEM-006235,MED-033,LOC-009,2026-09-08,85,366,12.2
DEM-006236,MED-033,LOC-009,2026-09-07,54,231,7.7
DEM-006237,MED-033,LOC-009,2026-09-06,76,324,10.8
DEM-006238,MED-033,LOC-009,2026-09-05,78,336,11.2
DEM-006239,MED-033,LOC-009,2026-09-04,76,327,10.9
DEM-006240,MED-033,LOC-009,2026-09-03,71,306,10.2
DEM-006241,MED-033,LOC-009,2026-09-02,62,267,8.9
DEM-006242,MED-033,LOC-009,2026-09-01,66,285,9.5
DEM-006243,MED-033,LOC-009,2026-08-31,77,330,11.0
DEM-006244,MED-033,LOC-009,2026-08-30,72,309,10.3
DEM-006245,MED-033,LOC-009,2026-08-29,63,270,9.0
DEM-006246,MED-033,LOC-009,2026-08-28,80,342,11.4
DEM-006247,MED-033,LOC-009,2026-08-27,86,369,12.3
DEM-006248,MED-033,LOC-009,2026-08-26,52,222,7.4
DEM-006249,MED-033,LOC-009,2026-08-25,62,267,8.9
DEM-006250,MED-033,LOC-009,2026-08-24,71,306,10.2
DEM-006251,MED-033,LOC-009,2026-08-23,86,369,12.3
DEM-006252,MED-033,LOC-010,2026-09-10,90,366,12.7
DEM-006253,MED-033,LOC-010,2026-09-09,93,399,13.3
DEM-006254,MED-033,LOC-010,2026-09-08,105,450,15.0
DEM-006255,MED-033,LOC-010,2026-09-07,99,423,14.1
DEM-006256,MED-033,LOC-010,2026-09-06,101,432,14.4
DEM-006257,MED-033,LOC-010,2026-09-05,110,471,15.7
DEM-006258,MED-033,LOC-010,2026-09-04,105,450,15.0
DEM-006259,MED-033,LOC-010,2026-09-03,87,372,12.4
DEM-006260,MED-033,LOC-010,2026-09-02,76,327,10.9
DEM-006261,MED-033,LOC-010,2026-09-01,81,348,11.6
DEM-006262,MED-033,LOC-010,2026-08-31,69,294,9.8
DEM-006263,MED-033,LOC-010,2026-08-30,83,357,11.9
DEM-006264,MED-033,LOC-010,2026-08-29,102,438,14.6
DEM-006265,MED-033,LOC-010,2026-08-28,103,441,14.7
DEM-006266,MED-033,LOC-010,2026-08-27,73,312,10.4
DEM-006267,MED-033,LOC-010,2026-08-26,116,495,16.5
DEM-006268,MED-033,LOC-010,2026-08-25,80,345,11.5
DEM-006269,MED-033,LOC-010,2026-08-24,71,306,10.2
DEM-006270,MED-033,LOC-010,2026-08-23,94,402,13.4
DEM-006271,MED-034,LOC-001,2026-09-10,216,914,32.9
DEM-006272,MED-034,LOC-001,2026-09-09,274,1173,39.1
DEM-006273,MED-034,LOC-001,2026-09-08,248,1062,35.4
DEM-006274,MED-034,LOC-001,2026-09-07,203,870,29.0
DEM-006275,MED-034,LOC-001,2026-09-06,271,1161,38.7
DEM-006276,MED-034,LOC-001,2026-09-05,265,1134,37.8
DEM-006277,MED-034,LOC-001,2026-09-04,298,1275,42.5
DEM-006278,MED-034,LOC-001,2026-09-03,187,801,26.7
DEM-006279,MED-034,LOC-001,2026-09-02,181,774,25.8
DEM-006280,MED-034,LOC-001,2026-09-01,220,942,31.4
DEM-006281,MED-034,LOC-001,2026-08-31,252,1080,36.0
DEM-006282,MED-034,LOC-001,2026-08-30,218,933,31.1
DEM-006283,MED-034,LOC-001,2026-08-29,178,765,25.5
DEM-006284,MED-034,LOC-001,2026-08-28,256,1095,36.5
DEM-006285,MED-034,LOC-001,2026-08-27,188,807,26.9
DEM-006286,MED-034,LOC-001,2026-08-26,211,903,30.1
DEM-006287,MED-034,LOC-001,2026-08-25,266,1140,38.0
DEM-006288,MED-034,LOC-001,2026-08-24,230,987,32.9
DEM-006289,MED-034,LOC-001,2026-08-23,298,1275,42.5
DEM-006290,MED-034,LOC-002,2026-09-10,185,713,23.0
DEM-006291,MED-034,LOC-002,2026-09-09,200,858,28.6
DEM-006292,MED-034,LOC-002,2026-09-08,176,756,25.2
DEM-006293,MED-034,LOC-002,2026-09-07,168,720,24.0
DEM-006294,MED-034,LOC-002,2026-09-06,174,744,24.8
DEM-006295,MED-034,LOC-002,2026-09-05,152,651,21.7
DEM-006296,MED-034,LOC-002,2026-09-04,146,624,20.8
DEM-006297,MED-034,LOC-002,2026-09-03,190,816,27.2
DEM-006298,MED-034,LOC-002,2026-09-02,184,789,26.3
DEM-006299,MED-034,LOC-002,2026-09-01,181,774,25.8
DEM-006300,MED-034,LOC-002,2026-08-31,184,789,26.3
DEM-006301,MED-034,LOC-002,2026-08-30,167,714,23.8
DEM-006302,MED-034,LOC-002,2026-08-29,143,612,20.4
DEM-006303,MED-034,LOC-002,2026-08-28,150,642,21.4
DEM-006304,MED-034,LOC-002,2026-08-27,172,738,24.6
DEM-006305,MED-034,LOC-002,2026-08-26,194,831,27.7
DEM-006306,MED-034,LOC-002,2026-08-25,153,654,21.8
DEM-006307,MED-034,LOC-002,2026-08-24,130,555,18.5
DEM-006308,MED-034,LOC-002,2026-08-23,184,789,26.3
DEM-006309,MED-034,LOC-003,2026-09-10,217,943,33.7
DEM-006310,MED-034,LOC-003,2026-09-09,292,1251,41.7
DEM-006311,MED-034,LOC-003,2026-09-08,239,1023,34.1
DEM-006312,MED-034,LOC-003,2026-09-07,234,1005,33.5
DEM-006313,MED-034,LOC-003,2026-09-06,225,963,32.1
DEM-006314,MED-034,LOC-003,2026-09-05,245,1050,35.0
DEM-006315,MED-034,LOC-003,2026-09-04,253,1086,36.2
DEM-006316,MED-034,LOC-003,2026-09-03,244,1047,34.9
DEM-006317,MED-034,LOC-003,2026-09-02,228,978,32.6
DEM-006318,MED-034,LOC-003,2026-09-01,211,906,30.2
DEM-006319,MED-034,LOC-003,2026-08-31,242,1035,34.5
DEM-006320,MED-034,LOC-003,2026-08-30,232,993,33.1
DEM-006321,MED-034,LOC-003,2026-08-29,234,1002,33.4
DEM-006322,MED-034,LOC-003,2026-08-28,298,1275,42.5
DEM-006323,MED-034,LOC-003,2026-08-27,240,1029,34.3
DEM-006324,MED-034,LOC-003,2026-08-26,303,1299,43.3
DEM-006325,MED-034,LOC-003,2026-08-25,284,1215,40.5
DEM-006326,MED-034,LOC-003,2026-08-24,196,840,28.0
DEM-006327,MED-034,LOC-003,2026-08-23,193,828,27.6
DEM-006328,MED-034,LOC-004,2026-09-10,145,707,22.2
DEM-006329,MED-034,LOC-004,2026-09-09,190,816,27.2
DEM-006330,MED-034,LOC-004,2026-09-08,127,543,18.1
DEM-006331,MED-034,LOC-004,2026-09-07,134,576,19.2
DEM-006332,MED-034,LOC-004,2026-09-06,157,672,22.4
DEM-006333,MED-034,LOC-004,2026-09-05,181,774,25.8
DEM-006334,MED-034,LOC-004,2026-09-04,197,846,28.2
DEM-006335,MED-034,LOC-004,2026-09-03,148,636,21.2
DEM-006336,MED-034,LOC-004,2026-09-02,198,849,28.3
DEM-006337,MED-034,LOC-004,2026-09-01,168,720,24.0
DEM-006338,MED-034,LOC-004,2026-08-31,151,648,21.6
DEM-006339,MED-034,LOC-004,2026-08-30,127,543,18.1
DEM-006340,MED-034,LOC-004,2026-08-29,165,708,23.6
DEM-006341,MED-034,LOC-004,2026-08-28,120,513,17.1
DEM-006342,MED-034,LOC-004,2026-08-27,130,555,18.5
DEM-006343,MED-034,LOC-004,2026-08-26,148,636,21.2
DEM-006344,MED-034,LOC-004,2026-08-25,202,864,28.8
DEM-006345,MED-034,LOC-004,2026-08-24,143,612,20.4
DEM-006346,MED-034,LOC-004,2026-08-23,158,678,22.6
DEM-006347,MED-034,LOC-005,2026-09-10,218,1037,33.3
DEM-006348,MED-034,LOC-005,2026-09-09,181,777,25.9
DEM-006349,MED-034,LOC-005,2026-09-08,290,1242,41.4
DEM-006350,MED-034,LOC-005,2026-09-07,289,1239,41.3
DEM-006351,MED-034,LOC-005,2026-09-06,202,867,28.9
DEM-006352,MED-034,LOC-005,2026-09-05,280,1200,40.0
DEM-006353,MED-034,LOC-005,2026-09-04,237,1017,33.9
DEM-006354,MED-034,LOC-005,2026-09-03,190,816,27.2
DEM-006355,MED-034,LOC-005,2026-09-02,220,942,31.4
DEM-006356,MED-034,LOC-005,2026-09-01,286,1227,40.9
DEM-006357,MED-034,LOC-005,2026-08-31,228,978,32.6
DEM-006358,MED-034,LOC-005,2026-08-30,248,1065,35.5
DEM-006359,MED-034,LOC-005,2026-08-29,247,1059,35.3
DEM-006360,MED-034,LOC-005,2026-08-28,290,1245,41.5
DEM-006361,MED-034,LOC-005,2026-08-27,275,1179,39.3
DEM-006362,MED-034,LOC-005,2026-08-26,236,1011,33.7
DEM-006363,MED-034,LOC-005,2026-08-25,267,1146,38.2
DEM-006364,MED-034,LOC-005,2026-08-24,253,1083,36.1
DEM-006365,MED-034,LOC-005,2026-08-23,272,1167,38.9
DEM-006366,MED-034,LOC-006,2026-09-10,93,397,13.1
DEM-006367,MED-034,LOC-006,2026-09-09,92,393,13.1
DEM-006368,MED-034,LOC-006,2026-09-08,113,483,16.1
DEM-006369,MED-034,LOC-006,2026-09-07,85,366,12.2
DEM-006370,MED-034,LOC-006,2026-09-06,109,468,15.6
DEM-006371,MED-034,LOC-006,2026-09-05,102,438,14.6
DEM-006372,MED-034,LOC-006,2026-09-04,90,384,12.8
DEM-006373,MED-034,LOC-006,2026-09-03,80,345,11.5
DEM-006374,MED-034,LOC-006,2026-09-02,89,381,12.7
DEM-006375,MED-034,LOC-006,2026-09-01,96,411,13.7
DEM-006376,MED-034,LOC-006,2026-08-31,117,501,16.7
DEM-006377,MED-034,LOC-006,2026-08-30,113,486,16.2
DEM-006378,MED-034,LOC-006,2026-08-29,106,453,15.1
DEM-006379,MED-034,LOC-006,2026-08-28,102,435,14.5
DEM-006380,MED-034,LOC-006,2026-08-27,113,483,16.1
DEM-006381,MED-034,LOC-006,2026-08-26,104,447,14.9
DEM-006382,MED-034,LOC-006,2026-08-25,97,417,13.9
DEM-006383,MED-034,LOC-006,2026-08-24,109,468,15.6
DEM-006384,MED-034,LOC-006,2026-08-23,104,447,14.9
DEM-006385,MED-034,LOC-007,2026-09-10,138,653,21.1
DEM-006386,MED-034,LOC-007,2026-09-09,127,543,18.1
DEM-006387,MED-034,LOC-007,2026-09-08,161,690,23.0
DEM-006388,MED-034,LOC-007,2026-09-07,158,675,22.5
DEM-006389,MED-034,LOC-007,2026-09-06,115,492,16.4
DEM-006390,MED-034,LOC-007,2026-09-05,157,672,22.4
DEM-006391,MED-034,LOC-007,2026-09-04,126,540,18.0
DEM-006392,MED-034,LOC-007,2026-09-03,149,639,21.3
DEM-006393,MED-034,LOC-007,2026-09-02,183,786,26.2
DEM-006394,MED-034,LOC-007,2026-09-01,120,516,17.2
DEM-006395,MED-034,LOC-007,2026-08-31,187,801,26.7
DEM-006396,MED-034,LOC-007,2026-08-30,125,537,17.9
DEM-006397,MED-034,LOC-007,2026-08-29,112,480,16.0
DEM-006398,MED-034,LOC-007,2026-08-28,175,750,25.0
DEM-006399,MED-034,LOC-007,2026-08-27,131,561,18.7
DEM-006400,MED-034,LOC-007,2026-08-26,168,720,24.0
DEM-006401,MED-034,LOC-007,2026-08-25,183,783,26.1
DEM-006402,MED-034,LOC-007,2026-08-24,147,630,21.0
DEM-006403,MED-034,LOC-007,2026-08-23,176,756,25.2
DEM-006404,MED-034,LOC-008,2026-09-10,95,379,13.6
DEM-006405,MED-034,LOC-008,2026-09-09,116,498,16.6
DEM-006406,MED-034,LOC-008,2026-09-08,73,312,10.4
DEM-006407,MED-034,LOC-008,2026-09-07,94,405,13.5
DEM-006408,MED-034,LOC-008,2026-09-06,93,399,13.3
DEM-006409,MED-034,LOC-008,2026-09-05,116,498,16.6
DEM-006410,MED-034,LOC-008,2026-09-04,88,378,12.6
DEM-006411,MED-034,LOC-008,2026-09-03,85,363,12.1
DEM-006412,MED-034,LOC-008,2026-09-02,78,333,11.1
DEM-006413,MED-034,LOC-008,2026-09-01,76,327,10.9
DEM-006414,MED-034,LOC-008,2026-08-31,80,345,11.5
DEM-006415,MED-034,LOC-008,2026-08-30,79,339,11.3
DEM-006416,MED-034,LOC-008,2026-08-29,85,363,12.1
DEM-006417,MED-034,LOC-008,2026-08-28,76,327,10.9
DEM-006418,MED-034,LOC-008,2026-08-27,88,375,12.5
DEM-006419,MED-034,LOC-008,2026-08-26,92,396,13.2
DEM-006420,MED-034,LOC-008,2026-08-25,80,345,11.5
DEM-006421,MED-034,LOC-008,2026-08-24,104,444,14.8
DEM-006422,MED-034,LOC-008,2026-08-23,88,378,12.6
DEM-006423,MED-034,LOC-009,2026-09-10,108,506,16.9
DEM-006424,MED-034,LOC-009,2026-09-09,109,468,15.6
DEM-006425,MED-034,LOC-009,2026-09-08,116,495,16.5
DEM-006426,MED-034,LOC-009,2026-09-07,110,471,15.7
DEM-006427,MED-034,LOC-009,2026-09-06,113,486,16.2
DEM-006428,MED-034,LOC-009,2026-09-05,143,612,20.4
DEM-006429,MED-034,LOC-009,2026-09-04,97,414,13.8
DEM-006430,MED-034,LOC-009,2026-09-03,102,438,14.6
DEM-006431,MED-034,LOC-009,2026-09-02,138,591,19.7
DEM-006432,MED-034,LOC-009,2026-09-01,127,543,18.1
DEM-006433,MED-034,LOC-009,2026-08-31,121,519,17.3
DEM-006434,MED-034,LOC-009,2026-08-30,138,591,19.7
DEM-006435,MED-034,LOC-009,2026-08-29,114,489,16.3
DEM-006436,MED-034,LOC-009,2026-08-28,96,411,13.7
DEM-006437,MED-034,LOC-009,2026-08-27,92,396,13.2
DEM-006438,MED-034,LOC-009,2026-08-26,119,510,17.0
DEM-006439,MED-034,LOC-009,2026-08-25,116,495,16.5
DEM-006440,MED-034,LOC-009,2026-08-24,120,516,17.2
DEM-006441,MED-034,LOC-009,2026-08-23,116,495,16.5
DEM-006442,MED-034,LOC-010,2026-09-10,145,540,18.5
DEM-006443,MED-034,LOC-010,2026-09-09,166,711,23.7
DEM-006444,MED-034,LOC-010,2026-09-08,145,621,20.7
DEM-006445,MED-034,LOC-010,2026-09-07,115,492,16.4
DEM-006446,MED-034,LOC-010,2026-09-06,136,585,19.5
DEM-006447,MED-034,LOC-010,2026-09-05,153,657,21.9
DEM-006448,MED-034,LOC-010,2026-09-04,119,510,17.0
DEM-006449,MED-034,LOC-010,2026-09-03,126,540,18.0
DEM-006450,MED-034,LOC-010,2026-09-02,103,441,14.7
DEM-006451,MED-034,LOC-010,2026-09-01,142,609,20.3
DEM-006452,MED-034,LOC-010,2026-08-31,111,477,15.9
DEM-006453,MED-034,LOC-010,2026-08-30,166,711,23.7
DEM-006454,MED-034,LOC-010,2026-08-29,124,531,17.7
DEM-006455,MED-034,LOC-010,2026-08-28,167,717,23.9
DEM-006456,MED-034,LOC-010,2026-08-27,153,654,21.8
DEM-006457,MED-034,LOC-010,2026-08-26,135,579,19.3
DEM-006458,MED-034,LOC-010,2026-08-25,127,546,18.2
DEM-006459,MED-034,LOC-010,2026-08-24,162,693,23.1
DEM-006460,MED-034,LOC-010,2026-08-23,130,555,18.5
DEM-006461,MED-035,LOC-001,2026-09-10,39,147,5.0
DEM-006462,MED-035,LOC-001,2026-09-09,45,192,6.4
DEM-006463,MED-035,LOC-001,2026-09-08,27,114,3.8
DEM-006464,MED-035,LOC-001,2026-09-07,44,189,6.3
DEM-006465,MED-035,LOC-001,2026-09-06,36,153,5.1
DEM-006466,MED-035,LOC-001,2026-09-05,38,162,5.4
DEM-006467,MED-035,LOC-001,2026-09-04,43,183,6.1
DEM-006468,MED-035,LOC-001,2026-09-03,34,144,4.8
DEM-006469,MED-035,LOC-001,2026-09-02,33,141,4.7
DEM-006470,MED-035,LOC-001,2026-09-01,38,165,5.5
DEM-006471,MED-035,LOC-001,2026-08-31,38,162,5.4
DEM-006472,MED-035,LOC-001,2026-08-30,36,156,5.2
DEM-006473,MED-035,LOC-001,2026-08-29,27,117,3.9
DEM-006474,MED-035,LOC-001,2026-08-28,41,174,5.8
DEM-006475,MED-035,LOC-001,2026-08-27,37,159,5.3
DEM-006476,MED-035,LOC-001,2026-08-26,32,138,4.6
DEM-006477,MED-035,LOC-001,2026-08-25,34,144,4.8
DEM-006478,MED-035,LOC-001,2026-08-24,29,123,4.1
DEM-006479,MED-035,LOC-001,2026-08-23,29,123,4.1
DEM-006480,MED-035,LOC-002,2026-09-10,24,106,3.5
DEM-006481,MED-035,LOC-002,2026-09-09,27,114,3.8
DEM-006482,MED-035,LOC-002,2026-09-08,32,135,4.5
DEM-006483,MED-035,LOC-002,2026-09-07,22,96,3.2
DEM-006484,MED-035,LOC-002,2026-09-06,27,117,3.9
DEM-006485,MED-035,LOC-002,2026-09-05,23,99,3.3
DEM-006486,MED-035,LOC-002,2026-09-04,22,93,3.1
DEM-006487,MED-035,LOC-002,2026-09-03,29,123,4.1
DEM-006488,MED-035,LOC-002,2026-09-02,24,105,3.5
DEM-006489,MED-035,LOC-002,2026-09-01,22,93,3.1
DEM-006490,MED-035,LOC-002,2026-08-31,32,135,4.5
DEM-006491,MED-035,LOC-002,2026-08-30,23,99,3.3
DEM-006492,MED-035,LOC-002,2026-08-29,24,105,3.5
DEM-006493,MED-035,LOC-002,2026-08-28,27,114,3.8
DEM-006494,MED-035,LOC-002,2026-08-27,19,81,2.7
DEM-006495,MED-035,LOC-002,2026-08-26,28,120,4.0
DEM-006496,MED-035,LOC-002,2026-08-25,27,117,3.9
DEM-006497,MED-035,LOC-002,2026-08-24,18,78,2.6
DEM-006498,MED-035,LOC-002,2026-08-23,24,105,3.5
DEM-006499,MED-035,LOC-003,2026-09-10,43,174,5.8
DEM-006500,MED-035,LOC-003,2026-09-09,50,216,7.2
DEM-006501,MED-035,LOC-003,2026-09-08,46,198,6.6
DEM-006502,MED-035,LOC-003,2026-09-07,48,204,6.8
DEM-006503,MED-035,LOC-003,2026-09-06,43,183,6.1
DEM-006504,MED-035,LOC-003,2026-09-05,48,207,6.9
DEM-006505,MED-035,LOC-003,2026-09-04,45,192,6.4
DEM-006506,MED-035,LOC-003,2026-09-03,32,138,4.6
DEM-006507,MED-035,LOC-003,2026-09-02,31,132,4.4
DEM-006508,MED-035,LOC-003,2026-09-01,49,210,7.0
DEM-006509,MED-035,LOC-003,2026-08-31,46,195,6.5
DEM-006510,MED-035,LOC-003,2026-08-30,46,195,6.5
DEM-006511,MED-035,LOC-003,2026-08-29,38,165,5.5
DEM-006512,MED-035,LOC-003,2026-08-28,48,207,6.9
DEM-006513,MED-035,LOC-003,2026-08-27,49,210,7.0
DEM-006514,MED-035,LOC-003,2026-08-26,38,165,5.5
DEM-006515,MED-035,LOC-003,2026-08-25,34,147,4.9
DEM-006516,MED-035,LOC-003,2026-08-24,48,204,6.8
DEM-006517,MED-035,LOC-003,2026-08-23,46,198,6.6
DEM-006518,MED-035,LOC-004,2026-09-10,20,93,2.8
DEM-006519,MED-035,LOC-004,2026-09-09,20,84,2.8
DEM-006520,MED-035,LOC-004,2026-09-08,17,72,2.4
DEM-006521,MED-035,LOC-004,2026-09-07,15,63,2.1
DEM-006522,MED-035,LOC-004,2026-09-06,18,75,2.5
DEM-006523,MED-035,LOC-004,2026-09-05,24,105,3.5
DEM-006524,MED-035,LOC-004,2026-09-04,19,81,2.7
DEM-006525,MED-035,LOC-004,2026-09-03,15,66,2.2
DEM-006526,MED-035,LOC-004,2026-09-02,21,90,3.0
DEM-006527,MED-035,LOC-004,2026-09-01,18,78,2.6
DEM-006528,MED-035,LOC-004,2026-08-31,22,96,3.2
DEM-006529,MED-035,LOC-004,2026-08-30,18,75,2.5
DEM-006530,MED-035,LOC-004,2026-08-29,20,87,2.9
DEM-006531,MED-035,LOC-004,2026-08-28,19,81,2.7
DEM-006532,MED-035,LOC-004,2026-08-27,18,75,2.5
DEM-006533,MED-035,LOC-004,2026-08-26,24,105,3.5
DEM-006534,MED-035,LOC-004,2026-08-25,22,96,3.2
DEM-006535,MED-035,LOC-004,2026-08-24,17,72,2.4
DEM-006536,MED-035,LOC-004,2026-08-23,17,72,2.4
DEM-006537,MED-035,LOC-005,2026-09-10,40,187,5.7
DEM-006538,MED-035,LOC-005,2026-09-09,43,183,6.1
DEM-006539,MED-035,LOC-005,2026-09-08,41,174,5.8
DEM-006540,MED-035,LOC-005,2026-09-07,42,180,6.0
DEM-006541,MED-035,LOC-005,2026-09-06,44,189,6.3
DEM-006542,MED-035,LOC-005,2026-09-05,42,180,6.0
DEM-006543,MED-035,LOC-005,2026-09-04,45,192,6.4
DEM-006544,MED-035,LOC-005,2026-09-03,42,180,6.0
DEM-006545,MED-035,LOC-005,2026-09-02,32,135,4.5
DEM-006546,MED-035,LOC-005,2026-09-01,33,141,4.7
DEM-006547,MED-035,LOC-005,2026-08-31,32,135,4.5
DEM-006548,MED-035,LOC-005,2026-08-30,36,153,5.1
DEM-006549,MED-035,LOC-005,2026-08-29,43,183,6.1
DEM-006550,MED-035,LOC-005,2026-08-28,35,150,5.0
DEM-006551,MED-035,LOC-005,2026-08-27,41,177,5.9
DEM-006552,MED-035,LOC-005,2026-08-26,47,201,6.7
DEM-006553,MED-035,LOC-005,2026-08-25,34,147,4.9
DEM-006554,MED-035,LOC-005,2026-08-24,45,192,6.4
DEM-006555,MED-035,LOC-005,2026-08-23,52,222,7.4
DEM-006556,MED-035,LOC-006,2026-09-10,17,70,2.4
DEM-006557,MED-035,LOC-006,2026-09-09,18,75,2.5
DEM-006558,MED-035,LOC-006,2026-09-08,17,72,2.4
DEM-006559,MED-035,LOC-006,2026-09-07,21,90,3.0
DEM-006560,MED-035,LOC-006,2026-09-06,18,78,2.6
DEM-006561,MED-035,LOC-006,2026-09-05,21,90,3.0
DEM-006562,MED-035,LOC-006,2026-09-04,13,57,1.9
DEM-006563,MED-035,LOC-006,2026-09-03,21,90,3.0
DEM-006564,MED-035,LOC-006,2026-09-02,17,72,2.4
DEM-006565,MED-035,LOC-006,2026-09-01,22,93,3.1
DEM-006566,MED-035,LOC-006,2026-08-31,15,66,2.2
DEM-006567,MED-035,LOC-006,2026-08-30,19,81,2.7
DEM-006568,MED-035,LOC-006,2026-08-29,17,72,2.4
DEM-006569,MED-035,LOC-006,2026-08-28,16,69,2.3
DEM-006570,MED-035,LOC-006,2026-08-27,20,84,2.8
DEM-006571,MED-035,LOC-006,2026-08-26,21,90,3.0
DEM-006572,MED-035,LOC-006,2026-08-25,15,63,2.1
DEM-006573,MED-035,LOC-006,2026-08-24,15,66,2.2
DEM-006574,MED-035,LOC-006,2026-08-23,17,72,2.4
DEM-006575,MED-035,LOC-007,2026-09-10,21,98,3.4
DEM-006576,MED-035,LOC-007,2026-09-09,19,81,2.7
DEM-006577,MED-035,LOC-007,2026-09-08,25,108,3.6
DEM-006578,MED-035,LOC-007,2026-09-07,18,78,2.6
DEM-006579,MED-035,LOC-007,2026-09-06,27,117,3.9
DEM-006580,MED-035,LOC-007,2026-09-05,31,132,4.4
DEM-006581,MED-035,LOC-007,2026-09-04,23,99,3.3
DEM-006582,MED-035,LOC-007,2026-09-03,19,81,2.7
DEM-006583,MED-035,LOC-007,2026-09-02,21,90,3.0
DEM-006584,MED-035,LOC-007,2026-09-01,20,87,2.9
DEM-006585,MED-035,LOC-007,2026-08-31,22,93,3.1
DEM-006586,MED-035,LOC-007,2026-08-30,26,111,3.7
DEM-006587,MED-035,LOC-007,2026-08-29,19,81,2.7
DEM-006588,MED-035,LOC-007,2026-08-28,24,102,3.4
DEM-006589,MED-035,LOC-007,2026-08-27,29,123,4.1
DEM-006590,MED-035,LOC-007,2026-08-26,26,111,3.7
DEM-006591,MED-035,LOC-007,2026-08-25,26,111,3.7
DEM-006592,MED-035,LOC-007,2026-08-24,22,96,3.2
DEM-006593,MED-035,LOC-007,2026-08-23,21,90,3.0
DEM-006594,MED-035,LOC-008,2026-09-10,13,56,1.9
DEM-006595,MED-035,LOC-008,2026-09-09,10,45,1.5
DEM-006596,MED-035,LOC-008,2026-09-08,13,54,1.8
DEM-006597,MED-035,LOC-008,2026-09-07,16,69,2.3
DEM-006598,MED-035,LOC-008,2026-09-06,17,72,2.4
DEM-006599,MED-035,LOC-008,2026-09-05,15,66,2.2
DEM-006600,MED-035,LOC-008,2026-09-04,15,63,2.1
DEM-006601,MED-035,LOC-008,2026-09-03,15,66,2.2
DEM-006602,MED-035,LOC-008,2026-09-02,15,63,2.1
DEM-006603,MED-035,LOC-008,2026-09-01,14,60,2.0
DEM-006604,MED-035,LOC-008,2026-08-31,10,45,1.5
DEM-006605,MED-035,LOC-008,2026-08-30,10,45,1.5
DEM-006606,MED-035,LOC-008,2026-08-29,10,45,1.5
DEM-006607,MED-035,LOC-008,2026-08-28,13,54,1.8
DEM-006608,MED-035,LOC-008,2026-08-27,16,69,2.3
DEM-006609,MED-035,LOC-008,2026-08-26,10,45,1.5
DEM-006610,MED-035,LOC-008,2026-08-25,11,48,1.6
DEM-006611,MED-035,LOC-008,2026-08-24,17,72,2.4
DEM-006612,MED-035,LOC-008,2026-08-23,13,57,1.9
DEM-006613,MED-035,LOC-009,2026-09-10,24,90,3.2
DEM-006614,MED-035,LOC-009,2026-09-09,25,108,3.6
DEM-006615,MED-035,LOC-009,2026-09-08,24,102,3.4
DEM-006616,MED-035,LOC-009,2026-09-07,20,87,2.9
DEM-006617,MED-035,LOC-009,2026-09-06,22,93,3.1
DEM-006618,MED-035,LOC-009,2026-09-05,18,78,2.6
DEM-006619,MED-035,LOC-009,2026-09-04,26,111,3.7
DEM-006620,MED-035,LOC-009,2026-09-03,20,84,2.8
DEM-006621,MED-035,LOC-009,2026-09-02,24,105,3.5
DEM-006622,MED-035,LOC-009,2026-09-01,25,108,3.6
DEM-006623,MED-035,LOC-009,2026-08-31,17,72,2.4
DEM-006624,MED-035,LOC-009,2026-08-30,22,93,3.1
DEM-006625,MED-035,LOC-009,2026-08-29,27,114,3.8
DEM-006626,MED-035,LOC-009,2026-08-28,27,117,3.9
DEM-006627,MED-035,LOC-009,2026-08-27,24,105,3.5
DEM-006628,MED-035,LOC-009,2026-08-26,21,90,3.0
DEM-006629,MED-035,LOC-009,2026-08-25,29,123,4.1
DEM-006630,MED-035,LOC-009,2026-08-24,27,114,3.8
DEM-006631,MED-035,LOC-009,2026-08-23,22,96,3.2
DEM-006632,MED-035,LOC-010,2026-09-10,21,90,3.2
DEM-006633,MED-035,LOC-010,2026-09-09,24,102,3.4
DEM-006634,MED-035,LOC-010,2026-09-08,18,75,2.5
DEM-006635,MED-035,LOC-010,2026-09-07,27,114,3.8
DEM-006636,MED-035,LOC-010,2026-09-06,19,81,2.7
DEM-006637,MED-035,LOC-010,2026-09-05,24,102,3.4
DEM-006638,MED-035,LOC-010,2026-09-04,24,105,3.5
DEM-006639,MED-035,LOC-010,2026-09-03,20,87,2.9
DEM-006640,MED-035,LOC-010,2026-09-02,22,93,3.1
DEM-006641,MED-035,LOC-010,2026-09-01,26,111,3.7
DEM-006642,MED-035,LOC-010,2026-08-31,22,96,3.2
DEM-006643,MED-035,LOC-010,2026-08-30,20,84,2.8
DEM-006644,MED-035,LOC-010,2026-08-29,27,114,3.8
DEM-006645,MED-035,LOC-010,2026-08-28,18,75,2.5
DEM-006646,MED-035,LOC-010,2026-08-27,20,87,2.9
DEM-006647,MED-035,LOC-010,2026-08-26,22,96,3.2
DEM-006648,MED-035,LOC-010,2026-08-25,29,123,4.1
DEM-006649,MED-035,LOC-010,2026-08-24,26,111,3.7
DEM-006650,MED-035,LOC-010,2026-08-23,20,87,2.9
DEM-006651,MED-036,LOC-001,2026-09-10,283,1272,43.2
DEM-006652,MED-036,LOC-001,2026-09-09,284,1215,40.5
DEM-006653,MED-036,LOC-001,2026-09-08,288,1236,41.2
DEM-006654,MED-036,LOC-001,2026-09-07,228,978,32.6
DEM-006655,MED-036,LOC-001,2026-09-06,324,1389,46.3
DEM-006656,MED-036,LOC-001,2026-09-05,340,1455,48.5
DEM-006657,MED-036,LOC-001,2026-09-04,237,1014,33.8
DEM-006658,MED-036,LOC-001,2026-09-03,311,1332,44.4
DEM-006659,MED-036,LOC-001,2026-09-02,365,1566,52.2
DEM-006660,MED-036,LOC-001,2026-09-01,370,1584,52.8
DEM-006661,MED-036,LOC-001,2026-08-31,297,1272,42.4
DEM-006662,MED-036,LOC-001,2026-08-30,259,1110,37.0
DEM-006663,MED-036,LOC-001,2026-08-29,260,1116,37.2
DEM-006664,MED-036,LOC-001,2026-08-28,378,1620,54.0
DEM-006665,MED-036,LOC-001,2026-08-27,358,1533,51.1
DEM-006666,MED-036,LOC-001,2026-08-26,284,1215,40.5
DEM-006667,MED-036,LOC-001,2026-08-25,338,1449,48.3
DEM-006668,MED-036,LOC-001,2026-08-24,342,1467,48.9
DEM-006669,MED-036,LOC-001,2026-08-23,390,1671,55.7
DEM-006670,MED-036,LOC-002,2026-09-10,192,867,27.9
DEM-006671,MED-036,LOC-002,2026-09-09,250,1071,35.7
DEM-006672,MED-036,LOC-002,2026-09-08,213,912,30.4
DEM-006673,MED-036,LOC-002,2026-09-07,191,819,27.3
DEM-006674,MED-036,LOC-002,2026-09-06,164,702,23.4
DEM-006675,MED-036,LOC-002,2026-09-05,195,837,27.9
DEM-006676,MED-036,LOC-002,2026-09-04,231,990,33.0
DEM-006677,MED-036,LOC-002,2026-09-03,151,648,21.6
DEM-006678,MED-036,LOC-002,2026-09-02,170,729,24.3
DEM-006679,MED-036,LOC-002,2026-09-01,147,630,21.0
DEM-006680,MED-036,LOC-002,2026-08-31,170,729,24.3
DEM-006681,MED-036,LOC-002,2026-08-30,172,735,24.5
DEM-006682,MED-036,LOC-002,2026-08-29,214,915,30.5
DEM-006683,MED-036,LOC-002,2026-08-28,172,738,24.6
DEM-006684,MED-036,LOC-002,2026-08-27,225,966,32.2
DEM-006685,MED-036,LOC-002,2026-08-26,248,1065,35.5
DEM-006686,MED-036,LOC-002,2026-08-25,182,780,26.0
DEM-006687,MED-036,LOC-002,2026-08-24,226,969,32.3
DEM-006688,MED-036,LOC-002,2026-08-23,169,723,24.1
DEM-006689,MED-036,LOC-003,2026-09-10,276,1024,34.4
DEM-006690,MED-036,LOC-003,2026-09-09,190,816,27.2
DEM-006691,MED-036,LOC-003,2026-09-08,185,792,26.4
DEM-006692,MED-036,LOC-003,2026-09-07,196,840,28.0
DEM-006693,MED-036,LOC-003,2026-09-06,219,939,31.3
DEM-006694,MED-036,LOC-003,2026-09-05,206,885,29.5
DEM-006695,MED-036,LOC-003,2026-09-04,258,1107,36.9
DEM-006696,MED-036,LOC-003,2026-09-03,282,1209,40.3
DEM-006697,MED-036,LOC-003,2026-09-02,186,798,26.6
DEM-006698,MED-036,LOC-003,2026-09-01,185,792,26.4
DEM-006699,MED-036,LOC-003,2026-08-31,206,885,29.5
DEM-006700,MED-036,LOC-003,2026-08-30,204,873,29.1
DEM-006701,MED-036,LOC-003,2026-08-29,298,1278,42.6
DEM-006702,MED-036,LOC-003,2026-08-28,276,1182,39.4
DEM-006703,MED-036,LOC-003,2026-08-27,225,966,32.2
DEM-006704,MED-036,LOC-003,2026-08-26,254,1089,36.3
DEM-006705,MED-036,LOC-003,2026-08-25,204,876,29.2
DEM-006706,MED-036,LOC-003,2026-08-24,183,786,26.2
DEM-006707,MED-036,LOC-003,2026-08-23,292,1251,41.7
DEM-006708,MED-036,LOC-004,2026-09-10,197,985,31.1
DEM-006709,MED-036,LOC-004,2026-09-09,209,894,29.8
DEM-006710,MED-036,LOC-004,2026-09-08,258,1104,36.8
DEM-006711,MED-036,LOC-004,2026-09-07,176,756,25.2
DEM-006712,MED-036,LOC-004,2026-09-06,275,1179,39.3
DEM-006713,MED-036,LOC-004,2026-09-05,200,855,28.5
DEM-006714,MED-036,LOC-004,2026-09-04,192,822,27.4
DEM-006715,MED-036,LOC-004,2026-09-03,260,1116,37.2
DEM-006716,MED-036,LOC-004,2026-09-02,242,1038,34.6
DEM-006717,MED-036,LOC-004,2026-09-01,276,1182,39.4
DEM-006718,MED-036,LOC-004,2026-08-31,280,1200,40.0
DEM-006719,MED-036,LOC-004,2026-08-30,283,1212,40.4
DEM-006720,MED-036,LOC-004,2026-08-29,269,1152,38.4
DEM-006721,MED-036,LOC-004,2026-08-28,268,1149,38.3
DEM-006722,MED-036,LOC-004,2026-08-27,171,732,24.4
DEM-006723,MED-036,LOC-004,2026-08-26,181,774,25.8
DEM-006724,MED-036,LOC-004,2026-08-25,274,1173,39.1
DEM-006725,MED-036,LOC-004,2026-08-24,258,1107,36.9
DEM-006726,MED-036,LOC-004,2026-08-23,186,798,26.6
DEM-006727,MED-036,LOC-005,2026-09-10,259,1164,37.3
DEM-006728,MED-036,LOC-005,2026-09-09,336,1440,48.0
DEM-006729,MED-036,LOC-005,2026-09-08,231,990,33.0
DEM-006730,MED-036,LOC-005,2026-09-07,202,867,28.9
DEM-006731,MED-036,LOC-005,2026-09-06,284,1218,40.6
DEM-006732,MED-036,LOC-005,2026-09-05,223,957,31.9
DEM-006733,MED-036,LOC-005,2026-09-04,273,1170,39.0
DEM-006734,MED-036,LOC-005,2026-09-03,309,1326,44.2
DEM-006735,MED-036,LOC-005,2026-09-02,243,1041,34.7
DEM-006736,MED-036,LOC-005,2026-09-01,204,873,29.1
DEM-006737,MED-036,LOC-005,2026-08-31,310,1329,44.3
DEM-006738,MED-036,LOC-005,2026-08-30,321,1377,45.9
DEM-006739,MED-036,LOC-005,2026-08-29,318,1362,45.4
DEM-006740,MED-036,LOC-005,2026-08-28,335,1434,47.8
DEM-006741,MED-036,LOC-005,2026-08-27,323,1383,46.1
DEM-006742,MED-036,LOC-005,2026-08-26,226,969,32.3
DEM-006743,MED-036,LOC-005,2026-08-25,207,888,29.6
DEM-006744,MED-036,LOC-005,2026-08-24,263,1128,37.6
DEM-006745,MED-036,LOC-005,2026-08-23,291,1248,41.6
DEM-006746,MED-036,LOC-006,2026-09-10,103,459,14.3
DEM-006747,MED-036,LOC-006,2026-09-09,111,474,15.8
DEM-006748,MED-036,LOC-006,2026-09-08,103,441,14.7
DEM-006749,MED-036,LOC-006,2026-09-07,102,438,14.6
DEM-006750,MED-036,LOC-006,2026-09-06,101,432,14.4
DEM-006751,MED-036,LOC-006,2026-09-05,93,399,13.3
DEM-006752,MED-036,LOC-006,2026-09-04,96,411,13.7
DEM-006753,MED-036,LOC-006,2026-09-03,113,486,16.2
DEM-006754,MED-036,LOC-006,2026-09-02,115,492,16.4
DEM-006755,MED-036,LOC-006,2026-09-01,102,438,14.6
DEM-006756,MED-036,LOC-006,2026-08-31,90,384,12.8
DEM-006757,MED-036,LOC-006,2026-08-30,97,417,13.9
DEM-006758,MED-036,LOC-006,2026-08-29,126,540,18.0
DEM-006759,MED-036,LOC-006,2026-08-28,107,459,15.3
DEM-006760,MED-036,LOC-006,2026-08-27,77,330,11.0
DEM-006761,MED-036,LOC-006,2026-08-26,88,375,12.5
DEM-006762,MED-036,LOC-006,2026-08-25,86,369,12.3
DEM-006763,MED-036,LOC-006,2026-08-24,122,525,17.5
DEM-006764,MED-036,LOC-006,2026-08-23,97,414,13.8
DEM-006765,MED-036,LOC-007,2026-09-10,196,773,24.9
DEM-006766,MED-036,LOC-007,2026-09-09,220,945,31.5
DEM-006767,MED-036,LOC-007,2026-09-08,167,714,23.8
DEM-006768,MED-036,LOC-007,2026-09-07,183,786,26.2
DEM-006769,MED-036,LOC-007,2026-09-06,144,615,20.5
DEM-006770,MED-036,LOC-007,2026-09-05,139,594,19.8
DEM-006771,MED-036,LOC-007,2026-09-04,174,744,24.8
DEM-006772,MED-036,LOC-007,2026-09-03,164,705,23.5
DEM-006773,MED-036,LOC-007,2026-09-02,187,801,26.7
DEM-006774,MED-036,LOC-007,2026-09-01,175,750,25.0
DEM-006775,MED-036,LOC-007,2026-08-31,190,816,27.2
DEM-006776,MED-036,LOC-007,2026-08-30,172,735,24.5
DEM-006777,MED-036,LOC-007,2026-08-29,176,753,25.1
DEM-006778,MED-036,LOC-007,2026-08-28,170,729,24.3
DEM-006779,MED-036,LOC-007,2026-08-27,208,891,29.7
DEM-006780,MED-036,LOC-007,2026-08-26,161,690,23.0
DEM-006781,MED-036,LOC-007,2026-08-25,167,717,23.9
DEM-006782,MED-036,LOC-007,2026-08-24,148,633,21.1
DEM-006783,MED-036,LOC-007,2026-08-23,153,657,21.9
DEM-006784,MED-036,LOC-008,2026-09-10,125,509,18.1
DEM-006785,MED-036,LOC-008,2026-09-09,154,660,22.0
DEM-006786,MED-036,LOC-008,2026-09-08,131,561,18.7
DEM-006787,MED-036,LOC-008,2026-09-07,140,600,20.0
DEM-006788,MED-036,LOC-008,2026-09-06,150,642,21.4
DEM-006789,MED-036,LOC-008,2026-09-05,160,684,22.8
DEM-006790,MED-036,LOC-008,2026-09-04,102,438,14.6
DEM-006791,MED-036,LOC-008,2026-09-03,100,429,14.3
DEM-006792,MED-036,LOC-008,2026-09-02,98,420,14.0
DEM-006793,MED-036,LOC-008,2026-09-01,109,468,15.6
DEM-006794,MED-036,LOC-008,2026-08-31,108,465,15.5
DEM-006795,MED-036,LOC-008,2026-08-30,118,507,16.9
DEM-006796,MED-036,LOC-008,2026-08-29,116,498,16.6
DEM-006797,MED-036,LOC-008,2026-08-28,152,651,21.7
DEM-006798,MED-036,LOC-008,2026-08-27,143,612,20.4
DEM-006799,MED-036,LOC-008,2026-08-26,114,489,16.3
DEM-006800,MED-036,LOC-008,2026-08-25,144,618,20.6
DEM-006801,MED-036,LOC-008,2026-08-24,164,705,23.5
DEM-006802,MED-036,LOC-008,2026-08-23,164,705,23.5
DEM-006803,MED-036,LOC-009,2026-09-10,224,976,29.5
DEM-006804,MED-036,LOC-009,2026-09-09,156,669,22.3
DEM-006805,MED-036,LOC-009,2026-09-08,189,810,27.0
DEM-006806,MED-036,LOC-009,2026-09-07,248,1065,35.5
DEM-006807,MED-036,LOC-009,2026-09-06,244,1044,34.8
DEM-006808,MED-036,LOC-009,2026-09-05,201,861,28.7
DEM-006809,MED-036,LOC-009,2026-09-04,201,861,28.7
DEM-006810,MED-036,LOC-009,2026-09-03,220,945,31.5
DEM-006811,MED-036,LOC-009,2026-09-02,230,984,32.8
DEM-006812,MED-036,LOC-009,2026-09-01,209,894,29.8
DEM-006813,MED-036,LOC-009,2026-08-31,213,912,30.4
DEM-006814,MED-036,LOC-009,2026-08-30,242,1035,34.5
DEM-006815,MED-036,LOC-009,2026-08-29,172,735,24.5
DEM-006816,MED-036,LOC-009,2026-08-28,200,858,28.6
DEM-006817,MED-036,LOC-009,2026-08-27,181,774,25.8
DEM-006818,MED-036,LOC-009,2026-08-26,240,1029,34.3
DEM-006819,MED-036,LOC-009,2026-08-25,209,894,29.8
DEM-006820,MED-036,LOC-009,2026-08-24,214,915,30.5
DEM-006821,MED-036,LOC-009,2026-08-23,244,1047,34.9
DEM-006822,MED-036,LOC-010,2026-09-10,223,896,29.5
DEM-006823,MED-036,LOC-010,2026-09-09,245,1050,35.0
DEM-006824,MED-036,LOC-010,2026-09-08,190,816,27.2
DEM-006825,MED-036,LOC-010,2026-09-07,176,756,25.2
DEM-006826,MED-036,LOC-010,2026-09-06,242,1038,34.6
DEM-006827,MED-036,LOC-010,2026-09-05,234,1002,33.4
DEM-006828,MED-036,LOC-010,2026-09-04,178,765,25.5
DEM-006829,MED-036,LOC-010,2026-09-03,206,882,29.4
DEM-006830,MED-036,LOC-010,2026-09-02,218,936,31.2
DEM-006831,MED-036,LOC-010,2026-09-01,197,846,28.2
DEM-006832,MED-036,LOC-010,2026-08-31,220,945,31.5
DEM-006833,MED-036,LOC-010,2026-08-30,169,726,24.2
DEM-006834,MED-036,LOC-010,2026-08-29,262,1122,37.4
DEM-006835,MED-036,LOC-010,2026-08-28,156,669,22.3
DEM-006836,MED-036,LOC-010,2026-08-27,247,1059,35.3
DEM-006837,MED-036,LOC-010,2026-08-26,250,1071,35.7
DEM-006838,MED-036,LOC-010,2026-08-25,193,828,27.6
DEM-006839,MED-036,LOC-010,2026-08-24,202,867,28.9
DEM-006840,MED-036,LOC-010,2026-08-23,233,999,33.3
DEM-006841,MED-037,LOC-001,2026-09-10,216,881,29.8
DEM-006842,MED-037,LOC-001,2026-09-09,159,681,22.7
DEM-006843,MED-037,LOC-001,2026-09-08,246,1056,35.2
DEM-006844,MED-037,LOC-001,2026-09-07,262,1125,37.5
DEM-006845,MED-037,LOC-001,2026-09-06,174,747,24.9
DEM-006846,MED-037,LOC-001,2026-09-05,266,1140,38.0
DEM-006847,MED-037,LOC-001,2026-09-04,195,834,27.8
DEM-006848,MED-037,LOC-001,2026-09-03,229,981,32.7
DEM-006849,MED-037,LOC-001,2026-09-02,225,966,32.2
DEM-006850,MED-037,LOC-001,2026-09-01,226,969,32.3
DEM-006851,MED-037,LOC-001,2026-08-31,256,1098,36.6
DEM-006852,MED-037,LOC-001,2026-08-30,269,1152,38.4
DEM-006853,MED-037,LOC-001,2026-08-29,180,771,25.7
DEM-006854,MED-037,LOC-001,2026-08-28,202,864,28.8
DEM-006855,MED-037,LOC-001,2026-08-27,218,933,31.1
DEM-006856,MED-037,LOC-001,2026-08-26,178,762,25.4
DEM-006857,MED-037,LOC-001,2026-08-25,169,723,24.1
DEM-006858,MED-037,LOC-001,2026-08-24,222,951,31.7
DEM-006859,MED-037,LOC-001,2026-08-23,209,894,29.8
DEM-006860,MED-037,LOC-002,2026-09-10,138,601,21.3
DEM-006861,MED-037,LOC-002,2026-09-09,158,675,22.5
DEM-006862,MED-037,LOC-002,2026-09-08,115,492,16.4
DEM-006863,MED-037,LOC-002,2026-09-07,168,720,24.0
DEM-006864,MED-037,LOC-002,2026-09-06,152,651,21.7
DEM-006865,MED-037,LOC-002,2026-09-05,127,546,18.2
DEM-006866,MED-037,LOC-002,2026-09-04,118,504,16.8
DEM-006867,MED-037,LOC-002,2026-09-03,191,819,27.3
DEM-006868,MED-037,LOC-002,2026-09-02,135,579,19.3
DEM-006869,MED-037,LOC-002,2026-09-01,131,561,18.7
DEM-006870,MED-037,LOC-002,2026-08-31,166,711,23.7
DEM-006871,MED-037,LOC-002,2026-08-30,118,504,16.8
DEM-006872,MED-037,LOC-002,2026-08-29,116,498,16.6
DEM-006873,MED-037,LOC-002,2026-08-28,154,660,22.0
DEM-006874,MED-037,LOC-002,2026-08-27,126,540,18.0
DEM-006875,MED-037,LOC-002,2026-08-26,182,780,26.0
DEM-006876,MED-037,LOC-002,2026-08-25,146,624,20.8
DEM-006877,MED-037,LOC-002,2026-08-24,125,534,17.8
DEM-006878,MED-037,LOC-002,2026-08-23,121,519,17.3
DEM-006879,MED-037,LOC-003,2026-09-10,195,765,27.3
DEM-006880,MED-037,LOC-003,2026-09-09,244,1044,34.8
DEM-006881,MED-037,LOC-003,2026-09-08,234,1005,33.5
DEM-006882,MED-037,LOC-003,2026-09-07,157,672,22.4
DEM-006883,MED-037,LOC-003,2026-09-06,165,708,23.6
DEM-006884,MED-037,LOC-003,2026-09-05,189,810,27.0
DEM-006885,MED-037,LOC-003,2026-09-04,218,933,31.1
DEM-006886,MED-037,LOC-003,2026-09-03,193,828,27.6
DEM-006887,MED-037,LOC-003,2026-09-02,206,885,29.5
DEM-006888,MED-037,LOC-003,2026-09-01,242,1038,34.6
DEM-006889,MED-037,LOC-003,2026-08-31,205,879,29.3
DEM-006890,MED-037,LOC-003,2026-08-30,196,840,28.0
DEM-006891,MED-037,LOC-003,2026-08-29,216,924,30.8
DEM-006892,MED-037,LOC-003,2026-08-28,172,738,24.6
DEM-006893,MED-037,LOC-003,2026-08-27,144,618,20.6
DEM-006894,MED-037,LOC-003,2026-08-26,158,678,22.6
DEM-006895,MED-037,LOC-003,2026-08-25,150,642,21.4
DEM-006896,MED-037,LOC-003,2026-08-24,186,795,26.5
DEM-006897,MED-037,LOC-003,2026-08-23,228,978,32.6
DEM-006898,MED-037,LOC-004,2026-09-10,148,615,18.7
DEM-006899,MED-037,LOC-004,2026-09-09,132,564,18.8
DEM-006900,MED-037,LOC-004,2026-09-08,140,600,20.0
DEM-006901,MED-037,LOC-004,2026-09-07,151,648,21.6
DEM-006902,MED-037,LOC-004,2026-09-06,119,510,17.0
DEM-006903,MED-037,LOC-004,2026-09-05,162,693,23.1
DEM-006904,MED-037,LOC-004,2026-09-04,131,561,18.7
DEM-006905,MED-037,LOC-004,2026-09-03,148,636,21.2
DEM-006906,MED-037,LOC-004,2026-09-02,149,639,21.3
DEM-006907,MED-037,LOC-004,2026-09-01,120,513,17.1
DEM-006908,MED-037,LOC-004,2026-08-31,142,609,20.3
DEM-006909,MED-037,LOC-004,2026-08-30,157,672,22.4
DEM-006910,MED-037,LOC-004,2026-08-29,111,474,15.8
DEM-006911,MED-037,LOC-004,2026-08-28,116,498,16.6
DEM-006912,MED-037,LOC-004,2026-08-27,163,699,23.3
DEM-006913,MED-037,LOC-004,2026-08-26,151,648,21.6
DEM-006914,MED-037,LOC-004,2026-08-25,131,561,18.7
DEM-006915,MED-037,LOC-004,2026-08-24,164,702,23.4
DEM-006916,MED-037,LOC-004,2026-08-23,111,477,15.9
DEM-006917,MED-037,LOC-005,2026-09-10,194,922,27.7
DEM-006918,MED-037,LOC-005,2026-09-09,171,732,24.4
DEM-006919,MED-037,LOC-005,2026-09-08,238,1020,34.0
DEM-006920,MED-037,LOC-005,2026-09-07,174,747,24.9
DEM-006921,MED-037,LOC-005,2026-09-06,212,909,30.3
DEM-006922,MED-037,LOC-005,2026-09-05,176,756,25.2
DEM-006923,MED-037,LOC-005,2026-09-04,243,1041,34.7
DEM-006924,MED-037,LOC-005,2026-09-03,220,942,31.4
DEM-006925,MED-037,LOC-005,2026-09-02,223,954,31.8
DEM-006926,MED-037,LOC-005,2026-09-01,169,723,24.1
DEM-006927,MED-037,LOC-005,2026-08-31,198,849,28.3
DEM-006928,MED-037,LOC-005,2026-08-30,251,1077,35.9
DEM-006929,MED-037,LOC-005,2026-08-29,204,876,29.2
DEM-006930,MED-037,LOC-005,2026-08-28,251,1077,35.9
DEM-006931,MED-037,LOC-005,2026-08-27,153,657,21.9
DEM-006932,MED-037,LOC-005,2026-08-26,157,672,22.4
DEM-006933,MED-037,LOC-005,2026-08-25,228,975,32.5
DEM-006934,MED-037,LOC-005,2026-08-24,180,771,25.7
DEM-006935,MED-037,LOC-005,2026-08-23,193,828,27.6
DEM-006936,MED-037,LOC-006,2026-09-10,77,325,10.7
DEM-006937,MED-037,LOC-006,2026-09-09,60,255,8.5
DEM-006938,MED-037,LOC-006,2026-09-08,85,363,12.1
DEM-006939,MED-037,LOC-006,2026-09-07,87,372,12.4
DEM-006940,MED-037,LOC-006,2026-09-06,72,309,10.3
DEM-006941,MED-037,LOC-006,2026-09-05,87,372,12.4
DEM-006942,MED-037,LOC-006,2026-09-04,92,393,13.1
DEM-006943,MED-037,LOC-006,2026-09-03,73,312,10.4
DEM-006944,MED-037,LOC-006,2026-09-02,57,243,8.1
DEM-006945,MED-037,LOC-006,2026-09-01,61,261,8.7
DEM-006946,MED-037,LOC-006,2026-08-31,94,402,13.4
DEM-006947,MED-037,LOC-006,2026-08-30,70,300,10.0
DEM-006948,MED-037,LOC-006,2026-08-29,87,372,12.4
DEM-006949,MED-037,LOC-006,2026-08-28,76,327,10.9
DEM-006950,MED-037,LOC-006,2026-08-27,59,252,8.4
DEM-006951,MED-037,LOC-006,2026-08-26,79,339,11.3
DEM-006952,MED-037,LOC-006,2026-08-25,66,285,9.5
DEM-006953,MED-037,LOC-006,2026-08-24,95,408,13.6
DEM-006954,MED-037,LOC-006,2026-08-23,62,267,8.9
DEM-006955,MED-037,LOC-007,2026-09-10,162,595,20.8
DEM-006956,MED-037,LOC-007,2026-09-09,111,474,15.8
DEM-006957,MED-037,LOC-007,2026-09-08,117,501,16.7
DEM-006958,MED-037,LOC-007,2026-09-07,133,570,19.0
DEM-006959,MED-037,LOC-007,2026-09-06,152,651,21.7
DEM-006960,MED-037,LOC-007,2026-09-05,141,603,20.1
DEM-006961,MED-037,LOC-007,2026-09-04,116,495,16.5
DEM-006962,MED-037,LOC-007,2026-09-03,170,729,24.3
DEM-006963,MED-037,LOC-007,2026-09-02,163,699,23.3
DEM-006964,MED-037,LOC-007,2026-09-01,122,522,17.4
DEM-006965,MED-037,LOC-007,2026-08-31,138,591,19.7
DEM-006966,MED-037,LOC-007,2026-08-30,127,543,18.1
DEM-006967,MED-037,LOC-007,2026-08-29,112,480,16.0
DEM-006968,MED-037,LOC-007,2026-08-28,163,699,23.3
DEM-006969,MED-037,LOC-007,2026-08-27,127,543,18.1
DEM-006970,MED-037,LOC-007,2026-08-26,165,708,23.6
DEM-006971,MED-037,LOC-007,2026-08-25,176,756,25.2
DEM-006972,MED-037,LOC-007,2026-08-24,174,747,24.9
DEM-006973,MED-037,LOC-007,2026-08-23,160,687,22.9
DEM-006974,MED-037,LOC-008,2026-09-10,101,383,12.8
DEM-006975,MED-037,LOC-008,2026-09-09,83,354,11.8
DEM-006976,MED-037,LOC-008,2026-09-08,70,300,10.0
DEM-006977,MED-037,LOC-008,2026-09-07,67,288,9.6
DEM-006978,MED-037,LOC-008,2026-09-06,105,450,15.0
DEM-006979,MED-037,LOC-008,2026-09-05,105,450,15.0
DEM-006980,MED-037,LOC-008,2026-09-04,113,483,16.1
DEM-006981,MED-037,LOC-008,2026-09-03,85,366,12.2
DEM-006982,MED-037,LOC-008,2026-09-02,79,339,11.3
DEM-006983,MED-037,LOC-008,2026-09-01,71,306,10.2
DEM-006984,MED-037,LOC-008,2026-08-31,88,378,12.6
DEM-006985,MED-037,LOC-008,2026-08-30,116,498,16.6
DEM-006986,MED-037,LOC-008,2026-08-29,84,360,12.0
DEM-006987,MED-037,LOC-008,2026-08-28,77,330,11.0
DEM-006988,MED-037,LOC-008,2026-08-27,100,429,14.3
DEM-006989,MED-037,LOC-008,2026-08-26,78,336,11.2
DEM-006990,MED-037,LOC-008,2026-08-25,111,474,15.8
DEM-006991,MED-037,LOC-008,2026-08-24,106,456,15.2
DEM-006992,MED-037,LOC-008,2026-08-23,108,462,15.4
DEM-006993,MED-037,LOC-009,2026-09-10,107,488,16.2
DEM-006994,MED-037,LOC-009,2026-09-09,92,393,13.1
DEM-006995,MED-037,LOC-009,2026-09-08,106,453,15.1
DEM-006996,MED-037,LOC-009,2026-09-07,120,516,17.2
DEM-006997,MED-037,LOC-009,2026-09-06,97,414,13.8
DEM-006998,MED-037,LOC-009,2026-09-05,98,420,14.0
DEM-006999,MED-037,LOC-009,2026-09-04,119,510,17.0
DEM-007000,MED-037,LOC-009,2026-09-03,144,615,20.5
DEM-007001,MED-037,LOC-009,2026-09-02,92,396,13.2
DEM-007002,MED-037,LOC-009,2026-09-01,99,423,14.1
DEM-007003,MED-037,LOC-009,2026-08-31,107,459,15.3
DEM-007004,MED-037,LOC-009,2026-08-30,96,411,13.7
DEM-007005,MED-037,LOC-009,2026-08-29,110,471,15.7
DEM-007006,MED-037,LOC-009,2026-08-28,105,450,15.0
DEM-007007,MED-037,LOC-009,2026-08-27,109,468,15.6
DEM-007008,MED-037,LOC-009,2026-08-26,113,486,16.2
DEM-007009,MED-037,LOC-009,2026-08-25,89,381,12.7
DEM-007010,MED-037,LOC-009,2026-08-24,136,582,19.4
DEM-007011,MED-037,LOC-009,2026-08-23,125,537,17.9
DEM-007012,MED-037,LOC-010,2026-09-10,113,509,17.6
DEM-007013,MED-037,LOC-010,2026-09-09,113,483,16.1
DEM-007014,MED-037,LOC-010,2026-09-08,133,570,19.0
DEM-007015,MED-037,LOC-010,2026-09-07,159,681,22.7
DEM-007016,MED-037,LOC-010,2026-09-06,99,426,14.2
DEM-007017,MED-037,LOC-010,2026-09-05,129,552,18.4
DEM-007018,MED-037,LOC-010,2026-09-04,160,684,22.8
DEM-007019,MED-037,LOC-010,2026-09-03,150,642,21.4
DEM-007020,MED-037,LOC-010,2026-09-02,104,447,14.9
DEM-007021,MED-037,LOC-010,2026-09-01,158,675,22.5
DEM-007022,MED-037,LOC-010,2026-08-31,133,570,19.0
DEM-007023,MED-037,LOC-010,2026-08-30,159,681,22.7
DEM-007024,MED-037,LOC-010,2026-08-29,139,597,19.9
DEM-007025,MED-037,LOC-010,2026-08-28,139,594,19.8
DEM-007026,MED-037,LOC-010,2026-08-27,158,678,22.6
DEM-007027,MED-037,LOC-010,2026-08-26,139,597,19.9
DEM-007028,MED-037,LOC-010,2026-08-25,115,492,16.4
DEM-007029,MED-037,LOC-010,2026-08-24,136,582,19.4
DEM-007030,MED-037,LOC-010,2026-08-23,153,654,21.8
DEM-007031,MED-038,LOC-001,2026-09-10,201,832,28.1
DEM-007032,MED-038,LOC-001,2026-09-09,214,915,30.5
DEM-007033,MED-038,LOC-001,2026-09-08,211,903,30.1
DEM-007034,MED-038,LOC-001,2026-09-07,189,810,27.0
DEM-007035,MED-038,LOC-001,2026-09-06,217,930,31.0
DEM-007036,MED-038,LOC-001,2026-09-05,173,741,24.7
DEM-007037,MED-038,LOC-001,2026-09-04,211,906,30.2
DEM-007038,MED-038,LOC-001,2026-09-03,255,1092,36.4
DEM-007039,MED-038,LOC-001,2026-09-02,173,741,24.7
DEM-007040,MED-038,LOC-001,2026-09-01,214,918,30.6
DEM-007041,MED-038,LOC-001,2026-08-31,244,1047,34.9
DEM-007042,MED-038,LOC-001,2026-08-30,181,774,25.8
DEM-007043,MED-038,LOC-001,2026-08-29,228,975,32.5
DEM-007044,MED-038,LOC-001,2026-08-28,230,984,32.8
DEM-007045,MED-038,LOC-001,2026-08-27,215,921,30.7
DEM-007046,MED-038,LOC-001,2026-08-26,154,660,22.0
DEM-007047,MED-038,LOC-001,2026-08-25,188,807,26.9
DEM-007048,MED-038,LOC-001,2026-08-24,180,771,25.7
DEM-007049,MED-038,LOC-001,2026-08-23,164,702,23.4
DEM-007050,MED-038,LOC-002,2026-09-10,96,500,15.1
DEM-007051,MED-038,LOC-002,2026-09-09,114,489,16.3
DEM-007052,MED-038,LOC-002,2026-09-08,134,576,19.2
DEM-007053,MED-038,LOC-002,2026-09-07,122,525,17.5
DEM-007054,MED-038,LOC-002,2026-09-06,99,423,14.1
DEM-007055,MED-038,LOC-002,2026-09-05,95,408,13.6
DEM-007056,MED-038,LOC-002,2026-09-04,117,501,16.7
DEM-007057,MED-038,LOC-002,2026-09-03,123,528,17.6
DEM-007058,MED-038,LOC-002,2026-09-02,110,471,15.7
DEM-007059,MED-038,LOC-002,2026-09-01,136,582,19.4
DEM-007060,MED-038,LOC-002,2026-08-31,117,501,16.7
DEM-007061,MED-038,LOC-002,2026-08-30,96,411,13.7
DEM-007062,MED-038,LOC-002,2026-08-29,80,345,11.5
DEM-007063,MED-038,LOC-002,2026-08-28,129,552,18.4
DEM-007064,MED-038,LOC-002,2026-08-27,99,423,14.1
DEM-007065,MED-038,LOC-002,2026-08-26,93,399,13.3
DEM-007066,MED-038,LOC-002,2026-08-25,111,474,15.8
DEM-007067,MED-038,LOC-002,2026-08-24,132,567,18.9
DEM-007068,MED-038,LOC-002,2026-08-23,118,504,16.8
DEM-007069,MED-038,LOC-003,2026-09-10,168,715,22.4
DEM-007070,MED-038,LOC-003,2026-09-09,170,729,24.3
DEM-007071,MED-038,LOC-003,2026-09-08,150,645,21.5
DEM-007072,MED-038,LOC-003,2026-09-07,146,624,20.8
DEM-007073,MED-038,LOC-003,2026-09-06,155,666,22.2
DEM-007074,MED-038,LOC-003,2026-09-05,118,507,16.9
DEM-007075,MED-038,LOC-003,2026-09-04,192,825,27.5
DEM-007076,MED-038,LOC-003,2026-09-03,124,531,17.7
DEM-007077,MED-038,LOC-003,2026-09-02,134,576,19.2
DEM-007078,MED-038,LOC-003,2026-09-01,172,738,24.6
DEM-007079,MED-038,LOC-003,2026-08-31,130,555,18.5
DEM-007080,MED-038,LOC-003,2026-08-30,135,579,19.3
DEM-007081,MED-038,LOC-003,2026-08-29,125,537,17.9
DEM-007082,MED-038,LOC-003,2026-08-28,169,723,24.1
DEM-007083,MED-038,LOC-003,2026-08-27,189,810,27.0
DEM-007084,MED-038,LOC-003,2026-08-26,198,849,28.3
DEM-007085,MED-038,LOC-003,2026-08-25,138,591,19.7
DEM-007086,MED-038,LOC-003,2026-08-24,125,534,17.8
DEM-007087,MED-038,LOC-003,2026-08-23,180,771,25.7
DEM-007088,MED-038,LOC-004,2026-09-10,119,459,15.8
DEM-007089,MED-038,LOC-004,2026-09-09,94,402,13.4
DEM-007090,MED-038,LOC-004,2026-09-08,98,420,14.0
DEM-007091,MED-038,LOC-004,2026-09-07,100,429,14.3
DEM-007092,MED-038,LOC-004,2026-09-06,110,471,15.7
DEM-007093,MED-038,LOC-004,2026-09-05,122,522,17.4
DEM-007094,MED-038,LOC-004,2026-09-04,99,426,14.2
DEM-007095,MED-038,LOC-004,2026-09-03,130,558,18.6
DEM-007096,MED-038,LOC-004,2026-09-02,88,375,12.5
DEM-007097,MED-038,LOC-004,2026-09-01,142,609,20.3
DEM-007098,MED-038,LOC-004,2026-08-31,107,459,15.3
DEM-007099,MED-038,LOC-004,2026-08-30,93,399,13.3
DEM-007100,MED-038,LOC-004,2026-08-29,110,471,15.7
DEM-007101,MED-038,LOC-004,2026-08-28,113,486,16.2
DEM-007102,MED-038,LOC-004,2026-08-27,127,546,18.2
DEM-007103,MED-038,LOC-004,2026-08-26,130,555,18.5
DEM-007104,MED-038,LOC-004,2026-08-25,133,570,19.0
DEM-007105,MED-038,LOC-004,2026-08-24,131,561,18.7
DEM-007106,MED-038,LOC-004,2026-08-23,84,360,12.0
DEM-007107,MED-038,LOC-005,2026-09-10,185,762,23.7
DEM-007108,MED-038,LOC-005,2026-09-09,209,894,29.8
DEM-007109,MED-038,LOC-005,2026-09-08,178,765,25.5
DEM-007110,MED-038,LOC-005,2026-09-07,139,594,19.8
DEM-007111,MED-038,LOC-005,2026-09-06,190,816,27.2
DEM-007112,MED-038,LOC-005,2026-09-05,148,633,21.1
DEM-007113,MED-038,LOC-005,2026-09-04,167,714,23.8
DEM-007114,MED-038,LOC-005,2026-09-03,166,711,23.7
DEM-007115,MED-038,LOC-005,2026-09-02,159,681,22.7
DEM-007116,MED-038,LOC-005,2026-09-01,180,771,25.7
DEM-007117,MED-038,LOC-005,2026-08-31,131,561,18.7
DEM-007118,MED-038,LOC-005,2026-08-30,137,588,19.6
DEM-007119,MED-038,LOC-005,2026-08-29,167,717,23.9
DEM-007120,MED-038,LOC-005,2026-08-28,139,594,19.8
DEM-007121,MED-038,LOC-005,2026-08-27,141,606,20.2
DEM-007122,MED-038,LOC-005,2026-08-26,125,537,17.9
DEM-007123,MED-038,LOC-005,2026-08-25,170,729,24.3
DEM-007124,MED-038,LOC-005,2026-08-24,190,816,27.2
DEM-007125,MED-038,LOC-005,2026-08-23,169,726,24.2
DEM-007126,MED-038,LOC-006,2026-09-10,100,421,12.6
DEM-007127,MED-038,LOC-006,2026-09-09,84,360,12.0
DEM-007128,MED-038,LOC-006,2026-09-08,90,384,12.8
DEM-007129,MED-038,LOC-006,2026-09-07,97,417,13.9
DEM-007130,MED-038,LOC-006,2026-09-06,94,405,13.5
DEM-007131,MED-038,LOC-006,2026-09-05,86,369,12.3
DEM-007132,MED-038,LOC-006,2026-09-04,68,291,9.7
DEM-007133,MED-038,LOC-006,2026-09-03,111,474,15.8
DEM-007134,MED-038,LOC-006,2026-09-02,85,363,12.1
DEM-007135,MED-038,LOC-006,2026-09-01,94,402,13.4
DEM-007136,MED-038,LOC-006,2026-08-31,76,324,10.8
DEM-007137,MED-038,LOC-006,2026-08-30,88,375,12.5
DEM-007138,MED-038,LOC-006,2026-08-29,78,336,11.2
DEM-007139,MED-038,LOC-006,2026-08-28,111,474,15.8
DEM-007140,MED-038,LOC-006,2026-08-27,102,435,14.5
DEM-007141,MED-038,LOC-006,2026-08-26,91,390,13.0
DEM-007142,MED-038,LOC-006,2026-08-25,90,384,12.8
DEM-007143,MED-038,LOC-006,2026-08-24,99,426,14.2
DEM-007144,MED-038,LOC-006,2026-08-23,100,429,14.3
DEM-007145,MED-038,LOC-007,2026-09-10,143,576,18.0
DEM-007146,MED-038,LOC-007,2026-09-09,111,477,15.9
DEM-007147,MED-038,LOC-007,2026-09-08,97,414,13.8
DEM-007148,MED-038,LOC-007,2026-09-07,150,645,21.5
DEM-007149,MED-038,LOC-007,2026-09-06,138,591,19.7
DEM-007150,MED-038,LOC-007,2026-09-05,141,606,20.2
DEM-007151,MED-038,LOC-007,2026-09-04,143,612,20.4
DEM-007152,MED-038,LOC-007,2026-09-03,139,597,19.9
DEM-007153,MED-038,LOC-007,2026-09-02,113,483,16.1
DEM-007154,MED-038,LOC-007,2026-09-01,126,540,18.0
DEM-007155,MED-038,LOC-007,2026-08-31,141,606,20.2
DEM-007156,MED-038,LOC-007,2026-08-30,112,480,16.0
DEM-007157,MED-038,LOC-007,2026-08-29,136,585,19.5
DEM-007158,MED-038,LOC-007,2026-08-28,160,687,22.9
DEM-007159,MED-038,LOC-007,2026-08-27,153,654,21.8
DEM-007160,MED-038,LOC-007,2026-08-26,95,408,13.6
DEM-007161,MED-038,LOC-007,2026-08-25,148,633,21.1
DEM-007162,MED-038,LOC-007,2026-08-24,139,597,19.9
DEM-007163,MED-038,LOC-007,2026-08-23,158,678,22.6
DEM-007164,MED-038,LOC-008,2026-09-10,76,343,10.4
DEM-007165,MED-038,LOC-008,2026-09-09,76,324,10.8
DEM-007166,MED-038,LOC-008,2026-09-08,62,267,8.9
DEM-007167,MED-038,LOC-008,2026-09-07,71,306,10.2
DEM-007168,MED-038,LOC-008,2026-09-06,88,375,12.5
DEM-007169,MED-038,LOC-008,2026-09-05,64,276,9.2
DEM-007170,MED-038,LOC-008,2026-09-04,66,285,9.5
DEM-007171,MED-038,LOC-008,2026-09-03,93,399,13.3
DEM-007172,MED-038,LOC-008,2026-09-02,81,348,11.6
DEM-007173,MED-038,LOC-008,2026-09-01,70,300,10.0
DEM-007174,MED-038,LOC-008,2026-08-31,67,288,9.6
DEM-007175,MED-038,LOC-008,2026-08-30,71,306,10.2
DEM-007176,MED-038,LOC-008,2026-08-29,90,384,12.8
DEM-007177,MED-038,LOC-008,2026-08-28,84,360,12.0
DEM-007178,MED-038,LOC-008,2026-08-27,58,249,8.3
DEM-007179,MED-038,LOC-008,2026-08-26,80,342,11.4
DEM-007180,MED-038,LOC-008,2026-08-25,85,366,12.2
DEM-007181,MED-038,LOC-008,2026-08-24,69,294,9.8
DEM-007182,MED-038,LOC-008,2026-08-23,60,258,8.6
DEM-007183,MED-038,LOC-009,2026-09-10,148,561,18.7
DEM-007184,MED-038,LOC-009,2026-09-09,120,516,17.2
DEM-007185,MED-038,LOC-009,2026-09-08,169,726,24.2
DEM-007186,MED-038,LOC-009,2026-09-07,157,672,22.4
DEM-007187,MED-038,LOC-009,2026-09-06,98,420,14.0
DEM-007188,MED-038,LOC-009,2026-09-05,103,441,14.7
DEM-007189,MED-038,LOC-009,2026-09-04,148,636,21.2
DEM-007190,MED-038,LOC-009,2026-09-03,136,582,19.4
DEM-007191,MED-038,LOC-009,2026-09-02,146,624,20.8
DEM-007192,MED-038,LOC-009,2026-09-01,151,648,21.6
DEM-007193,MED-038,LOC-009,2026-08-31,111,474,15.8
DEM-007194,MED-038,LOC-009,2026-08-30,125,537,17.9
DEM-007195,MED-038,LOC-009,2026-08-29,149,639,21.3
DEM-007196,MED-038,LOC-009,2026-08-28,113,483,16.1
DEM-007197,MED-038,LOC-009,2026-08-27,111,477,15.9
DEM-007198,MED-038,LOC-009,2026-08-26,167,714,23.8
DEM-007199,MED-038,LOC-009,2026-08-25,131,561,18.7
DEM-007200,MED-038,LOC-009,2026-08-24,157,672,22.4
DEM-007201,MED-038,LOC-009,2026-08-23,111,477,15.9
DEM-007202,MED-038,LOC-010,2026-09-10,94,457,14.2
DEM-007203,MED-038,LOC-010,2026-09-09,89,381,12.7
DEM-007204,MED-038,LOC-010,2026-09-08,124,531,17.7
DEM-007205,MED-038,LOC-010,2026-09-07,97,414,13.8
DEM-007206,MED-038,LOC-010,2026-09-06,108,465,15.5
DEM-007207,MED-038,LOC-010,2026-09-05,108,465,15.5
DEM-007208,MED-038,LOC-010,2026-09-04,122,522,17.4
DEM-007209,MED-038,LOC-010,2026-09-03,83,357,11.9
DEM-007210,MED-038,LOC-010,2026-09-02,90,387,12.9
DEM-007211,MED-038,LOC-010,2026-09-01,95,408,13.6
DEM-007212,MED-038,LOC-010,2026-08-31,90,384,12.8
DEM-007213,MED-038,LOC-010,2026-08-30,93,399,13.3
DEM-007214,MED-038,LOC-010,2026-08-29,106,456,15.2
DEM-007215,MED-038,LOC-010,2026-08-28,101,432,14.4
DEM-007216,MED-038,LOC-010,2026-08-27,111,477,15.9
DEM-007217,MED-038,LOC-010,2026-08-26,80,342,11.4
DEM-007218,MED-038,LOC-010,2026-08-25,78,333,11.1
DEM-007219,MED-038,LOC-010,2026-08-24,116,495,16.5
DEM-007220,MED-038,LOC-010,2026-08-23,75,321,10.7
DEM-007221,MED-039,LOC-001,2026-09-10,241,1146,37.3
DEM-007222,MED-039,LOC-001,2026-09-09,197,843,28.1
DEM-007223,MED-039,LOC-001,2026-09-08,282,1209,40.3
DEM-007224,MED-039,LOC-001,2026-09-07,337,1446,48.2
DEM-007225,MED-039,LOC-001,2026-09-06,305,1308,43.6
DEM-007226,MED-039,LOC-001,2026-09-05,330,1413,47.1
DEM-007227,MED-039,LOC-001,2026-09-04,264,1131,37.7
DEM-007228,MED-039,LOC-001,2026-09-03,244,1047,34.9
DEM-007229,MED-039,LOC-001,2026-09-02,258,1104,36.8
DEM-007230,MED-039,LOC-001,2026-09-01,249,1068,35.6
DEM-007231,MED-039,LOC-001,2026-08-31,323,1386,46.2
DEM-007232,MED-039,LOC-001,2026-08-30,340,1455,48.5
DEM-007233,MED-039,LOC-001,2026-08-29,313,1341,44.7
DEM-007234,MED-039,LOC-001,2026-08-28,331,1419,47.3
DEM-007235,MED-039,LOC-001,2026-08-27,291,1248,41.6
DEM-007236,MED-039,LOC-001,2026-08-26,250,1071,35.7
DEM-007237,MED-039,LOC-001,2026-08-25,204,873,29.1
DEM-007238,MED-039,LOC-001,2026-08-24,247,1059,35.3
DEM-007239,MED-039,LOC-001,2026-08-23,244,1044,34.8
DEM-007240,MED-039,LOC-002,2026-09-10,130,582,18.3
DEM-007241,MED-039,LOC-002,2026-09-09,147,630,21.0
DEM-007242,MED-039,LOC-002,2026-09-08,159,681,22.7
DEM-007243,MED-039,LOC-002,2026-09-07,106,453,15.1
DEM-007244,MED-039,LOC-002,2026-09-06,139,594,19.8
DEM-007245,MED-039,LOC-002,2026-09-05,158,675,22.5
DEM-007246,MED-039,LOC-002,2026-09-04,116,495,16.5
DEM-007247,MED-039,LOC-002,2026-09-03,146,624,20.8
DEM-007248,MED-039,LOC-002,2026-09-02,153,657,21.9
DEM-007249,MED-039,LOC-002,2026-09-01,122,522,17.4
DEM-007250,MED-039,LOC-002,2026-08-31,139,597,19.9
DEM-007251,MED-039,LOC-002,2026-08-30,143,612,20.4
DEM-007252,MED-039,LOC-002,2026-08-29,130,555,18.5
DEM-007253,MED-039,LOC-002,2026-08-28,125,537,17.9
DEM-007254,MED-039,LOC-002,2026-08-27,109,468,15.6
DEM-007255,MED-039,LOC-002,2026-08-26,166,711,23.7
DEM-007256,MED-039,LOC-002,2026-08-25,164,702,23.4
DEM-007257,MED-039,LOC-002,2026-08-24,153,657,21.9
DEM-007258,MED-039,LOC-002,2026-08-23,97,417,13.9
DEM-007259,MED-039,LOC-003,2026-09-10,190,967,29.8
DEM-007260,MED-039,LOC-003,2026-09-09,194,831,27.7
DEM-007261,MED-039,LOC-003,2026-09-08,207,888,29.6
DEM-007262,MED-039,LOC-003,2026-09-07,226,969,32.3
DEM-007263,MED-039,LOC-003,2026-09-06,202,867,28.9
DEM-007264,MED-039,LOC-003,2026-09-05,227,972,32.4
DEM-007265,MED-039,LOC-003,2026-09-04,166,711,23.7
DEM-007266,MED-039,LOC-003,2026-09-03,206,882,29.4
DEM-007267,MED-039,LOC-003,2026-09-02,263,1128,37.6
DEM-007268,MED-039,LOC-003,2026-09-01,263,1128,37.6
DEM-007269,MED-039,LOC-003,2026-08-31,270,1155,38.5
DEM-007270,MED-039,LOC-003,2026-08-30,255,1092,36.4
DEM-007271,MED-039,LOC-003,2026-08-29,260,1116,37.2
DEM-007272,MED-039,LOC-003,2026-08-28,241,1032,34.4
DEM-007273,MED-039,LOC-003,2026-08-27,190,816,27.2
DEM-007274,MED-039,LOC-003,2026-08-26,178,765,25.5
DEM-007275,MED-039,LOC-003,2026-08-25,173,741,24.7
DEM-007276,MED-039,LOC-003,2026-08-24,216,927,30.9
DEM-007277,MED-039,LOC-003,2026-08-23,222,951,31.7
DEM-007278,MED-039,LOC-004,2026-09-10,177,698,24.6
DEM-007279,MED-039,LOC-004,2026-09-09,204,876,29.2
DEM-007280,MED-039,LOC-004,2026-09-08,158,675,22.5
DEM-007281,MED-039,LOC-004,2026-09-07,193,828,27.6
DEM-007282,MED-039,LOC-004,2026-09-06,181,777,25.9
DEM-007283,MED-039,LOC-004,2026-09-05,212,909,30.3
DEM-007284,MED-039,LOC-004,2026-09-04,145,621,20.7
DEM-007285,MED-039,LOC-004,2026-09-03,172,735,24.5
DEM-007286,MED-039,LOC-004,2026-09-02,140,600,20.0
DEM-007287,MED-039,LOC-004,2026-09-01,192,822,27.4
DEM-007288,MED-039,LOC-004,2026-08-31,152,651,21.7
DEM-007289,MED-039,LOC-004,2026-08-30,149,639,21.3
DEM-007290,MED-039,LOC-004,2026-08-29,200,858,28.6
DEM-007291,MED-039,LOC-004,2026-08-28,192,822,27.4
DEM-007292,MED-039,LOC-004,2026-08-27,138,591,19.7
DEM-007293,MED-039,LOC-004,2026-08-26,170,729,24.3
DEM-007294,MED-039,LOC-004,2026-08-25,197,843,28.1
DEM-007295,MED-039,LOC-004,2026-08-24,144,618,20.6
DEM-007296,MED-039,LOC-004,2026-08-23,217,930,31.0
DEM-007297,MED-039,LOC-005,2026-09-10,277,1050,36.3
DEM-007298,MED-039,LOC-005,2026-09-09,227,972,32.4
DEM-007299,MED-039,LOC-005,2026-09-08,257,1101,36.7
DEM-007300,MED-039,LOC-005,2026-09-07,316,1353,45.1
DEM-007301,MED-039,LOC-005,2026-09-06,208,891,29.7
DEM-007302,MED-039,LOC-005,2026-09-05,209,897,29.9
DEM-007303,MED-039,LOC-005,2026-09-04,265,1137,37.9
DEM-007304,MED-039,LOC-005,2026-09-03,292,1251,41.7
DEM-007305,MED-039,LOC-005,2026-09-02,203,870,29.0
DEM-007306,MED-039,LOC-005,2026-09-01,287,1230,41.0
DEM-007307,MED-039,LOC-005,2026-08-31,312,1338,44.6
DEM-007308,MED-039,LOC-005,2026-08-30,321,1374,45.8
DEM-007309,MED-039,LOC-005,2026-08-29,298,1275,42.5
DEM-007310,MED-039,LOC-005,2026-08-28,274,1176,39.2
DEM-007311,MED-039,LOC-005,2026-08-27,281,1203,40.1
DEM-007312,MED-039,LOC-005,2026-08-26,244,1044,34.8
DEM-007313,MED-039,LOC-005,2026-08-25,290,1245,41.5
DEM-007314,MED-039,LOC-005,2026-08-24,293,1257,41.9
DEM-007315,MED-039,LOC-005,2026-08-23,244,1044,34.8
DEM-007316,MED-039,LOC-006,2026-09-10,106,475,14.5
DEM-007317,MED-039,LOC-006,2026-09-09,121,519,17.3
DEM-007318,MED-039,LOC-006,2026-09-08,89,381,12.7
DEM-007319,MED-039,LOC-006,2026-09-07,83,354,11.8
DEM-007320,MED-039,LOC-006,2026-09-06,81,348,11.6
DEM-007321,MED-039,LOC-006,2026-09-05,81,348,11.6
DEM-007322,MED-039,LOC-006,2026-09-04,118,504,16.8
DEM-007323,MED-039,LOC-006,2026-09-03,128,549,18.3
DEM-007324,MED-039,LOC-006,2026-09-02,118,504,16.8
DEM-007325,MED-039,LOC-006,2026-09-01,83,354,11.8
DEM-007326,MED-039,LOC-006,2026-08-31,97,414,13.8
DEM-007327,MED-039,LOC-006,2026-08-30,124,531,17.7
DEM-007328,MED-039,LOC-006,2026-08-29,130,555,18.5
DEM-007329,MED-039,LOC-006,2026-08-28,108,465,15.5
DEM-007330,MED-039,LOC-006,2026-08-27,76,327,10.9
DEM-007331,MED-039,LOC-006,2026-08-26,80,342,11.4
DEM-007332,MED-039,LOC-006,2026-08-25,106,453,15.1
DEM-007333,MED-039,LOC-006,2026-08-24,123,528,17.6
DEM-007334,MED-039,LOC-006,2026-08-23,131,561,18.7
DEM-007335,MED-039,LOC-007,2026-09-10,140,640,20.2
DEM-007336,MED-039,LOC-007,2026-09-09,168,720,24.0
DEM-007337,MED-039,LOC-007,2026-09-08,146,627,20.9
DEM-007338,MED-039,LOC-007,2026-09-07,153,654,21.8
DEM-007339,MED-039,LOC-007,2026-09-06,123,528,17.6
DEM-007340,MED-039,LOC-007,2026-09-05,136,585,19.5
DEM-007341,MED-039,LOC-007,2026-09-04,148,633,21.1
DEM-007342,MED-039,LOC-007,2026-09-03,142,609,20.3
DEM-007343,MED-039,LOC-007,2026-09-02,118,504,16.8
DEM-007344,MED-039,LOC-007,2026-09-01,179,768,25.6
DEM-007345,MED-039,LOC-007,2026-08-31,172,735,24.5
DEM-007346,MED-039,LOC-007,2026-08-30,145,621,20.7
DEM-007347,MED-039,LOC-007,2026-08-29,141,606,20.2
DEM-007348,MED-039,LOC-007,2026-08-28,153,654,21.8
DEM-007349,MED-039,LOC-007,2026-08-27,118,504,16.8
DEM-007350,MED-039,LOC-007,2026-08-26,158,675,22.5
DEM-007351,MED-039,LOC-007,2026-08-25,169,723,24.1
DEM-007352,MED-039,LOC-007,2026-08-24,161,690,23.0
DEM-007353,MED-039,LOC-007,2026-08-23,153,654,21.8
DEM-007354,MED-039,LOC-008,2026-09-10,103,363,12.8
DEM-007355,MED-039,LOC-008,2026-09-09,116,498,16.6
DEM-007356,MED-039,LOC-008,2026-09-08,102,438,14.6
DEM-007357,MED-039,LOC-008,2026-09-07,91,390,13.0
DEM-007358,MED-039,LOC-008,2026-09-06,108,462,15.4
DEM-007359,MED-039,LOC-008,2026-09-05,92,393,13.1
DEM-007360,MED-039,LOC-008,2026-09-04,102,438,14.6
DEM-007361,MED-039,LOC-008,2026-09-03,86,369,12.3
DEM-007362,MED-039,LOC-008,2026-09-02,116,495,16.5
DEM-007363,MED-039,LOC-008,2026-09-01,83,357,11.9
DEM-007364,MED-039,LOC-008,2026-08-31,108,462,15.4
DEM-007365,MED-039,LOC-008,2026-08-30,78,333,11.1
DEM-007366,MED-039,LOC-008,2026-08-29,104,444,14.8
DEM-007367,MED-039,LOC-008,2026-08-28,107,459,15.3
DEM-007368,MED-039,LOC-008,2026-08-27,102,435,14.5
DEM-007369,MED-039,LOC-008,2026-08-26,70,300,10.0
DEM-007370,MED-039,LOC-008,2026-08-25,110,471,15.7
DEM-007371,MED-039,LOC-008,2026-08-24,76,327,10.9
DEM-007372,MED-039,LOC-008,2026-08-23,91,390,13.0
DEM-007373,MED-039,LOC-009,2026-09-10,166,653,20.7
DEM-007374,MED-039,LOC-009,2026-09-09,176,756,25.2
DEM-007375,MED-039,LOC-009,2026-09-08,188,804,26.8
DEM-007376,MED-039,LOC-009,2026-09-07,153,654,21.8
DEM-007377,MED-039,LOC-009,2026-09-06,136,582,19.4
DEM-007378,MED-039,LOC-009,2026-09-05,162,696,23.2
DEM-007379,MED-039,LOC-009,2026-09-04,188,804,26.8
DEM-007380,MED-039,LOC-009,2026-09-03,169,726,24.2
DEM-007381,MED-039,LOC-009,2026-09-02,140,600,20.0
DEM-007382,MED-039,LOC-009,2026-09-01,150,645,21.5
DEM-007383,MED-039,LOC-009,2026-08-31,131,561,18.7
DEM-007384,MED-039,LOC-009,2026-08-30,164,705,23.5
DEM-007385,MED-039,LOC-009,2026-08-29,124,531,17.7
DEM-007386,MED-039,LOC-009,2026-08-28,177,759,25.3
DEM-007387,MED-039,LOC-009,2026-08-27,140,600,20.0
DEM-007388,MED-039,LOC-009,2026-08-26,119,510,17.0
DEM-007389,MED-039,LOC-009,2026-08-25,169,723,24.1
DEM-007390,MED-039,LOC-009,2026-08-24,155,663,22.1
DEM-007391,MED-039,LOC-009,2026-08-23,173,741,24.7
DEM-007392,MED-039,LOC-010,2026-09-10,185,743,24.5
DEM-007393,MED-039,LOC-010,2026-09-09,144,618,20.6
DEM-007394,MED-039,LOC-010,2026-09-08,141,606,20.2
DEM-007395,MED-039,LOC-010,2026-09-07,195,834,27.8
DEM-007396,MED-039,LOC-010,2026-09-06,156,669,22.3
DEM-007397,MED-039,LOC-010,2026-09-05,142,609,20.3
DEM-007398,MED-039,LOC-010,2026-09-04,149,639,21.3
DEM-007399,MED-039,LOC-010,2026-09-03,200,855,28.5
DEM-007400,MED-039,LOC-010,2026-09-02,198,849,28.3
DEM-007401,MED-039,LOC-010,2026-09-01,130,555,18.5
DEM-007402,MED-039,LOC-010,2026-08-31,197,846,28.2
DEM-007403,MED-039,LOC-010,2026-08-30,183,783,26.1
DEM-007404,MED-039,LOC-010,2026-08-29,192,825,27.5
DEM-007405,MED-039,LOC-010,2026-08-28,222,951,31.7
DEM-007406,MED-039,LOC-010,2026-08-27,143,612,20.4
DEM-007407,MED-039,LOC-010,2026-08-26,218,936,31.2
DEM-007408,MED-039,LOC-010,2026-08-25,169,723,24.1
DEM-007409,MED-039,LOC-010,2026-08-24,208,891,29.7
DEM-007410,MED-039,LOC-010,2026-08-23,216,927,30.9
DEM-007411,MED-040,LOC-001,2026-09-10,46,193,6.9
DEM-007412,MED-040,LOC-001,2026-09-09,62,267,8.9
DEM-007413,MED-040,LOC-001,2026-09-08,53,228,7.6
DEM-007414,MED-040,LOC-001,2026-09-07,52,222,7.4
DEM-007415,MED-040,LOC-001,2026-09-06,62,267,8.9
DEM-007416,MED-040,LOC-001,2026-09-05,53,228,7.6
DEM-007417,MED-040,LOC-001,2026-09-04,47,201,6.7
DEM-007418,MED-040,LOC-001,2026-09-03,37,159,5.3
DEM-007419,MED-040,LOC-001,2026-09-02,43,183,6.1
DEM-007420,MED-040,LOC-001,2026-09-01,49,210,7.0
DEM-007421,MED-040,LOC-001,2026-08-31,55,234,7.8
DEM-007422,MED-040,LOC-001,2026-08-30,62,264,8.8
DEM-007423,MED-040,LOC-001,2026-08-29,54,231,7.7
DEM-007424,MED-040,LOC-001,2026-08-28,46,198,6.6
DEM-007425,MED-040,LOC-001,2026-08-27,55,234,7.8
DEM-007426,MED-040,LOC-001,2026-08-26,57,246,8.2
DEM-007427,MED-040,LOC-001,2026-08-25,54,231,7.7
DEM-007428,MED-040,LOC-001,2026-08-24,57,243,8.1
DEM-007429,MED-040,LOC-001,2026-08-23,60,255,8.5
DEM-007430,MED-040,LOC-002,2026-09-10,28,132,4.2
DEM-007431,MED-040,LOC-002,2026-09-09,28,120,4.0
DEM-007432,MED-040,LOC-002,2026-09-08,24,102,3.4
DEM-007433,MED-040,LOC-002,2026-09-07,23,99,3.3
DEM-007434,MED-040,LOC-002,2026-09-06,30,129,4.3
DEM-007435,MED-040,LOC-002,2026-09-05,33,141,4.7
DEM-007436,MED-040,LOC-002,2026-09-04,30,129,4.3
DEM-007437,MED-040,LOC-002,2026-09-03,22,96,3.2
DEM-007438,MED-040,LOC-002,2026-09-02,32,135,4.5
DEM-007439,MED-040,LOC-002,2026-09-01,32,135,4.5
DEM-007440,MED-040,LOC-002,2026-08-31,27,114,3.8
DEM-007441,MED-040,LOC-002,2026-08-30,34,147,4.9
DEM-007442,MED-040,LOC-002,2026-08-29,35,150,5.0
DEM-007443,MED-040,LOC-002,2026-08-28,25,108,3.6
DEM-007444,MED-040,LOC-002,2026-08-27,30,129,4.3
DEM-007445,MED-040,LOC-002,2026-08-26,32,138,4.6
DEM-007446,MED-040,LOC-002,2026-08-25,29,126,4.2
DEM-007447,MED-040,LOC-002,2026-08-24,32,135,4.5
DEM-007448,MED-040,LOC-002,2026-08-23,24,102,3.4
DEM-007449,MED-040,LOC-003,2026-09-10,39,159,4.9
DEM-007450,MED-040,LOC-003,2026-09-09,29,126,4.2
DEM-007451,MED-040,LOC-003,2026-09-08,41,177,5.9
DEM-007452,MED-040,LOC-003,2026-09-07,26,111,3.7
DEM-007453,MED-040,LOC-003,2026-09-06,36,156,5.2
DEM-007454,MED-040,LOC-003,2026-09-05,36,153,5.1
DEM-007455,MED-040,LOC-003,2026-09-04,41,177,5.9
DEM-007456,MED-040,LOC-003,2026-09-03,35,150,5.0
DEM-007457,MED-040,LOC-003,2026-09-02,36,153,5.1
DEM-007458,MED-040,LOC-003,2026-09-01,37,159,5.3
DEM-007459,MED-040,LOC-003,2026-08-31,39,168,5.6
DEM-007460,MED-040,LOC-003,2026-08-30,41,174,5.8
DEM-007461,MED-040,LOC-003,2026-08-29,28,120,4.0
DEM-007462,MED-040,LOC-003,2026-08-28,40,171,5.7
DEM-007463,MED-040,LOC-003,2026-08-27,44,189,6.3
DEM-007464,MED-040,LOC-003,2026-08-26,43,183,6.1
DEM-007465,MED-040,LOC-003,2026-08-25,29,126,4.2
DEM-007466,MED-040,LOC-003,2026-08-24,37,159,5.3
DEM-007467,MED-040,LOC-003,2026-08-23,29,126,4.2
DEM-007468,MED-040,LOC-004,2026-09-10,32,116,4.1
DEM-007469,MED-040,LOC-004,2026-09-09,24,102,3.4
DEM-007470,MED-040,LOC-004,2026-09-08,24,105,3.5
DEM-007471,MED-040,LOC-004,2026-09-07,24,102,3.4
DEM-007472,MED-040,LOC-004,2026-09-06,30,129,4.3
DEM-007473,MED-040,LOC-004,2026-09-05,35,150,5.0
DEM-007474,MED-040,LOC-004,2026-09-04,22,96,3.2
DEM-007475,MED-040,LOC-004,2026-09-03,37,159,5.3
DEM-007476,MED-040,LOC-004,2026-09-02,29,126,4.2
DEM-007477,MED-040,LOC-004,2026-09-01,27,117,3.9
DEM-007478,MED-040,LOC-004,2026-08-31,30,129,4.3
DEM-007479,MED-040,LOC-004,2026-08-30,28,120,4.0
DEM-007480,MED-040,LOC-004,2026-08-29,36,156,5.2
DEM-007481,MED-040,LOC-004,2026-08-28,22,93,3.1
DEM-007482,MED-040,LOC-004,2026-08-27,27,114,3.8
DEM-007483,MED-040,LOC-004,2026-08-26,36,156,5.2
DEM-007484,MED-040,LOC-004,2026-08-25,29,126,4.2
DEM-007485,MED-040,LOC-004,2026-08-24,34,144,4.8
DEM-007486,MED-040,LOC-004,2026-08-23,32,138,4.6
DEM-007487,MED-040,LOC-005,2026-09-10,42,181,5.7
DEM-007488,MED-040,LOC-005,2026-09-09,41,177,5.9
DEM-007489,MED-040,LOC-005,2026-09-08,52,222,7.4
DEM-007490,MED-040,LOC-005,2026-09-07,38,162,5.4
DEM-007491,MED-040,LOC-005,2026-09-06,42,180,6.0
DEM-007492,MED-040,LOC-005,2026-09-05,34,147,4.9
DEM-007493,MED-040,LOC-005,2026-09-04,32,138,4.6
DEM-007494,MED-040,LOC-005,2026-09-03,48,204,6.8
DEM-007495,MED-040,LOC-005,2026-09-02,35,150,5.0
DEM-007496,MED-040,LOC-005,2026-09-01,34,147,4.9
DEM-007497,MED-040,LOC-005,2026-08-31,36,156,5.2
DEM-007498,MED-040,LOC-005,2026-08-30,48,207,6.9
DEM-007499,MED-040,LOC-005,2026-08-29,51,219,7.3
DEM-007500,MED-040,LOC-005,2026-08-28,43,186,6.2
DEM-007501,MED-040,LOC-005,2026-08-27,35,150,5.0
DEM-007502,MED-040,LOC-005,2026-08-26,38,162,5.4
DEM-007503,MED-040,LOC-005,2026-08-25,33,141,4.7
DEM-007504,MED-040,LOC-005,2026-08-24,43,186,6.2
DEM-007505,MED-040,LOC-005,2026-08-23,32,135,4.5
DEM-007506,MED-040,LOC-006,2026-09-10,16,76,2.3
DEM-007507,MED-040,LOC-006,2026-09-09,15,66,2.2
DEM-007508,MED-040,LOC-006,2026-09-08,13,54,1.8
DEM-007509,MED-040,LOC-006,2026-09-07,14,60,2.0
DEM-007510,MED-040,LOC-006,2026-09-06,16,69,2.3
DEM-007511,MED-040,LOC-006,2026-09-05,18,78,2.6
DEM-007512,MED-040,LOC-006,2026-09-04,17,72,2.4
DEM-007513,MED-040,LOC-006,2026-09-03,13,54,1.8
DEM-007514,MED-040,LOC-006,2026-09-02,19,81,2.7
DEM-007515,MED-040,LOC-006,2026-09-01,21,90,3.0
DEM-007516,MED-040,LOC-006,2026-08-31,18,78,2.6
DEM-007517,MED-040,LOC-006,2026-08-30,14,60,2.0
DEM-007518,MED-040,LOC-006,2026-08-29,15,66,2.2
DEM-007519,MED-040,LOC-006,2026-08-28,18,78,2.6
DEM-007520,MED-040,LOC-006,2026-08-27,20,84,2.8
DEM-007521,MED-040,LOC-006,2026-08-26,18,75,2.5
DEM-007522,MED-040,LOC-006,2026-08-25,16,69,2.3
DEM-007523,MED-040,LOC-006,2026-08-24,13,57,1.9
DEM-007524,MED-040,LOC-006,2026-08-23,21,90,3.0
DEM-007525,MED-040,LOC-007,2026-09-10,25,122,3.9
DEM-007526,MED-040,LOC-007,2026-09-09,22,93,3.1
DEM-007527,MED-040,LOC-007,2026-09-08,22,96,3.2
DEM-007528,MED-040,LOC-007,2026-09-07,22,96,3.2
DEM-007529,MED-040,LOC-007,2026-09-06,29,123,4.1
DEM-007530,MED-040,LOC-007,2026-09-05,22,93,3.1
DEM-007531,MED-040,LOC-007,2026-09-04,30,129,4.3
DEM-007532,MED-040,LOC-007,2026-09-03,26,111,3.7
DEM-007533,MED-040,LOC-007,2026-09-02,25,108,3.6
DEM-007534,MED-040,LOC-007,2026-09-01,24,105,3.5
DEM-007535,MED-040,LOC-007,2026-08-31,34,144,4.8
DEM-007536,MED-040,LOC-007,2026-08-30,24,102,3.4
DEM-007537,MED-040,LOC-007,2026-08-29,20,87,2.9
DEM-007538,MED-040,LOC-007,2026-08-28,26,111,3.7
DEM-007539,MED-040,LOC-007,2026-08-27,35,150,5.0
DEM-007540,MED-040,LOC-007,2026-08-26,26,111,3.7
DEM-007541,MED-040,LOC-007,2026-08-25,22,96,3.2
DEM-007542,MED-040,LOC-007,2026-08-24,34,147,4.9
DEM-007543,MED-040,LOC-007,2026-08-23,23,99,3.3
DEM-007544,MED-040,LOC-008,2026-09-10,19,91,2.8
DEM-007545,MED-040,LOC-008,2026-09-09,20,87,2.9
DEM-007546,MED-040,LOC-008,2026-09-08,20,87,2.9
DEM-007547,MED-040,LOC-008,2026-09-07,22,96,3.2
DEM-007548,MED-040,LOC-008,2026-09-06,24,102,3.4
DEM-007549,MED-040,LOC-008,2026-09-05,20,87,2.9
DEM-007550,MED-040,LOC-008,2026-09-04,21,90,3.0
DEM-007551,MED-040,LOC-008,2026-09-03,24,105,3.5
DEM-007552,MED-040,LOC-008,2026-09-02,17,72,2.4
DEM-007553,MED-040,LOC-008,2026-09-01,25,108,3.6
DEM-007554,MED-040,LOC-008,2026-08-31,19,81,2.7
DEM-007555,MED-040,LOC-008,2026-08-30,18,78,2.6
DEM-007556,MED-040,LOC-008,2026-08-29,22,96,3.2
DEM-007557,MED-040,LOC-008,2026-08-28,25,108,3.6
DEM-007558,MED-040,LOC-008,2026-08-27,20,87,2.9
DEM-007559,MED-040,LOC-008,2026-08-26,21,90,3.0
DEM-007560,MED-040,LOC-008,2026-08-25,24,102,3.4
DEM-007561,MED-040,LOC-008,2026-08-24,20,84,2.8
DEM-007562,MED-040,LOC-008,2026-08-23,16,69,2.3
DEM-007563,MED-040,LOC-009,2026-09-10,24,94,3.3
DEM-007564,MED-040,LOC-009,2026-09-09,19,81,2.7
DEM-007565,MED-040,LOC-009,2026-09-08,22,96,3.2
DEM-007566,MED-040,LOC-009,2026-09-07,27,114,3.8
DEM-007567,MED-040,LOC-009,2026-09-06,18,78,2.6
DEM-007568,MED-040,LOC-009,2026-09-05,27,114,3.8
DEM-007569,MED-040,LOC-009,2026-09-04,29,126,4.2
DEM-007570,MED-040,LOC-009,2026-09-03,27,114,3.8
DEM-007571,MED-040,LOC-009,2026-09-02,20,87,2.9
DEM-007572,MED-040,LOC-009,2026-09-01,25,108,3.6
DEM-007573,MED-040,LOC-009,2026-08-31,27,114,3.8
DEM-007574,MED-040,LOC-009,2026-08-30,20,84,2.8
DEM-007575,MED-040,LOC-009,2026-08-29,30,129,4.3
DEM-007576,MED-040,LOC-009,2026-08-28,27,117,3.9
DEM-007577,MED-040,LOC-009,2026-08-27,24,102,3.4
DEM-007578,MED-040,LOC-009,2026-08-26,21,90,3.0
DEM-007579,MED-040,LOC-009,2026-08-25,23,99,3.3
DEM-007580,MED-040,LOC-009,2026-08-24,29,126,4.2
DEM-007581,MED-040,LOC-009,2026-08-23,29,123,4.1
DEM-007582,MED-040,LOC-010,2026-09-10,31,147,4.5
DEM-007583,MED-040,LOC-010,2026-09-09,40,171,5.7
DEM-007584,MED-040,LOC-010,2026-09-08,31,132,4.4
DEM-007585,MED-040,LOC-010,2026-09-07,29,123,4.1
DEM-007586,MED-040,LOC-010,2026-09-06,25,108,3.6
DEM-007587,MED-040,LOC-010,2026-09-05,25,108,3.6
DEM-007588,MED-040,LOC-010,2026-09-04,36,156,5.2
DEM-007589,MED-040,LOC-010,2026-09-03,40,171,5.7
DEM-007590,MED-040,LOC-010,2026-09-02,27,114,3.8
DEM-007591,MED-040,LOC-010,2026-09-01,24,105,3.5
DEM-007592,MED-040,LOC-010,2026-08-31,36,156,5.2
DEM-007593,MED-040,LOC-010,2026-08-30,33,141,4.7
DEM-007594,MED-040,LOC-010,2026-08-29,32,138,4.6
DEM-007595,MED-040,LOC-010,2026-08-28,38,165,5.5
DEM-007596,MED-040,LOC-010,2026-08-27,41,174,5.8
DEM-007597,MED-040,LOC-010,2026-08-26,31,132,4.4
DEM-007598,MED-040,LOC-010,2026-08-25,32,138,4.6
DEM-007599,MED-040,LOC-010,2026-08-24,36,156,5.2
DEM-007600,MED-040,LOC-010,2026-08-23,32,138,4.6
