batch_id,medicine_id,location_id,quantity,expiry_date,received_date,unit_price,batch_status,is_data_corrupted,corruption_reason
BATCH-10001,MED-002,LOC-001,350,2026-09-15,2026-05-13,68.0,Near Expiry,0,
BATCH-10002,MED-040,LOC-004,45,2026-09-13,2026-04-13,2200.0,Near Expiry,0,
BATCH-10003,MED-001,LOC-002,120,2026-09-24,2026-06-12,24.5,Near Expiry,0,
BATCH-10004,MED-009,LOC-005,280,2026-09-22,2026-06-02,76.0,Near Expiry,0,
BATCH-10005,MED-032,LOC-007,400,2026-09-21,2026-01-20,420.0,Near Expiry,0,
BATCH-10006,MED-008,LOC-005,1200,2026-10-20,2026-05-06,28.5,Available,0,
BATCH-10007,MED-037,LOC-007,138,2026-09-27,2026-01-29,25.0,Available,0,
BATCH-10008,MED-040,LOC-008,50,2026-09-11,2026-04-19,2200.0,Near Expiry,0,
BATCH-10009,MED-023,LOC-003,452,2026-10-11,2026-06-17,65.0,Available,0,
BATCH-10010,MED-010,LOC-007,302,2026-10-03,2025-12-28,145.0,Near Expiry,0,
BATCH-10011,MED-020,LOC-006,336,2026-10-16,2026-02-25,26.0,Available,0,
BATCH-10012,MED-029,LOC-003,-15,2026-10-01,2025-11-28,125.0,Near Expiry,1,Negative stock quantity recorded
BATCH-10013,MED-009,LOC-007,1200,2026-10-21,2025-11-24,76.0,Available,0,
BATCH-10014,MED-031,LOC-005,600,2026-10-03,2025-12-20,290.0,Near Expiry,0,
BATCH-10015,MED-026,LOC-009,600,2026-12-03,2025-12-09,168.0,Available,0,
BATCH-10016,MED-002,LOC-003,1200,2026-10-04,2026-01-18,68.0,Near Expiry,0,
BATCH-10017,MED-022,LOC-007,600,2026-12-14,2026-03-23,58.0,Available,0,
BATCH-10018,MED-028,LOC-004,1200,2026-12-03,2026-03-04,15.0,Available,0,
BATCH-10019,MED-008,LOC-005,600,2027-04-15,2026-01-23,28.5,Available,0,
BATCH-10020,MED-007,LOC-009,600,2026-11-16,2025-12-06,85.0,Available,0,
BATCH-10021,MED-009,LOC-007,261,2026-09-12,2026-03-25,76.0,Near Expiry,0,
BATCH-10022,MED-004,LOC-007,600,2026-10-20,2026-01-14,32.0,Available,0,
BATCH-10023,MED-031,LOC-001,1200,2026-11-30,2026-06-29,290.0,Available,0,
BATCH-10024,MED-018,LOC-006,469,2026-11-17,2026-04-22,45.0,Available,0,
BATCH-10025,MED-021,LOC-004,372,2026-10-19,2025-11-22,54.0,Available,0,
BATCH-10026,MED-032,LOC-006,300,2026-10-14,2026-06-18,420.0,Available,0,
BATCH-10027,MED-009,LOC-006,600,2026-11-05,2026-04-11,76.0,Available,0,
BATCH-10028,MED-016,LOC-005,1200,2026-09-30,2026-06-15,64.0,Near Expiry,0,
BATCH-10029,MED-008,LOC-001,600,2026-12-09,2025-11-28,28.5,Available,0,
BATCH-10030,MED-007,LOC-002,71,2027-06-03,2026-04-26,85.0,Available,0,
BATCH-10031,MED-035,LOC-003,50,2026-09-12,2026-01-11,112.0,Near Expiry,0,
BATCH-10032,MED-036,LOC-006,37,2027-07-27,2026-02-01,135.0,Available,0,
BATCH-10033,MED-031,LOC-007,1200,2026-11-26,2025-12-22,290.0,Available,0,
BATCH-10034,MED-009,LOC-005,371,2026-09-15,2026-06-27,76.0,Near Expiry,0,
BATCH-10035,MED-026,LOC-008,600,2026-12-07,2026-03-03,168.0,Available,0,
BATCH-10036,MED-025,LOC-009,1200,2027-07-03,2026-02-07,78.0,Available,0,
BATCH-10037,MED-011,LOC-010,154,2026-10-10,2025-11-17,480.0,Near Expiry,0,
BATCH-10038,MED-034,LOC-005,600,2026-10-18,2026-04-28,28.0,Available,0,
BATCH-10039,MED-003,LOC-009,239,2026-09-19,2025-11-28,18.2,Near Expiry,0,
BATCH-10040,MED-004,LOC-004,1200,2027-03-27,2026-02-26,32.0,Available,0,
BATCH-10041,MED-039,LOC-006,124,2026-11-02,2025-11-28,45.0,Available,0,
BATCH-10042,MED-040,LOC-005,76,2026-10-12,2026-02-02,2200.0,Available,0,
BATCH-10043,MED-018,LOC-003,219,2026-10-11,2026-02-25,45.0,Available,0,
BATCH-10044,MED-038,LOC-002,600,2026-12-02,2026-04-06,38.0,Available,0,
BATCH-10045,MED-039,LOC-009,1200,2020-02-30,2026-05-05,45.0,Near Expiry,1,Malformed calendar date
BATCH-10046,MED-026,LOC-003,600,2026-11-03,2026-01-08,168.0,Available,0,
BATCH-10047,MED-032,LOC-003,1200,2026-11-06,2025-12-04,420.0,Available,0,
BATCH-10048,MED-012,LOC-005,28,2026-09-12,2025-12-15,52.0,Near Expiry,0,
BATCH-10049,MED-005,LOC-007,600,2026-11-09,2026-01-28,115.5,Available,0,
BATCH-10050,MED-001,LOC-010,1200,2026-09-30,2025-12-13,24.5,Near Expiry,0,
BATCH-10051,MED-003,LOC-003,1200,2026-10-13,2026-05-05,18.2,Available,0,
BATCH-10052,MED-001,LOC-001,600,2027-02-02,2026-02-24,24.5,Available,0,
BATCH-10053,MED-013,LOC-003,600,2026-10-29,2025-11-26,72.0,Available,0,
BATCH-10054,MED-010,LOC-004,93,2026-09-16,2026-05-05,145.0,Near Expiry,0,
BATCH-10055,MED-007,LOC-009,600,2026-10-27,2025-11-28,85.0,Available,0,
BATCH-10056,MED-002,LOC-004,600,2026-10-15,2026-04-13,68.0,Available,0,
BATCH-10057,MED-025,LOC-002,1200,2026-11-13,2026-05-16,78.0,Available,0,
BATCH-10058,MED-023,LOC-002,249,2026-11-13,2026-04-11,65.0,Available,0,
BATCH-10059,MED-003,LOC-010,816,2026-10-01,2026-02-09,18.2,Near Expiry,0,
BATCH-10060,MED-020,LOC-010,1200,2027-06-06,2025-11-30,26.0,Available,0,
BATCH-10061,MED-024,LOC-005,1200,2027-01-18,2025-12-23,82.0,Available,0,
BATCH-10062,MED-010,LOC-003,142,2026-10-23,2026-03-20,145.0,Available,0,
BATCH-10063,MED-005,LOC-002,1200,2026-12-03,2026-05-02,115.5,Available,0,
BATCH-10064,MED-009,LOC-003,600,2027-06-08,2026-04-22,76.0,Available,0,
BATCH-10065,MED-039,LOC-006,374,2026-10-08,2026-04-05,45.0,Available,0,
BATCH-10066,MED-035,LOC-009,600,2027-06-24,2026-06-21,112.0,Available,0,
BATCH-10067,MED-015,LOC-002,499,2026-09-18,2025-12-07,110.0,Near Expiry,0,
BATCH-10068,MED-009,LOC-002,229,2026-09-13,2026-04-11,76.0,Near Expiry,0,
BATCH-10069,MED-009,LOC-005,127,2026-11-06,2025-12-06,76.0,Available,0,
BATCH-10070,MED-016,LOC-004,1200,2027-01-07,2026-01-02,64.0,Available,0,
BATCH-10071,MED-010,LOC-007,189,2026-12-02,2026-03-26,145.0,Available,0,
BATCH-10072,MED-038,LOC-002,1200,2026-10-30,2025-12-02,38.0,Available,0,
BATCH-10073,MED-010,LOC-002,496,2026-10-11,2026-02-17,145.0,Available,0,
BATCH-10074,MED-031,LOC-003,600,2027-05-12,2026-03-14,290.0,Available,0,
BATCH-10075,MED-001,LOC-005,385,2026-09-19,2026-07-04,24.5,Available,0,
BATCH-10076,MED-026,LOC-007,166,2026-12-08,2026-03-18,168.0,Available,0,
BATCH-10077,MED-033,LOC-005,1200,2026-11-23,2025-11-16,105.0,Available,0,
BATCH-10078,MED-034,LOC-007,1200,2027-02-12,2026-01-03,28.0,Available,0,
BATCH-10079,MED-015,LOC-007,536,2026-10-05,2026-06-23,110.0,Near Expiry,0,
BATCH-10080,MED-026,LOC-007,556,2026-09-29,2026-05-24,168.0,Near Expiry,0,
BATCH-10081,MED-024,LOC-010,1200,2027-05-30,2026-07-05,82.0,Available,0,
BATCH-10082,MED-007,LOC-002,698,2026-09-18,2026-04-24,85.0,Near Expiry,0,
BATCH-10083,MED-003,LOC-004,1200,2026-10-29,2026-02-18,18.2,Available,0,
BATCH-10084,MED-031,LOC-001,121,2026-09-11,2026-07-10,290.0,Near Expiry,0,
BATCH-10085,MED-033,LOC-004,575,2026-10-23,2026-01-08,105.0,Available,0,
BATCH-10086,MED-022,LOC-007,26,2027-08-24,2026-06-17,58.0,Available,0,
BATCH-10087,MED-038,LOC-007,1200,2026-11-07,2025-12-06,38.0,Available,0,
BATCH-10088,MED-030,LOC-002,-28,2027-01-26,2026-01-10,140.0,Available,1,Negative stock quantity recorded
BATCH-10089,MED-011,LOC-009,107,2026-12-03,2026-02-07,480.0,Available,0,
BATCH-10090,MED-029,LOC-003,600,2026-10-22,2026-02-03,125.0,Available,0,
BATCH-10091,MED-025,LOC-004,44,2026-10-07,2026-06-03,78.0,Near Expiry,0,
BATCH-10092,MED-001,LOC-003,249,2027-05-17,2026-02-22,24.5,Available,0,
BATCH-10093,MED-006,LOC-008,332,2026-09-28,2026-04-28,42.0,Near Expiry,0,
BATCH-10094,MED-024,LOC-006,220,2026-09-23,2026-03-17,82.0,Near Expiry,0,
BATCH-10095,MED-017,LOC-008,1200,2026-11-14,2025-11-14,22.0,Available,0,
BATCH-10096,MED-003,LOC-006,53,2027-07-03,2026-03-30,18.2,Available,0,
BATCH-10097,MED-029,LOC-006,600,2026-11-29,2026-04-23,125.0,Available,0,
BATCH-10098,MED-017,LOC-001,600,2026-11-30,2026-06-28,22.0,Available,0,
BATCH-10099,MED-001,LOC-003,1200,2027-05-07,2026-04-07,24.5,Available,0,
BATCH-10100,MED-005,LOC-004,1200,2026-10-25,2026-01-22,115.5,Available,0,
BATCH-10101,MED-035,LOC-008,21,2026-09-23,2025-11-20,112.0,Near Expiry,0,
BATCH-10102,MED-026,LOC-006,141,2026-09-13,2026-02-08,168.0,Near Expiry,0,
BATCH-10103,MED-008,LOC-005,600,2026-10-28,2026-06-03,28.5,Available,0,
BATCH-10104,MED-037,LOC-001,600,2027-06-22,2026-06-27,25.0,Available,0,
BATCH-10105,MED-031,LOC-004,93,2026-09-17,2026-07-07,290.0,Near Expiry,0,
BATCH-10106,MED-012,LOC-002,204,2026-09-26,2026-04-27,52.0,Near Expiry,0,
BATCH-10107,MED-014,LOC-005,96,2026-09-19,2025-11-24,98.0,Near Expiry,0,
BATCH-10108,MED-011,LOC-004,138,2026-10-24,2026-03-11,480.0,Available,0,
BATCH-10109,MED-028,LOC-006,1200,2027-06-27,2025-12-14,15.0,Available,0,
BATCH-10110,MED-039,LOC-004,176,2026-09-16,2026-02-14,45.0,Near Expiry,0,
BATCH-10111,MED-021,LOC-001,600,2026-10-02,2026-03-07,54.0,Available,0,
BATCH-10112,MED-027,LOC-005,182,2026-11-10,2026-03-19,36.0,Available,0,
BATCH-10113,MED-029,LOC-010,185,2026-09-24,2026-05-25,125.0,Near Expiry,0,
BATCH-10114,MED-025,LOC-004,600,2026-10-17,2026-01-20,78.0,Available,0,
BATCH-10115,MED-002,LOC-005,600,2027-08-24,2025-12-15,68.0,Available,0,
BATCH-10116,MED-030,LOC-007,600,2026-10-22,2025-12-12,140.0,Available,0,
BATCH-10117,MED-008,LOC-003,600,2026-10-22,2026-05-28,28.5,Available,0,
BATCH-10118,MED-019,LOC-007,45,2026-12-02,2026-02-04,92.0,Available,0,
BATCH-10119,MED-006,LOC-002,342,2026-09-18,2026-03-29,42.0,Near Expiry,0,
BATCH-10120,MED-040,LOC-009,166,2026-10-02,2025-12-18,2200.0,Near Expiry,0,
BATCH-10121,MED-027,LOC-004,1200,2026-10-02,2026-06-13,36.0,Near Expiry,0,
BATCH-10122,MED-008,LOC-006,600,2027-08-04,2026-03-29,28.5,Available,0,
BATCH-10123,MED-026,LOC-001,1200,2027-04-03,2026-03-05,168.0,Available,1,Missing warehouse bin coordinate / location discrepancy
BATCH-10124,MED-017,LOC-005,1200,2027-07-10,2026-01-21,22.0,Available,0,
BATCH-10125,MED-027,LOC-001,173,2026-09-12,2025-12-09,36.0,Near Expiry,0,
BATCH-10126,MED-021,LOC-006,277,2026-10-06,2026-05-12,54.0,Available,0,
BATCH-10127,MED-026,LOC-001,600,2027-07-17,2026-06-10,168.0,Available,0,
BATCH-10128,MED-026,LOC-006,1200,2026-11-23,2026-05-14,168.0,Available,0,
BATCH-10129,MED-033,LOC-002,600,2026-12-05,2026-04-03,105.0,Available,0,
BATCH-10130,MED-036,LOC-003,1200,2027-03-24,2026-06-19,135.0,Available,0,
BATCH-10131,MED-038,LOC-003,111,2026-09-16,2026-02-23,38.0,Near Expiry,0,
BATCH-10132,MED-009,LOC-008,1200,2026-12-04,2026-04-12,76.0,Available,0,
BATCH-10133,MED-015,LOC-005,188,2026-09-25,2025-12-18,110.0,Near Expiry,0,
BATCH-10134,MED-004,LOC-005,48,2026-09-22,2026-01-30,32.0,Near Expiry,0,
BATCH-10135,MED-030,LOC-010,674,2026-09-22,2025-11-25,140.0,Near Expiry,0,
BATCH-10136,MED-024,LOC-004,1200,2026-10-26,2025-12-21,82.0,Available,0,
BATCH-10137,MED-005,LOC-004,1200,2026-11-22,2025-11-27,115.5,Available,0,
BATCH-10138,MED-011,LOC-003,374,2026-11-08,2026-05-28,480.0,Available,0,
BATCH-10139,MED-008,LOC-006,600,2027-08-14,2026-02-05,28.5,Available,0,
BATCH-10140,MED-017,LOC-002,144,2026-09-18,2026-03-02,22.0,Near Expiry,0,
BATCH-10141,MED-008,LOC-004,44,2026-09-12,2026-01-07,28.5,Near Expiry,0,
BATCH-10142,MED-013,LOC-002,1200,2026-10-28,2026-01-27,72.0,Available,0,
BATCH-10143,MED-032,LOC-007,1200,2026-11-22,2025-11-18,420.0,Available,0,
BATCH-10144,MED-018,LOC-007,1200,2026-10-06,2025-12-21,45.0,Near Expiry,0,
BATCH-10145,MED-028,LOC-008,600,2026-11-03,2026-05-04,15.0,Available,0,
BATCH-10146,MED-028,LOC-004,600,2026-11-21,2025-11-25,15.0,Available,0,
BATCH-10147,MED-003,LOC-009,155,2026-10-24,2026-04-28,18.2,Available,0,
BATCH-10148,MED-023,LOC-007,20,2026-09-12,2026-03-25,65.0,Near Expiry,0,
BATCH-10149,MED-024,LOC-006,74,2026-09-28,2026-04-22,82.0,Near Expiry,0,
BATCH-10150,MED-030,LOC-010,1200,2027-04-08,2026-02-19,140.0,Available,0,
BATCH-10151,MED-014,LOC-009,191,2026-10-05,2026-02-07,98.0,Near Expiry,0,
BATCH-10152,MED-005,LOC-010,600,2027-07-13,2026-01-19,115.5,Available,0,
BATCH-10153,MED-013,LOC-001,600,2027-08-22,2026-07-01,72.0,Available,0,
BATCH-10154,MED-011,LOC-010,212,2026-10-23,2026-05-13,480.0,Available,0,
BATCH-10155,MED-037,LOC-001,600,2027-05-04,2026-06-09,25.0,Available,0,
BATCH-10156,MED-034,LOC-001,126,2026-10-11,2026-06-25,28.0,Available,0,
BATCH-10157,MED-020,LOC-005,1200,2026-10-22,2026-04-01,26.0,Available,0,
BATCH-10158,MED-032,LOC-010,48,2026-09-13,2026-01-15,420.0,Near Expiry,0,
BATCH-10159,MED-008,LOC-006,1200,2027-01-31,2026-07-05,28.5,Available,0,
BATCH-10160,MED-009,LOC-002,1200,2027-07-21,2026-05-16,76.0,Available,0,
BATCH-10161,MED-024,LOC-009,600,2027-01-05,2026-05-07,82.0,Available,0,
BATCH-10162,MED-020,LOC-002,600,2026-11-02,2026-02-06,26.0,Available,0,
BATCH-10163,MED-009,LOC-010,247,2026-10-15,2026-04-22,76.0,Available,0,
BATCH-10164,MED-027,LOC-008,1200,2026-11-26,2026-02-27,36.0,Available,0,
BATCH-10165,MED-032,LOC-005,1200,2026-11-03,2026-03-11,420.0,Available,0,
BATCH-10166,MED-019,LOC-002,1200,2026-11-06,2025-12-01,92.0,Available,0,
BATCH-10167,MED-014,LOC-002,316,2026-09-14,2026-06-27,98.0,Near Expiry,0,
BATCH-10168,MED-030,LOC-007,351,2026-09-21,2025-12-16,140.0,Near Expiry,0,
BATCH-10169,MED-020,LOC-008,1200,2026-12-07,2026-03-05,26.0,Available,0,
BATCH-10170,MED-024,LOC-007,600,2027-08-29,2026-05-22,82.0,Available,0,
BATCH-10171,MED-011,LOC-005,600,2027-01-31,2026-06-05,480.0,Available,0,
BATCH-10172,MED-002,LOC-008,144,2026-09-18,2026-02-27,68.0,Near Expiry,0,
BATCH-10173,MED-006,LOC-006,164,2026-10-15,2026-04-02,42.0,Available,0,
BATCH-10174,MED-018,LOC-006,271,2026-10-08,2025-11-17,45.0,Near Expiry,0,
BATCH-10175,MED-039,LOC-005,600,2026-11-25,2026-03-02,45.0,Available,0,
BATCH-10176,MED-008,LOC-004,515,2026-09-19,2026-05-12,28.5,Near Expiry,0,
BATCH-10177,MED-015,LOC-010,600,2026-11-22,2026-04-03,110.0,Available,0,
BATCH-10178,MED-018,LOC-008,102,2026-09-24,2026-04-30,45.0,Near Expiry,0,
BATCH-10179,MED-012,LOC-009,1200,2027-08-11,2026-01-04,52.0,Available,0,
BATCH-10180,MED-016,LOC-003,1200,2026-10-13,2026-05-31,64.0,Available,0,
BATCH-10181,MED-010,LOC-001,1200,2026-11-23,2026-04-18,145.0,Available,0,
BATCH-10182,MED-005,LOC-003,169,2026-12-07,2026-07-10,115.5,Available,0,
BATCH-10183,MED-001,LOC-008,1200,2027-08-08,2026-06-14,24.5,Available,0,
BATCH-10184,MED-019,LOC-004,1200,2026-11-15,2025-12-31,92.0,Available,0,
BATCH-10185,MED-020,LOC-006,520,2026-11-03,2026-04-14,26.0,Available,0,
BATCH-10186,MED-024,LOC-008,218,2026-09-13,2026-04-26,82.0,Near Expiry,0,
BATCH-10187,MED-039,LOC-008,1200,2026-10-09,2026-01-30,45.0,Near Expiry,0,
BATCH-10188,MED-015,LOC-003,600,2026-10-11,2026-05-11,110.0,Available,0,
BATCH-10189,MED-014,LOC-002,600,2026-09-30,2026-05-03,98.0,Near Expiry,0,
BATCH-10190,MED-029,LOC-009,600,2026-10-09,2026-04-19,125.0,Near Expiry,0,
BATCH-10191,MED-020,LOC-004,220,2026-09-15,2026-01-14,26.0,Near Expiry,0,
BATCH-10192,MED-028,LOC-008,1200,2026-12-05,2025-12-22,15.0,Available,0,
BATCH-10193,MED-001,LOC-008,600,2027-02-23,2026-03-15,24.5,Available,0,
BATCH-10194,MED-036,LOC-003,600,2026-10-20,2026-06-26,135.0,Available,0,
BATCH-10195,MED-019,LOC-010,32,2026-10-03,2026-03-24,92.0,Near Expiry,0,
BATCH-10196,MED-017,LOC-003,600,2026-10-20,2025-12-23,22.0,Available,0,
BATCH-10197,MED-010,LOC-002,1200,2026-11-14,2026-01-06,145.0,Available,0,
BATCH-10198,MED-006,LOC-005,395,2026-10-03,2026-05-10,42.0,Available,0,
BATCH-10199,MED-007,LOC-005,600,2027-05-18,2026-05-29,85.0,Available,1,Missing warehouse bin coordinate / location discrepancy
BATCH-10200,MED-038,LOC-003,1200,2026-11-16,2026-05-09,38.0,Available,0,
BATCH-10201,MED-020,LOC-005,600,2026-10-06,2026-03-16,26.0,Available,0,
BATCH-10202,MED-028,LOC-002,139,2026-10-02,2026-03-06,15.0,Near Expiry,0,
BATCH-10203,MED-023,LOC-007,1200,2026-10-24,2026-03-16,65.0,Available,0,
BATCH-10204,MED-027,LOC-002,1200,2027-05-13,2025-12-23,36.0,Available,0,
BATCH-10205,MED-009,LOC-010,1200,2026-11-28,2025-11-30,76.0,Available,0,
BATCH-10206,MED-026,LOC-003,137,2026-10-11,2026-03-16,168.0,Available,0,
BATCH-10207,MED-004,LOC-002,602,2026-09-17,2026-01-27,32.0,Near Expiry,0,
BATCH-10208,MED-019,LOC-010,1200,2026-10-21,2025-12-03,92.0,Available,0,
BATCH-10209,MED-033,LOC-001,54,2026-11-26,2026-06-06,105.0,Available,0,
BATCH-10210,MED-015,LOC-003,600,2026-10-20,2026-01-09,110.0,Available,0,
BATCH-10211,MED-013,LOC-002,27,2026-09-12,2026-06-12,72.0,Near Expiry,0,
BATCH-10212,MED-002,LOC-009,1200,2026-10-12,2025-11-17,68.0,Available,0,
BATCH-10213,MED-012,LOC-004,600,2027-04-22,2025-12-14,52.0,Available,0,
BATCH-10214,MED-008,LOC-007,235,2026-09-18,2025-12-15,28.5,Near Expiry,0,
BATCH-10215,MED-035,LOC-004,146,2026-10-20,2026-04-29,112.0,Available,0,
BATCH-10216,MED-024,LOC-005,1200,2026-11-02,2025-12-20,82.0,Available,0,
BATCH-10217,MED-028,LOC-003,106,2026-09-14,2026-06-12,15.0,Near Expiry,0,
BATCH-10218,MED-040,LOC-008,90,2026-09-13,2026-06-07,2200.0,Near Expiry,0,
BATCH-10219,MED-001,LOC-003,600,2026-11-07,2025-12-04,24.5,Available,0,
BATCH-10220,MED-025,LOC-009,106,2026-09-16,2026-06-04,78.0,Near Expiry,0,
BATCH-10221,MED-030,LOC-003,1200,2026-11-04,2026-01-25,140.0,Available,0,
BATCH-10222,MED-031,LOC-007,600,2027-03-12,2026-02-15,290.0,Available,0,
BATCH-10223,MED-017,LOC-003,1200,2026-11-28,2026-02-14,22.0,Available,0,
BATCH-10224,MED-026,LOC-002,158,2026-09-17,2026-01-06,168.0,Near Expiry,0,
BATCH-10225,MED-007,LOC-008,226,2027-08-10,2026-04-21,85.0,Available,0,
BATCH-10226,MED-016,LOC-002,127,2027-03-09,2026-01-07,64.0,Available,0,
BATCH-10227,MED-005,LOC-001,600,2026-11-13,2026-07-03,115.5,Available,0,
BATCH-10228,MED-039,LOC-001,600,2027-05-23,2026-06-15,45.0,Available,0,
BATCH-10229,MED-037,LOC-009,555,2026-09-26,2026-01-20,25.0,Near Expiry,0,
BATCH-10230,MED-011,LOC-007,600,2027-03-18,2026-06-20,480.0,Available,0,
BATCH-10231,MED-014,LOC-001,600,2026-12-12,2026-04-11,98.0,Available,0,
BATCH-10232,MED-022,LOC-003,600,2026-12-09,2026-01-07,58.0,Available,0,
BATCH-10233,MED-037,LOC-008,225,2026-11-21,2026-02-04,25.0,Available,0,
BATCH-10234,MED-005,LOC-008,1200,2026-10-23,2025-12-01,115.5,Available,0,
BATCH-10235,MED-034,LOC-005,600,2026-10-03,2026-02-09,28.0,Near Expiry,0,
BATCH-10236,MED-019,LOC-005,600,2026-10-22,2026-06-25,92.0,Available,0,
BATCH-10237,MED-035,LOC-010,146,2026-10-27,2025-11-16,112.0,Available,0,
BATCH-10238,MED-035,LOC-002,195,2026-12-09,2025-11-20,112.0,Available,0,
BATCH-10239,MED-027,LOC-005,382,2026-09-19,2026-02-22,36.0,Near Expiry,0,
BATCH-10240,MED-004,LOC-004,215,2026-12-05,2026-02-18,32.0,Available,0,
BATCH-10241,MED-003,LOC-006,247,2027-07-11,2026-02-09,18.2,Available,0,
BATCH-10242,MED-036,LOC-008,1200,2027-04-27,2026-01-08,135.0,Available,0,
BATCH-10243,MED-033,LOC-004,1200,2026-11-23,2026-03-12,105.0,Available,0,
BATCH-10244,MED-015,LOC-001,600,2026-12-23,2025-12-26,110.0,Available,0,
BATCH-10245,MED-025,LOC-001,600,2026-11-11,2026-04-04,78.0,Available,0,
BATCH-10246,MED-028,LOC-009,367,2026-10-02,2026-02-05,15.0,Near Expiry,0,
BATCH-10247,MED-028,LOC-001,226,2026-09-20,2026-05-15,15.0,Near Expiry,0,
BATCH-10248,MED-035,LOC-010,20,2026-09-17,2026-07-09,112.0,Near Expiry,0,
BATCH-10249,MED-004,LOC-003,1200,2026-10-20,2026-07-01,32.0,Available,0,
BATCH-10250,MED-016,LOC-005,600,2026-09-30,2026-06-11,64.0,Reserved,1,Stock flagged Available in ERP but marked Reserved in WMS
BATCH-10251,MED-014,LOC-008,133,2026-12-06,2026-04-12,98.0,Available,0,
BATCH-10252,MED-020,LOC-006,600,2027-05-08,2025-12-02,26.0,Available,0,
BATCH-10253,MED-035,LOC-009,39,2026-09-29,2026-01-13,112.0,Available,0,
BATCH-10254,MED-009,LOC-009,29,2026-10-05,2026-04-08,76.0,Near Expiry,0,
BATCH-10255,MED-016,LOC-008,1200,2026-11-24,2026-06-13,64.0,Available,0,
BATCH-10256,MED-018,LOC-005,600,2026-11-19,2025-12-13,45.0,Available,0,
BATCH-10257,MED-025,LOC-008,46,2026-09-14,2026-04-05,78.0,Near Expiry,0,
BATCH-10258,MED-028,LOC-009,43,2026-09-13,2026-07-04,15.0,Near Expiry,0,
BATCH-10259,MED-039,LOC-006,600,2027-04-23,2025-12-17,45.0,Available,0,
BATCH-10260,MED-040,LOC-007,1151,2027-01-08,2025-12-18,2200.0,Available,0,
BATCH-10261,MED-019,LOC-009,600,2026-10-29,2026-01-09,92.0,Available,0,
BATCH-10262,MED-025,LOC-008,600,2027-04-10,2026-06-09,78.0,Available,0,
BATCH-10263,MED-018,LOC-002,600,2027-05-10,2026-04-17,45.0,Available,0,
BATCH-10264,MED-018,LOC-005,1200,2026-12-16,2026-06-11,45.0,Available,0,
BATCH-10265,MED-017,LOC-003,1200,2026-10-11,2026-03-22,22.0,Available,0,
BATCH-10266,MED-023,LOC-008,349,2026-11-27,2026-05-18,65.0,Available,0,
BATCH-10267,MED-040,LOC-009,338,2026-10-13,2026-03-22,2200.0,Available,0,
BATCH-10268,MED-018,LOC-005,600,2027-02-13,2026-05-15,45.0,Available,0,
BATCH-10269,MED-004,LOC-004,208,2026-09-19,2026-03-05,32.0,Near Expiry,0,
BATCH-10270,MED-015,LOC-001,1200,2027-04-21,2026-05-08,110.0,Available,0,
BATCH-10271,MED-023,LOC-009,1200,2026-11-29,2026-05-13,65.0,Available,0,
BATCH-10272,MED-029,LOC-002,1200,2026-11-17,2026-05-21,125.0,Available,0,
BATCH-10273,MED-027,LOC-002,1200,2026-12-08,2026-05-01,36.0,Available,0,
BATCH-10274,MED-024,LOC-006,600,2027-06-19,2026-03-14,82.0,Available,0,
BATCH-10275,MED-024,LOC-001,496,2026-10-15,2025-11-21,82.0,Available,0,
BATCH-10276,MED-021,LOC-009,75,2026-12-03,2026-03-04,54.0,Available,0,
BATCH-10277,MED-025,LOC-010,40,2026-09-16,2026-06-04,78.0,Near Expiry,0,
BATCH-10278,MED-005,LOC-004,600,2026-11-28,2026-02-01,115.5,Available,0,
BATCH-10279,MED-034,LOC-001,600,2026-12-01,2026-02-28,28.0,Available,0,
BATCH-10280,MED-037,LOC-005,79,2027-05-27,2026-05-11,25.0,Available,0,
BATCH-10281,MED-030,LOC-006,1200,2027-02-07,2026-01-16,140.0,Available,0,
BATCH-10282,MED-027,LOC-006,217,2026-09-15,2026-03-05,36.0,Near Expiry,0,
BATCH-10283,MED-031,LOC-010,349,2026-10-01,2025-12-13,290.0,Near Expiry,0,
BATCH-10284,MED-027,LOC-010,600,2026-11-29,2026-05-07,36.0,Available,0,
BATCH-10285,MED-027,LOC-007,70,2026-11-14,2026-02-15,36.0,Available,0,
BATCH-10286,MED-012,LOC-008,210,2026-09-11,2025-12-29,52.0,Near Expiry,0,
BATCH-10287,MED-007,LOC-003,53,2027-07-18,2026-07-06,85.0,Available,0,
BATCH-10288,MED-033,LOC-009,1200,2027-07-14,2026-04-13,105.0,Available,0,
BATCH-10289,MED-016,LOC-005,1200,2026-09-28,2026-02-05,64.0,Near Expiry,0,
BATCH-10290,MED-005,LOC-006,94,2027-07-07,2026-02-01,115.5,Available,0,
BATCH-10291,MED-031,LOC-003,150,2026-12-03,2025-12-28,290.0,Available,0,
BATCH-10292,MED-006,LOC-003,600,2027-06-17,2026-01-21,42.0,Available,0,
BATCH-10293,MED-033,LOC-010,1200,2026-11-04,2026-06-18,105.0,Available,0,
BATCH-10294,MED-004,LOC-010,93,2026-11-26,2026-02-14,32.0,Available,0,
BATCH-10295,MED-021,LOC-007,1200,2026-10-16,2026-06-06,54.0,Available,0,
BATCH-10296,MED-014,LOC-007,600,2026-11-28,2025-11-29,98.0,Available,0,
BATCH-10297,MED-008,LOC-005,600,2026-10-25,2026-05-16,28.5,Available,0,
BATCH-10298,MED-039,LOC-002,1200,2027-05-01,2026-06-06,45.0,Available,0,
BATCH-10299,MED-033,LOC-003,20,2026-09-11,2026-02-24,105.0,Near Expiry,0,
BATCH-10300,MED-002,LOC-006,95,2026-10-06,2026-03-21,68.0,Near Expiry,0,
BATCH-10301,MED-008,LOC-002,1200,2026-10-24,2026-03-08,28.5,Available,0,
BATCH-10302,MED-018,LOC-002,103,2027-01-19,2026-01-03,45.0,Available,0,
BATCH-10303,MED-011,LOC-009,142,2026-10-25,2026-02-01,480.0,Available,0,
BATCH-10304,MED-021,LOC-001,600,2026-11-09,2026-01-13,54.0,Available,0,
BATCH-10305,MED-003,LOC-001,600,2026-10-29,2026-04-07,18.2,Available,0,
BATCH-10306,MED-031,LOC-003,600,2026-10-16,2026-01-06,290.0,Available,0,
BATCH-10307,MED-006,LOC-009,600,2027-03-29,2026-07-12,42.0,Available,0,
BATCH-10308,MED-012,LOC-001,600,2026-10-19,2026-02-05,52.0,Available,0,
BATCH-10309,MED-031,LOC-009,1200,2026-11-15,2025-11-30,290.0,Available,0,
BATCH-10310,MED-019,LOC-008,600,2026-11-30,2026-04-03,92.0,Reserved,1,Stock flagged Available in ERP but marked Reserved in WMS
BATCH-10311,MED-015,LOC-002,600,2027-05-06,2026-03-27,110.0,Available,0,
BATCH-10312,MED-008,LOC-003,1200,2026-10-21,2026-01-24,28.5,Available,0,
BATCH-10313,MED-009,LOC-008,600,2027-08-17,2026-02-09,76.0,Available,0,
BATCH-10314,MED-033,LOC-004,600,2027-07-07,2026-06-27,105.0,Available,0,
BATCH-10315,MED-027,LOC-007,1200,2027-07-15,2026-04-01,36.0,Available,0,
BATCH-10316,MED-032,LOC-004,1200,2026-11-06,2026-07-01,420.0,Available,0,
BATCH-10317,MED-037,LOC-003,1200,2026-12-04,2026-02-02,25.0,Available,0,
BATCH-10318,MED-040,LOC-006,141,2026-10-05,2026-01-09,2200.0,Near Expiry,0,
BATCH-10319,MED-022,LOC-006,1200,2027-01-11,2026-01-26,58.0,Available,0,
BATCH-10320,MED-035,LOC-004,600,2027-09-10,2026-04-02,112.0,Available,0,
BATCH-10321,MED-024,LOC-006,569,2026-10-28,2026-01-06,82.0,Available,0,
BATCH-10322,MED-002,LOC-009,1200,2026-09-30,2026-07-02,68.0,Near Expiry,0,
BATCH-10323,MED-015,LOC-004,126,2026-09-16,2026-06-11,110.0,Near Expiry,0,
BATCH-10324,MED-018,LOC-002,25,2026-09-15,2026-01-09,45.0,Near Expiry,0,
BATCH-10325,MED-001,LOC-009,69,2026-11-14,2026-06-18,24.5,Available,0,
BATCH-10326,MED-039,LOC-005,600,2027-07-15,2026-03-03,45.0,Available,0,
BATCH-10327,MED-007,LOC-005,1200,2027-08-08,2026-04-07,85.0,Available,0,
BATCH-10328,MED-027,LOC-009,600,2026-10-20,2025-11-22,36.0,Available,0,
BATCH-10329,MED-032,LOC-007,1200,2027-02-03,2026-03-19,420.0,Available,0,
BATCH-10330,MED-026,LOC-004,1200,2026-10-26,2026-02-18,168.0,Available,0,
BATCH-10331,MED-010,LOC-002,165,2026-09-23,2026-03-09,145.0,Near Expiry,0,
BATCH-10332,MED-031,LOC-009,1200,2026-11-28,2025-12-30,290.0,Available,0,
BATCH-10333,MED-017,LOC-007,1200,2026-10-21,2025-12-11,22.0,Available,0,
BATCH-10334,MED-037,LOC-010,223,2026-10-11,2026-05-05,25.0,Available,0,
BATCH-10335,MED-032,LOC-009,1200,2026-11-30,2026-05-13,420.0,Available,0,
BATCH-10336,MED-033,LOC-009,1200,2027-01-20,2025-11-19,105.0,Available,0,
BATCH-10337,MED-025,LOC-003,600,2027-03-02,2026-03-01,78.0,Available,0,
BATCH-10338,MED-008,LOC-001,600,2027-08-20,2026-05-30,28.5,Available,0,
BATCH-10339,MED-036,LOC-007,600,2026-10-20,2026-06-12,135.0,Available,0,
BATCH-10340,MED-018,LOC-009,600,2026-11-08,2026-04-08,45.0,Available,0,
BATCH-10341,MED-014,LOC-010,600,2027-06-18,2026-03-02,98.0,Available,0,
BATCH-10342,MED-022,LOC-003,1200,2026-10-10,2026-07-10,58.0,Available,0,
BATCH-10343,MED-031,LOC-002,600,2026-12-12,2026-04-24,290.0,Available,0,
BATCH-10344,MED-030,LOC-006,1200,2026-10-07,2026-06-02,140.0,Near Expiry,0,
BATCH-10345,MED-015,LOC-006,1200,2026-12-09,2026-05-24,110.0,Available,0,
BATCH-10346,MED-028,LOC-010,163,2026-11-21,2026-02-03,15.0,Available,0,
BATCH-10347,MED-035,LOC-004,50,2026-09-01,2026-05-02,112.0,Expired,0,
BATCH-10348,MED-009,LOC-009,1200,2026-12-04,2026-04-05,76.0,Available,0,
BATCH-10349,MED-038,LOC-010,600,2026-11-05,2026-01-05,38.0,Available,0,
BATCH-10350,MED-011,LOC-001,600,2027-03-30,2026-06-19,480.0,Available,0,
BATCH-10351,MED-031,LOC-001,1200,2026-11-08,2026-06-29,290.0,Available,0,
BATCH-10352,MED-028,LOC-008,1200,2026-10-27,2025-12-30,15.0,Available,0,
BATCH-10353,MED-025,LOC-007,600,2026-11-21,2026-04-24,78.0,Available,0,
BATCH-10354,MED-039,LOC-004,1200,2027-05-01,2026-01-11,45.0,Available,0,
BATCH-10355,MED-029,LOC-008,1200,2026-11-18,2026-01-18,125.0,Available,0,
BATCH-10356,MED-023,LOC-003,49,2026-09-13,2025-12-06,65.0,Near Expiry,0,
BATCH-10357,MED-014,LOC-010,1200,2026-12-09,2025-11-14,98.0,Available,0,
BATCH-10358,MED-001,LOC-004,1200,2026-10-27,2026-05-24,24.5,Available,0,
BATCH-10359,MED-007,LOC-006,1200,2027-08-24,2025-11-19,85.0,Available,0,
BATCH-10360,MED-018,LOC-008,1200,2026-11-02,2026-01-13,45.0,Available,0,
BATCH-10361,MED-037,LOC-001,600,2027-08-08,2026-02-07,25.0,Available,0,
BATCH-10362,MED-035,LOC-002,50,2026-09-11,2026-01-11,112.0,Near Expiry,0,
BATCH-10363,MED-009,LOC-002,1200,2026-11-07,2026-06-12,76.0,Available,0,
BATCH-10364,MED-004,LOC-006,1200,2026-10-05,2025-12-06,32.0,Near Expiry,0,
BATCH-10365,MED-002,LOC-006,170,2027-05-21,2025-11-25,68.0,Available,0,
BATCH-10366,MED-024,LOC-009,43,2026-09-16,2026-03-31,82.0,Near Expiry,0,
BATCH-10367,MED-013,LOC-009,998,2026-09-26,2026-03-21,72.0,Near Expiry,0,
BATCH-10368,MED-033,LOC-007,77,2026-09-18,2026-02-19,105.0,Near Expiry,0,
BATCH-10369,MED-006,LOC-010,600,2027-01-24,2026-06-13,42.0,Available,0,
BATCH-10370,MED-021,LOC-010,1200,2026-11-10,2025-12-28,54.0,Available,0,
BATCH-10371,MED-024,LOC-008,68,2026-09-25,2026-01-19,82.0,Near Expiry,0,
BATCH-10372,MED-009,LOC-005,868,2026-09-16,2026-04-30,76.0,Near Expiry,0,
BATCH-10373,MED-021,LOC-007,464,2026-09-24,2026-05-22,54.0,Near Expiry,0,
BATCH-10374,MED-029,LOC-005,432,2026-09-29,2026-04-14,125.0,Near Expiry,0,
BATCH-10375,MED-011,LOC-001,600,2027-06-25,2026-06-03,480.0,Available,0,
BATCH-10376,MED-023,LOC-005,43,2026-10-10,2026-02-21,65.0,Available,0,
BATCH-10377,MED-033,LOC-004,1195,2026-10-25,2026-05-07,105.0,Available,0,
BATCH-10378,MED-012,LOC-008,203,2026-10-06,2026-02-18,52.0,Near Expiry,0,
BATCH-10379,MED-007,LOC-006,600,2026-12-14,2026-06-02,85.0,Available,0,
BATCH-10380,MED-007,LOC-003,600,2027-05-15,2026-06-01,85.0,Available,0,
BATCH-10381,MED-040,LOC-008,173,2026-12-02,2026-03-23,2200.0,Available,0,
BATCH-10382,MED-024,LOC-010,1200,2026-11-01,2026-04-01,82.0,Available,0,
BATCH-10383,MED-015,LOC-009,486,2026-10-01,2026-02-15,110.0,Near Expiry,0,
BATCH-10384,MED-020,LOC-010,600,2027-09-04,2026-05-23,26.0,Available,0,
BATCH-10385,MED-022,LOC-001,137,2027-05-17,2025-12-22,58.0,Available,0,
BATCH-10386,MED-026,LOC-003,1200,2026-11-01,2026-06-05,168.0,Available,0,
BATCH-10387,MED-020,LOC-002,768,2026-09-24,2026-01-08,26.0,Near Expiry,0,
BATCH-10388,MED-024,LOC-001,600,2026-10-22,2026-06-17,82.0,Available,0,
BATCH-10389,MED-031,LOC-007,600,2027-04-13,2025-12-29,290.0,Available,0,
BATCH-10390,MED-009,LOC-007,172,2027-05-03,2025-12-15,76.0,Available,0,
BATCH-10391,MED-026,LOC-009,38,2026-09-14,2026-01-22,168.0,Near Expiry,0,
BATCH-10392,MED-039,LOC-003,1200,2027-06-16,2026-04-11,45.0,Available,0,
BATCH-10393,MED-040,LOC-010,1200,2027-01-18,2026-01-28,2200.0,Available,0,
BATCH-10394,MED-003,LOC-004,330,2026-10-13,2026-04-17,18.2,Available,0,
BATCH-10395,MED-020,LOC-007,1200,2026-11-25,2026-07-04,26.0,Available,0,
BATCH-10396,MED-012,LOC-003,1200,2026-10-27,2025-12-11,52.0,Available,0,
BATCH-10397,MED-023,LOC-002,559,2026-11-22,2025-12-19,65.0,Available,0,
BATCH-10398,MED-033,LOC-007,531,2026-11-10,2026-03-10,105.0,Available,0,
BATCH-10399,MED-004,LOC-005,1200,2026-11-03,2026-01-31,32.0,Available,0,
BATCH-10400,MED-029,LOC-009,1200,2026-10-26,2026-01-11,125.0,Available,0,
BATCH-10401,MED-024,LOC-002,40,2027-07-15,2026-02-26,82.0,Available,0,
BATCH-10402,MED-010,LOC-001,600,2026-11-09,2026-01-12,145.0,Available,0,
BATCH-10403,MED-030,LOC-007,226,2026-09-13,2026-07-02,140.0,Near Expiry,0,
BATCH-10404,MED-024,LOC-001,600,2027-06-17,2026-05-09,82.0,Available,0,
BATCH-10405,MED-002,LOC-009,600,2026-10-20,2026-04-12,68.0,Available,0,
BATCH-10406,MED-003,LOC-010,269,2026-09-19,2026-04-02,18.2,Near Expiry,0,
BATCH-10407,MED-007,LOC-003,600,2026-11-30,2026-03-08,85.0,Available,0,
BATCH-10408,MED-040,LOC-004,600,2027-09-04,2026-02-17,2200.0,Available,0,
BATCH-10409,MED-010,LOC-010,106,2027-01-30,2026-04-06,145.0,Available,0,
BATCH-10410,MED-020,LOC-007,1200,2026-10-16,2026-01-02,26.0,Available,0,
BATCH-10411,MED-006,LOC-007,1200,2027-03-18,2026-02-16,42.0,Available,0,
BATCH-10412,MED-033,LOC-009,600,2027-04-13,2026-01-16,105.0,Available,0,
BATCH-10413,MED-028,LOC-005,600,2027-03-15,2026-05-03,15.0,Available,0,
BATCH-10414,MED-012,LOC-005,1200,2026-10-24,2026-05-20,52.0,Available,0,
BATCH-10415,MED-009,LOC-005,600,2026-10-30,2025-12-22,76.0,Available,0,
BATCH-10416,MED-002,LOC-006,384,2026-10-07,2026-01-11,68.0,Near Expiry,0,
BATCH-10417,MED-039,LOC-006,600,2026-11-25,2025-11-16,45.0,Available,0,
BATCH-10418,MED-029,LOC-003,1200,2026-11-03,2026-03-07,125.0,Available,0,
BATCH-10419,MED-025,LOC-005,600,2026-11-01,2025-12-06,78.0,Available,0,
BATCH-10420,MED-023,LOC-002,-29,2026-10-04,2026-04-29,65.0,Near Expiry,1,Negative stock quantity recorded
BATCH-10421,MED-040,LOC-010,101,2026-09-29,2026-03-28,2200.0,Near Expiry,0,
BATCH-10422,MED-036,LOC-008,600,2027-06-20,2025-11-19,135.0,Available,0,
BATCH-10423,MED-008,LOC-002,600,2026-10-17,2026-06-14,28.5,Available,0,
BATCH-10424,MED-026,LOC-009,570,2026-11-04,2026-05-18,168.0,Available,0,
BATCH-10425,MED-024,LOC-002,600,2026-12-01,2026-01-31,82.0,Available,0,
BATCH-10426,MED-026,LOC-004,135,2027-08-20,2025-12-31,168.0,Available,0,
BATCH-10427,MED-011,LOC-003,187,2026-10-11,2026-02-26,480.0,Available,0,
BATCH-10428,MED-012,LOC-002,600,2026-10-31,2026-03-27,52.0,Available,0,
BATCH-10429,MED-040,LOC-004,25,2026-10-07,2026-06-22,2200.0,Near Expiry,0,
BATCH-10430,MED-021,LOC-010,600,2026-10-29,2026-02-02,54.0,Available,0,
BATCH-10431,MED-039,LOC-007,600,2026-12-07,2026-05-24,45.0,Available,0,
BATCH-10432,MED-016,LOC-003,1200,2026-11-02,2025-11-19,64.0,Available,0,
BATCH-10433,MED-005,LOC-001,223,2026-10-02,2026-01-18,115.5,Near Expiry,0,
BATCH-10434,MED-012,LOC-008,600,2026-11-13,2025-12-19,52.0,Available,0,
BATCH-10435,MED-011,LOC-004,125,2026-10-13,2026-07-11,480.0,Available,0,
BATCH-10436,MED-034,LOC-008,600,2027-01-15,2025-12-24,28.0,Available,0,
BATCH-10437,MED-008,LOC-010,1200,2026-11-27,2026-01-11,28.5,Available,0,
BATCH-10438,MED-004,LOC-005,181,2026-12-30,2026-04-10,32.0,Available,0,
BATCH-10439,MED-029,LOC-007,168,2027-02-01,2026-06-05,125.0,Available,0,
BATCH-10440,MED-008,LOC-003,1200,2026-11-01,2026-04-17,28.5,Available,0,
BATCH-10441,MED-031,LOC-004,600,2026-10-21,2026-01-29,290.0,Available,0,
BATCH-10442,MED-016,LOC-005,1200,2026-11-02,2026-03-21,64.0,Available,0,
BATCH-10443,MED-017,LOC-010,1200,2026-10-12,2025-12-30,22.0,Available,0,
BATCH-10444,MED-002,LOC-004,1200,2027-06-13,2026-01-11,68.0,Available,0,
BATCH-10445,MED-011,LOC-010,398,2026-11-25,2026-01-11,480.0,Available,0,
BATCH-10446,MED-009,LOC-003,1200,2026-12-07,2026-04-05,76.0,Available,0,
BATCH-10447,MED-014,LOC-010,1200,2026-10-29,2026-07-09,98.0,Available,0,
BATCH-10448,MED-034,LOC-007,600,2026-11-08,2026-05-30,28.0,Available,0,
BATCH-10449,MED-033,LOC-006,557,2026-11-22,2025-12-03,105.0,Available,0,
BATCH-10450,MED-031,LOC-003,600,2026-10-23,2026-07-09,290.0,Available,0,
BATCH-10451,MED-014,LOC-004,1187,2026-10-07,2025-12-22,98.0,Near Expiry,0,
BATCH-10452,MED-032,LOC-008,1200,2026-11-30,2025-11-22,420.0,Available,0,
BATCH-10453,MED-034,LOC-004,1200,2027-06-14,2026-01-23,28.0,Available,0,
BATCH-10454,MED-022,LOC-009,86,2026-09-15,2026-02-26,58.0,Near Expiry,0,
BATCH-10455,MED-004,LOC-008,1200,2026-11-17,2026-05-11,32.0,Available,0,
BATCH-10456,MED-016,LOC-004,1200,2026-11-24,2026-05-28,64.0,Available,0,
BATCH-10457,MED-036,LOC-005,1200,2026-09-24,2025-11-20,135.0,Near Expiry,0,
BATCH-10458,MED-034,LOC-005,61,2026-09-12,2025-12-30,28.0,Near Expiry,0,
BATCH-10459,MED-004,LOC-006,600,2027-01-16,2026-05-23,32.0,Available,0,
BATCH-10460,MED-007,LOC-009,1200,2026-11-29,2026-03-10,85.0,Available,0,
BATCH-10461,MED-028,LOC-002,600,2026-11-24,2025-12-25,15.0,Available,0,
BATCH-10462,MED-030,LOC-001,1200,2026-10-24,2026-02-09,140.0,Available,0,
BATCH-10463,MED-022,LOC-009,1200,2026-10-20,2026-01-28,58.0,Available,0,
BATCH-10464,MED-016,LOC-006,1113,2026-10-28,2026-03-06,64.0,Available,0,
BATCH-10465,MED-012,LOC-008,67,2026-09-15,2026-03-14,52.0,Near Expiry,0,
BATCH-10466,MED-020,LOC-002,600,2027-07-24,2026-04-16,26.0,Available,0,
BATCH-10467,MED-007,LOC-004,600,2026-10-04,2025-12-28,85.0,Near Expiry,0,
BATCH-10468,MED-040,LOC-004,827,2026-11-14,2026-04-21,2200.0,Available,0,
BATCH-10469,MED-011,LOC-003,187,2026-11-15,2026-04-20,480.0,Available,0,
BATCH-10470,MED-039,LOC-007,600,2027-04-26,2026-05-15,45.0,Available,0,
BATCH-10471,MED-020,LOC-006,166,2026-09-28,2025-12-12,26.0,Near Expiry,0,
BATCH-10472,MED-026,LOC-007,64,2026-09-14,2026-06-28,168.0,Near Expiry,0,
BATCH-10473,MED-030,LOC-005,621,2026-09-16,2026-05-22,140.0,Near Expiry,0,
BATCH-10474,MED-019,LOC-006,47,2026-09-14,2025-12-22,92.0,Near Expiry,0,
BATCH-10475,MED-014,LOC-010,1200,2026-12-07,2026-05-03,98.0,Available,0,
BATCH-10476,MED-021,LOC-008,600,2027-08-07,2026-07-01,54.0,Available,0,
BATCH-10477,MED-032,LOC-004,600,2026-10-30,2026-02-12,420.0,Available,0,
BATCH-10478,MED-018,LOC-009,1200,2026-11-09,2026-05-01,45.0,Available,0,
BATCH-10479,MED-005,LOC-006,1200,2027-07-09,2025-12-13,115.5,Available,0,
BATCH-10480,MED-020,LOC-010,86,2026-09-20,2026-04-20,26.0,Near Expiry,0,
BATCH-10481,MED-036,LOC-009,600,2026-12-21,2026-06-07,135.0,Available,0,
BATCH-10482,MED-021,LOC-006,600,2027-07-26,2026-01-02,54.0,Available,0,
BATCH-10483,MED-030,LOC-006,1200,2026-11-01,2026-01-13,140.0,Available,0,
BATCH-10484,MED-002,LOC-003,600,2026-10-01,2025-12-18,68.0,Near Expiry,0,
BATCH-10485,MED-033,LOC-006,103,2026-09-14,2026-07-04,105.0,Near Expiry,0,
BATCH-10486,MED-035,LOC-008,150,2026-10-21,2026-01-31,112.0,Available,0,
BATCH-10487,MED-006,LOC-009,42,2027-09-08,2026-06-02,42.0,Available,0,
BATCH-10488,MED-037,LOC-008,1200,2026-11-16,2026-01-01,25.0,Available,0,
BATCH-10489,MED-018,LOC-008,1200,2026-11-08,2026-01-04,45.0,Available,0,
BATCH-10490,MED-012,LOC-010,130,2026-10-27,2025-12-25,52.0,Available,0,
BATCH-10491,MED-002,LOC-007,600,2026-11-10,2026-02-03,68.0,Available,0,
BATCH-10492,MED-028,LOC-003,600,2026-10-18,2026-02-13,15.0,Available,0,
BATCH-10493,MED-013,LOC-010,600,2027-02-26,2026-05-25,72.0,Available,0,
BATCH-10494,MED-002,LOC-009,600,2026-12-07,2026-07-02,68.0,Available,0,
BATCH-10495,MED-021,LOC-006,1200,2027-03-26,2026-05-22,54.0,Available,0,
BATCH-10496,MED-018,LOC-004,600,2027-03-31,2025-12-27,45.0,Available,0,
BATCH-10497,MED-029,LOC-002,209,2027-06-20,2026-07-06,125.0,Available,0,
BATCH-10498,MED-014,LOC-007,346,2026-09-14,2026-04-01,98.0,Near Expiry,0,
BATCH-10499,MED-038,LOC-002,207,2026-09-23,2026-02-14,38.0,Near Expiry,0,
BATCH-10500,MED-008,LOC-008,600,2027-06-11,2026-01-02,28.5,Available,0,
BATCH-10501,MED-006,LOC-009,1200,2026-10-19,2026-03-04,42.0,Available,0,
BATCH-10502,MED-001,LOC-007,1200,2027-07-02,2025-12-05,24.5,Available,0,
BATCH-10503,MED-020,LOC-002,1200,2026-11-07,2026-01-27,26.0,Available,0,
BATCH-10504,MED-006,LOC-007,31,2026-12-18,2026-05-03,42.0,Available,0,
BATCH-10505,MED-010,LOC-004,295,2026-09-18,2026-06-03,145.0,Near Expiry,0,
BATCH-10506,MED-003,LOC-001,600,2026-11-16,2025-12-03,18.2,Available,0,
BATCH-10507,MED-011,LOC-007,90,2026-10-04,2026-01-04,480.0,Available,0,
BATCH-10508,MED-008,LOC-003,179,2026-09-12,2026-02-02,28.5,Near Expiry,0,
BATCH-10509,MED-021,LOC-001,600,2027-05-28,2026-07-05,54.0,Available,0,
BATCH-10510,MED-027,LOC-001,600,2026-12-04,2026-02-09,36.0,Available,0,
BATCH-10511,MED-023,LOC-004,109,2026-09-20,2026-03-13,65.0,Near Expiry,0,
BATCH-10512,MED-029,LOC-003,85,2026-12-10,2026-04-24,125.0,Available,0,
BATCH-10513,MED-009,LOC-006,600,2026-11-21,2026-02-05,76.0,Available,0,
BATCH-10514,MED-037,LOC-004,871,2026-10-04,2026-06-06,25.0,Near Expiry,0,
BATCH-10515,MED-007,LOC-007,1200,2026-10-30,2026-06-16,85.0,Available,0,
BATCH-10516,MED-020,LOC-006,600,2026-11-24,2026-01-22,26.0,Available,0,
BATCH-10517,MED-018,LOC-003,1200,2026-10-22,2026-01-24,45.0,Available,0,
BATCH-10518,MED-003,LOC-007,600,2026-12-05,2026-05-23,18.2,Available,0,
BATCH-10519,MED-016,LOC-003,68,2026-10-11,2026-02-16,64.0,Available,0,
BATCH-10520,MED-037,LOC-007,516,2026-10-17,2026-03-18,25.0,Available,0,
BATCH-10521,MED-018,LOC-009,1200,2027-05-31,2025-11-26,45.0,Available,0,
BATCH-10522,MED-032,LOC-009,87,2026-10-14,2026-01-22,420.0,Available,0,
BATCH-10523,MED-005,LOC-006,1200,2026-10-11,2026-02-23,115.5,Available,0,
BATCH-10524,MED-030,LOC-002,1200,2026-10-10,2025-12-01,140.0,Near Expiry,0,
BATCH-10525,MED-036,LOC-002,150,2027-08-25,2026-05-27,135.0,Available,0,
BATCH-10526,MED-013,LOC-003,1200,2027-04-02,2025-12-26,72.0,Available,0,
BATCH-10527,MED-023,LOC-009,600,2026-11-14,2026-02-18,65.0,Available,0,
BATCH-10528,MED-024,LOC-009,565,2026-10-04,2026-06-02,82.0,Near Expiry,0,
BATCH-10529,MED-040,LOC-004,600,2027-02-25,2026-02-24,2200.0,Available,0,
BATCH-10530,MED-018,LOC-001,600,2027-07-03,2026-04-28,45.0,Available,0,
BATCH-10531,MED-031,LOC-008,1093,2026-11-03,2025-11-14,290.0,Available,0,
BATCH-10532,MED-036,LOC-005,1200,2026-10-07,2026-06-25,135.0,Near Expiry,0,
BATCH-10533,MED-010,LOC-008,600,2027-04-13,2026-04-03,145.0,Available,0,
BATCH-10534,MED-013,LOC-004,600,2027-01-15,2026-05-16,72.0,Available,0,
BATCH-10535,MED-008,LOC-010,600,2027-02-25,2026-05-21,28.5,Available,0,
BATCH-10536,MED-001,LOC-002,600,2026-11-26,2026-06-16,24.5,Available,0,
BATCH-10537,MED-029,LOC-005,1200,2027-07-30,2026-06-03,125.0,Available,0,
BATCH-10538,MED-022,LOC-005,600,2026-12-30,2026-04-06,58.0,Available,0,
BATCH-10539,MED-028,LOC-010,600,2026-10-10,2025-12-21,15.0,Near Expiry,0,
BATCH-10540,MED-006,LOC-010,600,2027-06-13,2026-05-12,42.0,Available,0,
BATCH-10541,MED-028,LOC-007,84,2026-09-11,2026-05-02,15.0,Near Expiry,0,
BATCH-10542,MED-033,LOC-006,256,2026-11-06,2026-05-09,105.0,Available,0,
BATCH-10543,MED-032,LOC-004,600,2026-11-17,2026-02-11,420.0,Available,0,
BATCH-10544,MED-032,LOC-009,190,2026-11-28,2026-04-07,420.0,Available,0,
BATCH-10545,MED-025,LOC-001,167,2026-11-28,2025-12-10,78.0,Available,0,
BATCH-10546,MED-007,LOC-002,174,2027-04-11,2026-04-11,85.0,Available,0,
BATCH-10547,MED-027,LOC-007,600,2026-11-11,2026-04-15,36.0,Available,0,
BATCH-10548,MED-034,LOC-001,600,2027-07-19,2026-01-22,28.0,Available,0,
BATCH-10549,MED-022,LOC-002,1200,2026-10-24,2025-12-19,58.0,Available,0,
BATCH-10550,MED-017,LOC-006,600,2027-06-04,2026-04-13,22.0,Available,0,
BATCH-10551,MED-004,LOC-006,600,2026-10-31,2026-05-06,32.0,Available,0,
BATCH-10552,MED-036,LOC-006,239,2027-06-06,2025-12-25,135.0,Available,0,
BATCH-10553,MED-006,LOC-006,101,2026-10-28,2026-01-04,42.0,Available,0,
BATCH-10554,MED-020,LOC-002,600,2027-01-25,2026-01-30,26.0,Available,0,
BATCH-10555,MED-025,LOC-004,249,2026-11-02,2026-03-10,78.0,Available,0,
BATCH-10556,MED-024,LOC-003,1200,2027-05-24,2026-07-08,82.0,Available,0,
BATCH-10557,MED-033,LOC-009,1200,2026-10-28,2026-02-25,105.0,Available,0,
BATCH-10558,MED-005,LOC-004,57,2026-10-10,2025-11-30,115.5,Near Expiry,0,
BATCH-10559,MED-022,LOC-009,208,2026-10-15,2025-11-19,58.0,Available,0,
BATCH-10560,MED-019,LOC-010,-80,2026-11-12,2026-04-21,92.0,Available,1,Negative stock quantity recorded
BATCH-10561,MED-010,LOC-005,81,2026-09-12,2026-05-17,145.0,Near Expiry,0,
BATCH-10562,MED-014,LOC-003,126,2026-09-12,2025-12-05,98.0,Near Expiry,0,
BATCH-10563,MED-036,LOC-009,1200,2027-03-18,2026-03-29,135.0,Available,0,
BATCH-10564,MED-026,LOC-010,1200,2027-06-26,2026-01-02,168.0,Available,0,
BATCH-10565,MED-024,LOC-005,600,2026-10-22,2025-11-24,82.0,Available,0,
BATCH-10566,MED-005,LOC-003,1200,2026-11-06,2026-01-14,115.5,Available,0,
BATCH-10567,MED-009,LOC-002,600,2027-08-26,2026-01-12,76.0,Available,0,
BATCH-10568,MED-039,LOC-004,600,2026-12-02,2026-01-14,45.0,Available,0,
BATCH-10569,MED-030,LOC-005,600,2026-11-11,2026-03-17,140.0,Available,0,
BATCH-10570,MED-011,LOC-001,1200,2026-11-27,2026-01-27,480.0,Available,0,
BATCH-10571,MED-010,LOC-002,1200,2026-11-12,2026-01-09,145.0,Available,0,
BATCH-10572,MED-002,LOC-010,75,2026-12-02,2025-12-29,68.0,Available,0,
BATCH-10573,MED-029,LOC-005,1200,2026-12-01,2026-04-26,125.0,Available,0,
BATCH-10574,MED-033,LOC-007,462,2026-10-05,2026-02-12,105.0,Available,0,
BATCH-10575,MED-040,LOC-001,1200,2026-11-21,2026-02-12,2200.0,Available,0,
BATCH-10576,MED-040,LOC-002,339,2026-12-03,2026-06-01,2200.0,Available,0,
BATCH-10577,MED-012,LOC-003,238,2026-09-14,2026-01-07,52.0,Near Expiry,0,
BATCH-10578,MED-026,LOC-010,600,2026-12-01,2026-04-04,168.0,Available,0,
BATCH-10579,MED-022,LOC-003,448,2026-09-29,2026-03-24,58.0,Near Expiry,0,
BATCH-10580,MED-026,LOC-004,277,2026-10-08,2026-04-17,168.0,Near Expiry,0,
BATCH-10581,MED-039,LOC-001,600,2027-01-09,2026-01-19,45.0,Available,0,
BATCH-10582,MED-034,LOC-001,439,2026-09-14,2026-04-25,28.0,Near Expiry,0,
BATCH-10583,MED-037,LOC-006,600,2027-03-08,2026-05-25,25.0,Available,0,
BATCH-10584,MED-023,LOC-002,600,2027-02-27,2026-02-09,65.0,Available,0,
BATCH-10585,MED-012,LOC-009,223,2026-10-02,2026-07-03,52.0,Near Expiry,0,
BATCH-10586,MED-008,LOC-005,600,2027-02-03,2026-04-14,28.5,Available,0,
BATCH-10587,MED-007,LOC-008,769,2026-09-22,2025-11-19,85.0,Available,0,
BATCH-10588,MED-036,LOC-007,600,2027-02-07,2026-01-22,135.0,Available,0,
BATCH-10589,MED-016,LOC-008,227,2026-09-30,2026-06-27,64.0,Near Expiry,0,
BATCH-10590,MED-038,LOC-002,164,2027-01-25,2026-01-24,38.0,Available,0,
BATCH-10591,MED-037,LOC-009,600,2026-12-04,2026-02-23,25.0,Available,0,
BATCH-10592,MED-013,LOC-005,600,2027-07-16,2026-03-31,72.0,Available,0,
BATCH-10593,MED-007,LOC-006,1200,2026-11-29,2026-04-04,85.0,Available,0,
BATCH-10594,MED-019,LOC-001,600,2026-11-11,2026-05-25,92.0,Available,0,
BATCH-10595,MED-037,LOC-009,1004,2026-09-28,2026-02-26,25.0,Near Expiry,0,
BATCH-10596,MED-025,LOC-004,600,2026-10-28,2026-06-29,78.0,Available,0,
BATCH-10597,MED-033,LOC-009,600,2027-08-27,2026-04-09,105.0,Available,0,
BATCH-10598,MED-030,LOC-003,600,2027-05-22,2026-06-24,140.0,Available,0,
BATCH-10599,MED-040,LOC-001,21,2026-09-14,2026-05-21,2200.0,Near Expiry,0,
BATCH-10600,MED-016,LOC-006,1200,2027-06-27,2025-12-13,64.0,Available,0,
BATCH-10601,MED-026,LOC-001,1200,2026-10-07,2026-01-22,168.0,Near Expiry,0,
BATCH-10602,MED-037,LOC-005,600,2026-10-08,2026-05-04,25.0,Near Expiry,0,
BATCH-10603,MED-025,LOC-005,600,2027-03-17,2025-12-15,78.0,Available,0,
BATCH-10604,MED-026,LOC-001,600,2026-11-24,2026-06-10,168.0,Available,0,
BATCH-10605,MED-008,LOC-003,1200,2027-08-17,2026-06-25,28.5,Available,0,
BATCH-10606,MED-017,LOC-007,600,2026-10-20,2026-05-01,22.0,Available,0,
BATCH-10607,MED-026,LOC-004,1200,2027-08-21,2026-05-22,168.0,Available,0,
BATCH-10608,MED-031,LOC-008,488,2026-09-25,2026-04-04,290.0,Near Expiry,0,
BATCH-10609,MED-005,LOC-004,600,2026-10-22,2026-03-22,115.5,Available,0,
BATCH-10610,MED-033,LOC-004,107,2027-05-21,2026-07-01,105.0,Available,0,
BATCH-10611,MED-017,LOC-003,600,2026-10-17,2025-11-24,22.0,Available,0,
BATCH-10612,MED-019,LOC-009,51,2026-09-12,2026-04-18,92.0,Near Expiry,0,
BATCH-10613,MED-005,LOC-004,1200,2026-11-19,2026-02-20,115.5,Available,0,
BATCH-10614,MED-021,LOC-001,720,2026-09-20,2026-02-26,54.0,Near Expiry,0,
BATCH-10615,MED-021,LOC-006,20,2026-09-11,2026-07-11,54.0,Near Expiry,0,
BATCH-10616,MED-037,LOC-002,600,2026-12-28,2026-02-18,25.0,Available,0,
BATCH-10617,MED-031,LOC-010,600,2026-11-19,2026-01-18,290.0,Available,0,
BATCH-10618,MED-032,LOC-010,136,2026-10-31,2026-03-18,420.0,Available,0,
BATCH-10619,MED-035,LOC-006,31,2026-09-27,2026-05-29,112.0,Near Expiry,0,
BATCH-10620,MED-011,LOC-006,1200,2027-07-19,2025-12-18,480.0,Available,0,
BATCH-10621,MED-027,LOC-009,600,2027-07-03,2026-06-10,36.0,Available,0,
BATCH-10622,MED-027,LOC-007,600,2026-10-25,2026-03-21,36.0,Available,0,
BATCH-10623,MED-026,LOC-003,1200,2026-11-16,2026-05-11,168.0,Available,0,
BATCH-10624,MED-013,LOC-010,115,2026-10-25,2026-02-22,72.0,Available,0,
BATCH-10625,MED-020,LOC-004,600,2026-10-26,2026-06-15,26.0,Available,0,
BATCH-10626,MED-040,LOC-007,50,2026-09-12,2025-11-27,2200.0,Near Expiry,0,
BATCH-10627,MED-034,LOC-007,355,2026-10-02,2026-05-21,28.0,Near Expiry,0,
BATCH-10628,MED-037,LOC-003,600,2026-11-28,2025-12-24,25.0,Available,0,
BATCH-10629,MED-016,LOC-003,155,2027-08-16,2026-04-23,64.0,Available,0,
BATCH-10630,MED-003,LOC-002,1200,2027-01-22,2026-07-07,18.2,Available,0,
BATCH-10631,MED-004,LOC-006,600,2027-05-19,2025-11-16,32.0,Available,0,
BATCH-10632,MED-014,LOC-005,600,2027-06-13,2026-02-03,98.0,Available,0,
BATCH-10633,MED-031,LOC-006,1200,2026-11-19,2026-04-26,290.0,Available,0,
BATCH-10634,MED-010,LOC-003,600,2026-10-28,2025-11-21,145.0,Available,0,
BATCH-10635,MED-031,LOC-005,600,2026-12-08,2026-05-10,290.0,Available,0,
BATCH-10636,MED-029,LOC-002,600,2027-02-17,2025-11-29,125.0,Available,0,
BATCH-10637,MED-002,LOC-010,600,2026-12-06,2026-04-11,68.0,Available,0,
BATCH-10638,MED-002,LOC-008,1200,2027-06-04,2025-11-28,68.0,Available,0,
BATCH-10639,MED-024,LOC-002,354,2026-10-07,2026-04-03,82.0,Near Expiry,0,
BATCH-10640,MED-013,LOC-006,1200,2026-11-05,2025-12-23,72.0,Available,0,
BATCH-10641,MED-032,LOC-001,600,2026-11-28,2026-03-28,420.0,Available,0,
BATCH-10642,MED-033,LOC-005,1200,2026-12-22,2026-03-09,105.0,Available,0,
BATCH-10643,MED-016,LOC-005,1200,2026-10-24,2026-04-17,64.0,Available,0,
BATCH-10644,MED-030,LOC-002,22,2026-10-12,2026-06-09,140.0,Available,0,
BATCH-10645,MED-037,LOC-001,600,2026-10-17,2025-11-23,25.0,Available,0,
BATCH-10646,MED-018,LOC-007,124,2026-11-05,2026-03-03,45.0,Available,0,
BATCH-10647,MED-022,LOC-003,1200,2027-04-22,2026-02-21,58.0,Available,0,
BATCH-10648,MED-006,LOC-008,600,2027-01-22,2025-12-18,42.0,Available,0,
BATCH-10649,MED-008,LOC-001,1200,2027-02-02,2026-05-11,28.5,Available,0,
BATCH-10650,MED-010,LOC-010,1200,2027-01-23,2025-12-03,145.0,Available,0,
BATCH-10651,MED-022,LOC-010,181,2026-09-15,2026-02-02,58.0,Near Expiry,0,
BATCH-10652,MED-022,LOC-002,1200,2026-11-11,2026-01-13,58.0,Available,0,
BATCH-10653,MED-006,LOC-003,195,2026-09-20,2025-12-22,42.0,Near Expiry,0,
BATCH-10654,MED-025,LOC-006,146,2026-11-16,2026-03-13,78.0,Available,0,
BATCH-10655,MED-039,LOC-003,133,2026-11-03,2026-01-20,45.0,Available,0,
BATCH-10656,MED-012,LOC-009,113,2026-09-12,2026-05-06,52.0,Near Expiry,0,
BATCH-10657,MED-013,LOC-002,1200,2026-11-12,2026-05-25,72.0,Available,0,
BATCH-10658,MED-015,LOC-003,1200,2026-11-06,2026-02-11,110.0,Available,0,
BATCH-10659,MED-019,LOC-004,600,2026-11-06,2026-04-15,92.0,Available,0,
BATCH-10660,MED-017,LOC-005,1200,2027-01-12,2026-06-27,22.0,Available,0,
BATCH-10661,MED-004,LOC-010,134,2027-07-18,2026-06-22,32.0,Available,0,
BATCH-10662,MED-001,LOC-002,600,2026-11-04,2025-11-20,24.5,Available,0,
BATCH-10663,MED-005,LOC-010,142,2026-11-06,2026-04-22,115.5,Available,0,
BATCH-10664,MED-024,LOC-008,78,2026-10-26,2026-04-23,82.0,Available,0,
BATCH-10665,MED-038,LOC-003,78,2026-09-13,2026-03-30,38.0,Near Expiry,0,
BATCH-10666,MED-026,LOC-008,1200,2027-08-04,2026-03-19,168.0,Available,0,
BATCH-10667,MED-025,LOC-007,1200,2027-02-19,2025-12-23,78.0,Available,0,
BATCH-10668,MED-010,LOC-007,58,2026-10-24,2025-12-22,145.0,Available,0,
BATCH-10669,MED-038,LOC-003,383,2026-09-18,2026-06-04,38.0,Near Expiry,0,
BATCH-10670,MED-032,LOC-007,130,2026-10-05,2026-05-25,420.0,Near Expiry,0,
BATCH-10671,MED-028,LOC-003,600,2026-11-01,2026-06-27,15.0,Available,0,
BATCH-10672,MED-031,LOC-010,126,2026-10-18,2026-03-02,290.0,Available,0,
BATCH-10673,MED-032,LOC-001,600,2027-03-01,2026-04-17,420.0,Available,0,
BATCH-10674,MED-008,LOC-010,114,2026-09-27,2026-04-08,28.5,Near Expiry,0,
BATCH-10675,MED-037,LOC-008,41,2026-09-14,2026-04-09,25.0,Near Expiry,0,
BATCH-10676,MED-015,LOC-006,600,2026-12-08,2026-03-13,110.0,Available,0,
BATCH-10677,MED-022,LOC-004,78,2027-05-23,2025-12-24,58.0,Available,0,
BATCH-10678,MED-038,LOC-010,240,2026-09-25,2026-03-14,38.0,Near Expiry,0,
BATCH-10679,MED-025,LOC-003,600,2026-11-12,2026-02-27,78.0,Available,0,
BATCH-10680,MED-018,LOC-002,-17,2026-11-04,2026-05-24,45.0,Available,1,Negative stock quantity recorded
BATCH-10681,MED-031,LOC-004,149,2026-09-18,2025-12-13,290.0,Near Expiry,0,
BATCH-10682,MED-021,LOC-008,600,2027-09-10,2026-05-22,54.0,Available,0,
BATCH-10683,MED-039,LOC-010,165,2026-09-19,2026-05-24,45.0,Near Expiry,0,
BATCH-10684,MED-025,LOC-007,1200,2026-12-07,2026-07-10,78.0,Available,0,
BATCH-10685,MED-019,LOC-001,201,2026-09-16,2025-12-29,92.0,Near Expiry,0,
BATCH-10686,MED-010,LOC-008,47,2026-11-27,2026-06-02,145.0,Available,0,
BATCH-10687,MED-018,LOC-008,434,2026-11-02,2026-02-07,45.0,Available,0,
BATCH-10688,MED-002,LOC-002,88,2026-09-13,2026-02-21,68.0,Near Expiry,0,
BATCH-10689,MED-025,LOC-009,186,2026-09-14,2026-01-28,78.0,Near Expiry,0,
BATCH-10690,MED-040,LOC-001,444,2026-11-20,2026-02-18,2200.0,Available,0,
BATCH-10691,MED-009,LOC-008,81,2026-08-29,2026-03-01,76.0,Expired,0,
BATCH-10692,MED-006,LOC-006,146,2027-06-01,2026-06-22,42.0,Available,0,
BATCH-10693,MED-026,LOC-009,49,2026-09-14,2026-01-29,168.0,Near Expiry,0,
BATCH-10694,MED-006,LOC-004,356,2026-10-14,2025-12-29,42.0,Available,0,
BATCH-10695,MED-036,LOC-001,566,2026-09-17,2026-01-15,135.0,Near Expiry,0,
BATCH-10696,MED-015,LOC-004,1200,2027-02-18,2026-03-06,110.0,Available,0,
BATCH-10697,MED-026,LOC-001,1200,2026-11-19,2026-03-08,168.0,Available,0,
BATCH-10698,MED-027,LOC-009,145,2026-09-12,2026-05-20,36.0,Near Expiry,0,
BATCH-10699,MED-023,LOC-002,592,2026-11-21,2026-03-04,65.0,Available,0,
BATCH-10700,MED-035,LOC-001,600,2027-05-03,2026-05-05,112.0,Available,0,
BATCH-10701,MED-013,LOC-010,600,2026-10-17,2026-04-20,72.0,Available,0,
BATCH-10702,MED-029,LOC-001,600,2026-10-31,2026-01-22,125.0,Available,0,
BATCH-10703,MED-003,LOC-007,96,2027-03-25,2026-05-22,18.2,Available,0,
BATCH-10704,MED-014,LOC-010,1200,2027-06-12,2026-03-16,98.0,Available,0,
BATCH-10705,MED-037,LOC-005,72,2026-09-18,2026-05-18,25.0,Near Expiry,0,
BATCH-10706,MED-032,LOC-007,600,2026-11-24,2026-04-03,420.0,Available,0,
BATCH-10707,MED-036,LOC-010,600,2026-11-01,2025-12-05,135.0,Available,0,
BATCH-10708,MED-001,LOC-001,97,2026-12-07,2026-07-10,24.5,Available,0,
BATCH-10709,MED-029,LOC-007,1200,2026-11-15,2026-06-18,125.0,Available,0,
BATCH-10710,MED-013,LOC-007,1200,2027-06-18,2026-06-23,72.0,Available,0,
BATCH-10711,MED-020,LOC-001,1200,2027-05-13,2026-06-06,26.0,Available,0,
BATCH-10712,MED-014,LOC-002,600,2026-12-25,2025-11-29,98.0,Available,0,
BATCH-10713,MED-006,LOC-004,510,2026-11-08,2026-02-14,42.0,Available,0,
BATCH-10714,MED-037,LOC-008,190,2026-09-16,2026-06-03,25.0,Near Expiry,0,
BATCH-10715,MED-025,LOC-001,73,2026-09-14,2025-12-12,78.0,Near Expiry,0,
BATCH-10716,MED-003,LOC-002,1200,2027-05-02,2026-01-12,18.2,Available,0,
BATCH-10717,MED-018,LOC-001,1200,2026-12-07,2026-05-25,45.0,Available,0,
BATCH-10718,MED-001,LOC-001,600,2027-07-20,2026-02-19,24.5,Available,0,
BATCH-10719,MED-004,LOC-005,600,2026-10-30,2026-04-09,32.0,Available,0,
BATCH-10720,MED-024,LOC-009,600,2026-11-20,2026-01-05,82.0,Available,0,
BATCH-10721,MED-024,LOC-008,146,2027-05-08,2026-06-05,82.0,Available,0,
BATCH-10722,MED-035,LOC-007,105,2026-10-24,2026-06-20,112.0,Available,0,
BATCH-10723,MED-023,LOC-008,107,2026-10-28,2025-12-04,65.0,Available,0,
BATCH-10724,MED-033,LOC-003,600,2026-11-27,2026-02-01,105.0,Available,0,
BATCH-10725,MED-009,LOC-004,148,2027-06-30,2026-06-22,76.0,Available,0,
BATCH-10726,MED-035,LOC-001,1081,2026-11-28,2026-07-11,112.0,Available,0,
BATCH-10727,MED-011,LOC-004,426,2026-12-05,2026-04-18,480.0,Available,0,
BATCH-10728,MED-024,LOC-009,600,2027-09-03,2026-01-25,82.0,Available,0,
BATCH-10729,MED-027,LOC-002,203,2026-10-08,2025-12-11,36.0,Near Expiry,0,
BATCH-10730,MED-001,LOC-009,600,2027-08-20,2026-06-06,24.5,Available,0,
BATCH-10731,MED-026,LOC-005,1200,2027-01-28,2025-12-16,168.0,Available,0,
BATCH-10732,MED-019,LOC-002,600,2026-10-09,2026-05-09,92.0,Near Expiry,0,
BATCH-10733,MED-026,LOC-001,600,2026-11-19,2026-04-16,168.0,Available,0,
BATCH-10734,MED-038,LOC-008,147,2026-11-28,2026-07-02,38.0,Available,0,
BATCH-10735,MED-021,LOC-006,61,2026-09-16,2026-03-13,54.0,Near Expiry,0,
BATCH-10736,MED-007,LOC-007,145,2026-11-29,2025-11-29,85.0,Available,0,
BATCH-10737,MED-002,LOC-007,92,2026-09-14,2025-12-30,68.0,Near Expiry,0,
BATCH-10738,MED-006,LOC-004,600,2026-12-02,2026-02-01,42.0,Available,0,
BATCH-10739,MED-016,LOC-010,1200,2026-12-27,2026-04-21,64.0,Available,0,
BATCH-10740,MED-029,LOC-004,600,2026-11-13,2026-07-10,125.0,Available,0,
BATCH-10741,MED-002,LOC-009,600,2026-10-27,2026-05-27,68.0,Available,0,
BATCH-10742,MED-035,LOC-001,148,2026-10-14,2026-01-15,112.0,Available,0,
BATCH-10743,MED-011,LOC-001,634,2026-10-21,2026-03-25,480.0,Available,0,
BATCH-10744,MED-005,LOC-004,187,2026-10-18,2026-07-11,115.5,Available,0,
BATCH-10745,MED-012,LOC-007,78,2026-09-12,2025-12-03,52.0,Near Expiry,0,
BATCH-10746,MED-029,LOC-002,175,2026-09-22,2026-02-08,125.0,Near Expiry,0,
BATCH-10747,MED-028,LOC-001,600,2026-12-08,2026-01-16,15.0,Available,0,
BATCH-10748,MED-003,LOC-005,1200,2026-11-02,2026-03-26,18.2,Available,0,
BATCH-10749,MED-023,LOC-008,50,2026-11-09,2026-05-11,65.0,Available,0,
BATCH-10750,MED-002,LOC-003,528,2026-09-23,2026-03-20,68.0,Reserved,1,Stock flagged Available in ERP but marked Reserved in WMS
BATCH-10751,MED-031,LOC-002,600,2027-03-14,2026-02-13,290.0,Available,0,
BATCH-10752,MED-010,LOC-005,1200,2026-10-10,2026-04-08,145.0,Near Expiry,0,
BATCH-10753,MED-008,LOC-009,1200,2026-11-28,2026-02-27,28.5,Available,0,
BATCH-10754,MED-009,LOC-006,1200,2027-08-12,2025-12-19,76.0,Available,0,
BATCH-10755,MED-031,LOC-008,38,2026-09-23,2026-01-31,290.0,Near Expiry,0,
BATCH-10756,MED-010,LOC-003,600,2027-02-22,2025-12-04,145.0,Available,0,
BATCH-10757,MED-005,LOC-010,231,2026-10-08,2025-12-10,115.5,Near Expiry,0,
BATCH-10758,MED-017,LOC-007,27,2026-09-14,2026-07-02,22.0,Near Expiry,0,
BATCH-10759,MED-013,LOC-006,52,2026-10-30,2025-12-10,72.0,Available,0,
BATCH-10760,MED-031,LOC-010,182,2027-08-27,2025-11-27,290.0,Available,0,
BATCH-10761,MED-011,LOC-004,195,2026-11-19,2026-03-07,480.0,Available,0,
BATCH-10762,MED-005,LOC-009,227,2026-09-22,2026-07-02,115.5,Near Expiry,0,
BATCH-10763,MED-022,LOC-005,1200,2027-05-26,2025-11-19,58.0,Available,0,
BATCH-10764,MED-033,LOC-008,535,2026-11-07,2025-12-10,105.0,Available,0,
BATCH-10765,MED-039,LOC-010,600,2026-11-28,2026-06-07,45.0,Available,0,
BATCH-10766,MED-022,LOC-009,1200,2026-11-30,2026-06-26,58.0,Available,0,
BATCH-10767,MED-018,LOC-005,600,2026-11-17,2026-04-23,45.0,Available,0,
BATCH-10768,MED-013,LOC-006,1200,2027-03-18,2025-12-13,72.0,Available,0,
BATCH-10769,MED-018,LOC-005,1200,2026-12-01,2026-01-25,45.0,Available,0,
BATCH-10770,MED-009,LOC-005,600,2026-10-09,2026-02-24,76.0,Near Expiry,0,
BATCH-10771,MED-034,LOC-003,460,2026-09-27,2026-05-21,28.0,Near Expiry,0,
BATCH-10772,MED-032,LOC-006,1056,2026-10-26,2026-01-10,420.0,Available,0,
BATCH-10773,MED-035,LOC-006,120,2026-10-07,2026-06-11,112.0,Near Expiry,0,
BATCH-10774,MED-001,LOC-002,600,2026-09-26,2026-03-18,24.5,Available,0,
BATCH-10775,MED-033,LOC-010,443,2026-10-19,2026-06-29,105.0,Available,0,
BATCH-10776,MED-007,LOC-008,1200,2026-10-21,2026-06-12,85.0,Available,0,
BATCH-10777,MED-004,LOC-001,600,2027-05-01,2026-06-15,32.0,Available,0,
BATCH-10778,MED-028,LOC-004,388,2026-09-16,2026-02-17,15.0,Near Expiry,0,
BATCH-10779,MED-040,LOC-005,612,2026-10-18,2026-05-14,2200.0,Available,0,
BATCH-10780,MED-018,LOC-009,1200,2026-10-18,2026-06-04,45.0,Available,0,
BATCH-10781,MED-015,LOC-003,600,2027-06-24,2026-05-21,110.0,Available,0,
BATCH-10782,MED-037,LOC-010,600,2027-04-27,2025-12-17,25.0,Available,0,
BATCH-10783,MED-015,LOC-004,1200,2026-10-16,2025-11-26,110.0,Available,0,
BATCH-10784,MED-007,LOC-001,600,2026-09-27,2025-12-04,85.0,Near Expiry,0,
BATCH-10785,MED-007,LOC-002,1200,2026-10-25,2026-03-21,85.0,Available,0,
BATCH-10786,MED-040,LOC-007,80,2026-09-17,2026-05-04,2200.0,Near Expiry,0,
BATCH-10787,MED-028,LOC-009,600,2026-10-11,2026-03-07,15.0,Available,0,
BATCH-10788,MED-014,LOC-006,128,2026-09-20,2026-01-15,98.0,Near Expiry,0,
BATCH-10789,MED-014,LOC-006,117,2026-10-19,2026-05-10,98.0,Available,0,
BATCH-10790,MED-039,LOC-008,600,2027-04-13,2026-01-28,45.0,Available,0,
BATCH-10791,MED-025,LOC-010,128,2026-10-23,2026-07-07,78.0,Available,0,
BATCH-10792,MED-006,LOC-007,142,2026-10-18,2026-05-05,42.0,Available,0,
BATCH-10793,MED-011,LOC-003,92,2026-10-06,2026-02-09,480.0,Near Expiry,0,
BATCH-10794,MED-025,LOC-006,20,2026-08-31,2026-06-19,78.0,Expired,0,
BATCH-10795,MED-034,LOC-005,600,2026-10-20,2026-06-06,28.0,Available,0,
BATCH-10796,MED-015,LOC-007,1200,2026-10-27,2026-06-25,110.0,Available,0,
BATCH-10797,MED-004,LOC-010,65,2026-12-05,2025-12-01,32.0,Available,0,
BATCH-10798,MED-019,LOC-009,1200,2026-10-24,2025-11-25,92.0,Available,0,
BATCH-10799,MED-013,LOC-010,1200,2026-11-12,2025-12-27,72.0,Available,0,
BATCH-10800,MED-012,LOC-009,530,2026-10-02,2026-04-09,52.0,Near Expiry,0,
BATCH-10801,MED-016,LOC-001,1200,2026-10-16,2025-12-28,64.0,Available,0,
BATCH-10802,MED-033,LOC-009,1200,2027-06-29,2026-06-08,105.0,Available,0,
BATCH-10803,MED-009,LOC-004,600,2027-06-16,2026-02-16,76.0,Available,0,
BATCH-10804,MED-008,LOC-004,600,2026-10-07,2026-06-25,28.5,Near Expiry,0,
BATCH-10805,MED-034,LOC-008,600,2026-11-22,2026-02-22,28.0,Available,0,
BATCH-10806,MED-034,LOC-006,1200,2027-07-05,2026-01-01,28.0,Available,0,
BATCH-10807,MED-011,LOC-009,1200,2027-02-12,2025-12-18,480.0,Available,0,
BATCH-10808,MED-024,LOC-005,310,2026-10-01,2026-04-27,82.0,Near Expiry,0,
BATCH-10809,MED-002,LOC-004,1200,2026-10-31,2026-01-01,68.0,Available,0,
BATCH-10810,MED-009,LOC-005,84,2026-10-15,2026-07-08,76.0,Available,0,
BATCH-10811,MED-032,LOC-007,512,2026-10-25,2026-04-08,420.0,Available,0,
BATCH-10812,MED-004,LOC-004,600,2027-01-30,2026-04-28,32.0,Available,0,
BATCH-10813,MED-028,LOC-002,600,2026-11-21,2025-12-14,15.0,Available,0,
BATCH-10814,MED-031,LOC-002,600,2026-10-17,2026-04-24,290.0,Available,0,
BATCH-10815,MED-010,LOC-009,1082,2026-10-11,2026-03-04,145.0,Available,0,
BATCH-10816,MED-002,LOC-008,600,2026-11-05,2026-02-06,68.0,Available,0,
BATCH-10817,MED-004,LOC-009,600,2026-12-08,2026-03-22,32.0,Available,0,
BATCH-10818,MED-036,LOC-010,600,2026-11-14,2025-11-16,135.0,Available,0,
BATCH-10819,MED-018,LOC-003,664,2026-09-24,2026-04-05,45.0,Near Expiry,0,
BATCH-10820,MED-003,LOC-005,129,2026-09-01,2026-03-28,18.2,Expired,0,
BATCH-10821,MED-036,LOC-010,1200,2026-11-09,2026-05-20,135.0,Available,0,
BATCH-10822,MED-003,LOC-005,1200,2026-12-05,2026-06-26,18.2,Available,0,
BATCH-10823,MED-011,LOC-008,229,2026-10-09,2025-11-24,480.0,Near Expiry,0,
BATCH-10824,MED-024,LOC-008,228,2027-04-21,2026-02-15,82.0,Available,0,
BATCH-10825,MED-022,LOC-006,600,2026-12-01,2026-01-19,58.0,Available,0,
BATCH-10826,MED-039,LOC-004,524,2026-09-18,2026-05-04,45.0,Near Expiry,0,
BATCH-10827,MED-032,LOC-007,73,2026-09-15,2026-04-27,420.0,Near Expiry,0,
BATCH-10828,MED-036,LOC-004,600,2027-04-01,2025-11-29,135.0,Available,0,
BATCH-10829,MED-007,LOC-009,600,2026-11-23,2026-01-03,85.0,Available,0,
BATCH-10830,MED-016,LOC-003,1200,2026-12-09,2026-01-24,64.0,Available,0,
BATCH-10831,MED-004,LOC-007,105,2026-10-24,2026-06-03,32.0,Available,0,
BATCH-10832,MED-024,LOC-002,121,2026-10-26,2025-11-29,82.0,Available,0,
BATCH-10833,MED-038,LOC-004,1200,2026-11-07,2026-05-13,38.0,Available,0,
BATCH-10834,MED-011,LOC-006,115,2026-09-28,2025-12-06,480.0,Near Expiry,0,
BATCH-10835,MED-001,LOC-003,1200,2026-11-25,2025-11-25,24.5,Available,0,
BATCH-10836,MED-010,LOC-001,22,2026-09-04,2025-12-09,145.0,Expired,0,
BATCH-10837,MED-023,LOC-010,604,2026-09-23,2026-04-19,65.0,Available,0,
BATCH-10838,MED-006,LOC-001,1200,2026-12-06,2025-11-18,42.0,Available,0,
BATCH-10839,MED-026,LOC-008,92,2026-10-06,2025-12-10,168.0,Near Expiry,0,
BATCH-10840,MED-009,LOC-002,1200,2026-11-07,2026-05-07,76.0,Available,0,
BATCH-10841,MED-033,LOC-002,1200,2026-11-17,2026-01-17,105.0,Available,0,
BATCH-10842,MED-022,LOC-003,600,2026-12-05,2026-03-19,58.0,Available,0,
BATCH-10843,MED-026,LOC-007,600,2027-04-09,2025-12-21,168.0,Available,0,
BATCH-10844,MED-016,LOC-008,69,2026-09-22,2026-06-27,64.0,Near Expiry,0,
BATCH-10845,MED-029,LOC-003,285,2026-09-20,2026-04-18,125.0,Near Expiry,0,
BATCH-10846,MED-028,LOC-007,600,2026-10-08,2026-01-22,15.0,Near Expiry,0,
BATCH-10847,MED-014,LOC-008,600,2026-11-21,2026-06-02,98.0,Available,0,
BATCH-10848,MED-017,LOC-007,135,2026-10-03,2026-04-02,22.0,Near Expiry,0,
BATCH-10849,MED-009,LOC-006,1200,2027-07-14,2026-01-25,76.0,Available,0,
BATCH-10850,MED-037,LOC-003,170,2026-09-17,2026-05-31,25.0,Near Expiry,0,
BATCH-10851,MED-022,LOC-003,48,2026-09-12,2026-02-08,58.0,Near Expiry,0,
BATCH-10852,MED-012,LOC-007,50,2026-09-11,2026-01-11,52.0,Near Expiry,0,
BATCH-10853,MED-022,LOC-001,1200,2026-10-04,2026-06-05,58.0,Near Expiry,0,
BATCH-10854,MED-033,LOC-005,600,2026-12-08,2026-02-27,105.0,Available,0,
BATCH-10855,MED-028,LOC-001,600,2026-11-03,2026-02-11,15.0,Available,0,
BATCH-10856,MED-003,LOC-005,141,2026-10-24,2026-02-12,18.2,Available,0,
BATCH-10857,MED-027,LOC-008,1200,2027-04-07,2025-11-18,36.0,Available,0,
BATCH-10858,MED-029,LOC-005,1200,2026-10-31,2025-12-06,125.0,Available,0,
BATCH-10859,MED-038,LOC-005,1200,2026-10-11,2026-02-27,38.0,Available,0,
BATCH-10860,MED-029,LOC-004,90,2026-10-24,2026-06-30,125.0,Available,0,
BATCH-10861,MED-035,LOC-009,216,2026-12-18,2026-03-06,112.0,Available,0,
BATCH-10862,MED-020,LOC-010,1200,2026-11-25,2026-02-14,26.0,Available,0,
BATCH-10863,MED-019,LOC-002,600,2027-06-27,2026-02-19,92.0,Available,0,
BATCH-10864,MED-001,LOC-007,224,2026-09-16,2026-05-11,24.5,Near Expiry,0,
BATCH-10865,MED-017,LOC-003,72,2026-12-01,2026-05-08,22.0,Available,0,
BATCH-10866,MED-011,LOC-006,36,2026-09-27,2026-02-24,480.0,Near Expiry,0,
BATCH-10867,MED-010,LOC-002,1200,2026-12-11,2026-05-12,145.0,Available,0,
BATCH-10868,MED-018,LOC-003,139,2026-10-02,2026-03-06,45.0,Near Expiry,0,
BATCH-10869,MED-033,LOC-002,400,2026-10-30,2026-05-02,105.0,Available,0,
BATCH-10870,MED-012,LOC-007,1200,2027-04-17,2026-01-08,52.0,Available,0,
BATCH-10871,MED-006,LOC-002,299,2026-09-28,2025-12-16,42.0,Near Expiry,0,
BATCH-10872,MED-023,LOC-001,600,2026-10-23,2025-12-22,65.0,Available,0,
BATCH-10873,MED-026,LOC-004,419,2026-10-07,2025-12-26,168.0,Near Expiry,0,
BATCH-10874,MED-015,LOC-008,1200,2026-11-24,2026-04-04,110.0,Available,0,
BATCH-10875,MED-003,LOC-001,115,2026-10-11,2026-02-16,18.2,Available,0,
BATCH-10876,MED-022,LOC-007,600,2026-12-13,2026-04-23,58.0,Available,0,
BATCH-10877,MED-039,LOC-009,1200,2026-11-13,2026-02-11,45.0,Available,0,
BATCH-10878,MED-036,LOC-006,300,2026-09-19,2026-01-30,135.0,Near Expiry,0,
BATCH-10879,MED-028,LOC-005,37,2026-09-04,2026-01-23,15.0,Expired,0,
BATCH-10880,MED-025,LOC-003,113,2026-11-07,2026-03-29,78.0,Available,0,
BATCH-10881,MED-005,LOC-008,1200,2026-10-20,2026-03-30,115.5,Available,0,
BATCH-10882,MED-021,LOC-003,600,2026-12-07,2026-06-07,54.0,Available,0,
BATCH-10883,MED-024,LOC-002,132,2026-09-26,2026-04-22,82.0,Near Expiry,0,
BATCH-10884,MED-006,LOC-004,239,2026-09-13,2025-12-09,42.0,Near Expiry,0,
BATCH-10885,MED-006,LOC-009,600,2027-05-11,2025-11-22,42.0,Available,0,
BATCH-10886,MED-003,LOC-005,600,2027-07-13,2026-06-19,18.2,Available,0,
BATCH-10887,MED-005,LOC-002,600,2026-12-12,2026-06-15,115.5,Available,0,
BATCH-10888,MED-026,LOC-009,136,2026-09-23,2026-02-19,168.0,Near Expiry,0,
BATCH-10889,MED-012,LOC-010,600,2026-11-13,2026-02-01,52.0,Available,0,
BATCH-10890,MED-009,LOC-003,600,2026-12-06,2025-12-03,76.0,Reserved,1,Stock flagged Available in ERP but marked Reserved in WMS
BATCH-10891,MED-034,LOC-005,600,2026-12-03,2025-12-26,28.0,Available,0,
BATCH-10892,MED-028,LOC-004,600,2026-11-22,2026-05-24,15.0,Available,0,
BATCH-10893,MED-038,LOC-007,1200,2027-05-06,2026-05-05,38.0,Available,0,
BATCH-10894,MED-008,LOC-007,1200,2026-10-30,2026-03-07,28.5,Available,0,
BATCH-10895,MED-038,LOC-004,1200,2027-02-13,2026-02-15,38.0,Available,0,
BATCH-10896,MED-008,LOC-004,195,2026-09-19,2026-05-10,28.5,Near Expiry,0,
BATCH-10897,MED-026,LOC-003,600,2027-04-30,2026-06-14,168.0,Available,0,
BATCH-10898,MED-001,LOC-007,242,2026-09-24,2026-06-05,24.5,Near Expiry,0,
BATCH-10899,MED-024,LOC-006,600,2027-06-21,2026-01-25,82.0,Available,0,
BATCH-10900,MED-010,LOC-004,82,2026-10-17,2025-12-02,145.0,Available,0,
BATCH-10901,MED-032,LOC-008,1200,2027-07-21,2026-06-30,420.0,Available,0,
BATCH-10902,MED-011,LOC-001,600,2027-01-09,2026-01-02,480.0,Available,0,
BATCH-10903,MED-019,LOC-003,600,2026-10-16,2026-03-25,92.0,Available,0,
BATCH-10904,MED-005,LOC-010,1200,2026-10-20,2026-01-29,115.5,Available,0,
BATCH-10905,MED-018,LOC-008,600,2027-04-27,2026-06-01,45.0,Available,0,
BATCH-10906,MED-016,LOC-008,318,2026-10-28,2026-03-04,64.0,Available,0,
BATCH-10907,MED-024,LOC-009,302,2026-10-14,2026-05-04,82.0,Available,0,
BATCH-10908,MED-026,LOC-001,50,2026-09-11,2026-05-01,168.0,Near Expiry,0,
BATCH-10909,MED-036,LOC-010,600,2026-12-09,2026-02-27,135.0,Available,0,
BATCH-10910,MED-001,LOC-003,600,2027-05-26,2025-12-28,24.5,Available,0,
BATCH-10911,MED-001,LOC-008,318,2026-09-21,2026-01-09,24.5,Near Expiry,0,
BATCH-10912,MED-038,LOC-004,600,2026-12-01,2025-12-09,38.0,Available,0,
BATCH-10913,MED-025,LOC-008,1200,2026-12-08,2026-05-11,78.0,Available,0,
BATCH-10914,MED-023,LOC-008,600,2027-09-08,2026-04-18,65.0,Available,0,
BATCH-10915,MED-005,LOC-002,600,2026-11-14,2026-05-14,115.5,Available,0,
BATCH-10916,MED-035,LOC-002,189,2026-10-05,2026-06-08,112.0,Near Expiry,0,
BATCH-10917,MED-024,LOC-002,50,2026-09-11,2026-03-30,82.0,Near Expiry,0,
BATCH-10918,MED-038,LOC-008,600,2027-01-26,2026-04-16,38.0,Available,0,
BATCH-10919,MED-017,LOC-010,600,2026-11-30,2025-11-14,22.0,Available,0,
BATCH-10920,MED-035,LOC-003,1200,2026-12-02,2026-01-07,112.0,Available,0,
BATCH-10921,MED-014,LOC-007,600,2027-01-30,2026-06-20,98.0,Available,0,
BATCH-10922,MED-001,LOC-007,600,2026-12-09,2026-04-12,24.5,Available,0,
BATCH-10923,MED-007,LOC-010,274,2026-09-13,2026-05-24,85.0,Near Expiry,0,
BATCH-10924,MED-003,LOC-003,193,2026-09-24,2026-04-28,18.2,Near Expiry,0,
BATCH-10925,MED-009,LOC-001,600,2026-09-24,2025-12-31,76.0,Near Expiry,0,
BATCH-10926,MED-010,LOC-002,600,2027-03-01,2026-03-13,145.0,Available,0,
BATCH-10927,MED-012,LOC-007,200,2026-09-23,2026-06-03,52.0,Near Expiry,0,
BATCH-10928,MED-011,LOC-005,600,2026-12-02,2026-02-20,480.0,Available,0,
BATCH-10929,MED-038,LOC-010,600,2027-07-29,2026-06-02,38.0,Available,0,
BATCH-10930,MED-014,LOC-008,510,2026-10-30,2025-12-10,98.0,Available,0,
BATCH-10931,MED-014,LOC-001,518,2026-09-27,2026-02-25,98.0,Near Expiry,0,
BATCH-10932,MED-009,LOC-001,1200,2026-10-10,2025-12-05,76.0,Near Expiry,0,
BATCH-10933,MED-038,LOC-003,28,2026-09-12,2026-05-14,38.0,Near Expiry,0,
BATCH-10934,MED-039,LOC-009,600,2027-04-12,2026-02-25,45.0,Available,0,
BATCH-10935,MED-017,LOC-005,1200,2026-10-15,2025-12-13,22.0,Available,0,
BATCH-10936,MED-014,LOC-003,600,2027-04-01,2026-01-15,98.0,Available,0,
BATCH-10937,MED-005,LOC-007,600,2026-11-27,2026-06-22,115.5,Available,0,
BATCH-10938,MED-018,LOC-006,196,2026-09-17,2026-07-10,45.0,Near Expiry,0,
BATCH-10939,MED-002,LOC-001,473,2026-09-23,2025-12-18,68.0,Near Expiry,0,
BATCH-10940,MED-031,LOC-002,-13,2026-11-08,2026-02-25,290.0,Available,1,Negative stock quantity recorded
BATCH-10941,MED-010,LOC-006,459,2026-11-01,2026-06-13,145.0,Available,0,
BATCH-10942,MED-019,LOC-005,546,2026-10-05,2026-02-09,92.0,Available,0,
BATCH-10943,MED-034,LOC-002,956,2026-09-27,2025-12-23,28.0,Near Expiry,0,
BATCH-10944,MED-003,LOC-009,307,2026-10-11,2026-07-01,18.2,Available,0,
BATCH-10945,MED-016,LOC-007,534,2026-10-21,2026-06-20,64.0,Available,0,
BATCH-10946,MED-026,LOC-007,1200,2026-11-17,2026-03-29,168.0,Available,0,
BATCH-10947,MED-015,LOC-006,963,2026-10-12,2026-04-10,110.0,Available,0,
BATCH-10948,MED-037,LOC-007,1200,2026-11-27,2026-01-11,25.0,Available,0,
BATCH-10949,MED-027,LOC-004,600,2026-10-30,2025-12-05,36.0,Available,0,
BATCH-10950,MED-002,LOC-010,1200,2027-09-05,2026-05-26,68.0,Available,0,
BATCH-10951,MED-004,LOC-002,155,2027-04-18,2025-12-11,32.0,Available,0,
BATCH-10952,MED-001,LOC-005,600,2026-11-18,2025-12-05,24.5,Available,0,
BATCH-10953,MED-016,LOC-009,398,2026-10-10,2026-02-27,64.0,Near Expiry,0,
BATCH-10954,MED-005,LOC-003,1200,2026-11-29,2026-01-20,115.5,Available,0,
BATCH-10955,MED-037,LOC-005,1200,2026-10-16,2026-07-07,25.0,Available,0,
BATCH-10956,MED-009,LOC-006,600,2026-12-07,2026-02-27,76.0,Available,0,
BATCH-10957,MED-017,LOC-002,181,2026-10-12,2025-12-14,22.0,Available,0,
BATCH-10958,MED-025,LOC-003,30,2026-11-04,2026-04-08,78.0,Available,0,
BATCH-10959,MED-012,LOC-007,600,2027-06-16,2026-04-16,52.0,Available,0,
BATCH-10960,MED-002,LOC-002,151,2026-10-20,2026-03-29,68.0,Available,0,
BATCH-10961,MED-037,LOC-009,114,2026-12-09,2026-07-07,25.0,Available,0,
BATCH-10962,MED-016,LOC-009,600,2026-11-26,2026-05-28,64.0,Available,0,
BATCH-10963,MED-009,LOC-008,600,2026-12-02,2026-06-27,76.0,Available,0,
BATCH-10964,MED-004,LOC-005,553,2026-09-24,2025-12-29,32.0,Near Expiry,0,
BATCH-10965,MED-038,LOC-006,226,2027-02-10,2026-04-02,38.0,Available,0,
BATCH-10966,MED-007,LOC-002,159,2026-10-07,2026-03-15,85.0,Near Expiry,0,
BATCH-10967,MED-004,LOC-010,1200,2027-04-12,2026-02-11,32.0,Available,0,
BATCH-10968,MED-032,LOC-004,956,2026-10-08,2026-05-16,420.0,Near Expiry,0,
BATCH-10969,MED-003,LOC-002,600,2027-08-25,2026-03-07,18.2,Available,0,
BATCH-10970,MED-030,LOC-009,1200,2027-09-04,2025-11-26,140.0,Available,0,
BATCH-10971,MED-014,LOC-001,1200,2026-12-25,2026-02-12,98.0,Available,0,
BATCH-10972,MED-008,LOC-009,1200,2026-10-07,2026-07-09,28.5,Near Expiry,0,
BATCH-10973,MED-031,LOC-008,435,2026-10-20,2025-12-14,290.0,Available,0,
BATCH-10974,MED-027,LOC-001,54,2027-03-29,2026-04-03,36.0,Available,0,
BATCH-10975,MED-004,LOC-002,1200,2026-10-13,2025-12-18,32.0,Available,0,
BATCH-10976,MED-037,LOC-005,290,2026-09-27,2026-04-02,25.0,Near Expiry,0,
BATCH-10977,MED-009,LOC-007,590,2026-09-23,2026-02-07,76.0,Available,0,
BATCH-10978,MED-018,LOC-006,707,2026-10-13,2026-06-19,45.0,Available,0,
BATCH-10979,MED-019,LOC-003,181,2026-11-23,2025-11-14,92.0,Available,0,
BATCH-10980,MED-002,LOC-006,220,2026-09-30,2025-12-22,68.0,Near Expiry,0,
BATCH-10981,MED-009,LOC-007,1200,2026-12-19,2025-11-14,76.0,Available,0,
BATCH-10982,MED-004,LOC-009,600,2027-06-12,2026-04-04,32.0,Available,0,
BATCH-10983,MED-002,LOC-007,385,2026-10-02,2025-11-14,68.0,Near Expiry,0,
BATCH-10984,MED-014,LOC-005,600,2027-06-10,2026-06-29,98.0,Available,0,
BATCH-10985,MED-037,LOC-002,600,2026-11-07,2026-03-10,25.0,Available,0,
BATCH-10986,MED-040,LOC-004,600,2027-04-24,2026-04-29,2200.0,Available,0,
BATCH-10987,MED-036,LOC-001,1200,2027-07-27,2025-12-25,135.0,Available,0,
BATCH-10988,MED-031,LOC-009,600,2026-11-26,2026-06-08,290.0,Available,0,
BATCH-10989,MED-040,LOC-002,24,2026-09-16,2026-04-09,2200.0,Near Expiry,0,
BATCH-10990,MED-004,LOC-009,93,2026-10-29,2026-02-14,32.0,Available,0,
BATCH-10991,MED-037,LOC-003,600,2027-07-29,2026-05-08,25.0,Available,0,
BATCH-10992,MED-037,LOC-010,242,2027-07-13,2025-12-28,25.0,Available,0,
BATCH-10993,MED-019,LOC-009,600,2026-12-04,2026-02-09,92.0,Available,0,
BATCH-10994,MED-030,LOC-002,600,2027-05-10,2026-06-05,140.0,Available,0,
BATCH-10995,MED-037,LOC-004,165,2026-10-06,2026-07-07,25.0,Near Expiry,0,
BATCH-10996,MED-040,LOC-004,1200,2027-03-17,2026-06-15,2200.0,Available,0,
BATCH-10997,MED-015,LOC-005,34,2027-07-18,2026-03-31,110.0,Available,0,
BATCH-10998,MED-027,LOC-010,1200,2026-11-27,2026-03-13,36.0,Available,0,
BATCH-10999,MED-030,LOC-007,99,2026-12-25,2026-01-29,140.0,Available,0,
BATCH-11000,MED-036,LOC-004,600,2026-11-17,2026-04-20,135.0,Available,0,
BATCH-11001,MED-016,LOC-009,268,2026-10-05,2025-12-10,64.0,Near Expiry,0,
BATCH-11002,MED-023,LOC-007,600,2027-02-08,2026-06-06,65.0,Available,0,
BATCH-11003,MED-002,LOC-009,600,2027-02-23,2026-03-31,68.0,Available,0,
BATCH-11004,MED-028,LOC-005,1200,2026-10-05,2026-04-07,15.0,Near Expiry,0,
BATCH-11005,MED-014,LOC-001,1200,2026-12-05,2026-03-25,98.0,Available,0,
BATCH-11006,MED-010,LOC-004,1200,2027-05-19,2026-02-16,145.0,Available,0,
BATCH-11007,MED-008,LOC-005,600,2027-04-25,2026-04-01,28.5,Available,0,
BATCH-11008,MED-020,LOC-009,62,2026-11-08,2026-07-02,26.0,Available,0,
BATCH-11009,MED-031,LOC-004,119,2026-09-16,2025-12-06,290.0,Near Expiry,0,
BATCH-11010,MED-025,LOC-002,600,2027-02-07,2025-12-11,78.0,Available,0,
BATCH-11011,MED-006,LOC-004,32,2027-05-30,2025-12-14,42.0,Available,0,
BATCH-11012,MED-005,LOC-007,1200,2026-11-29,2026-01-28,115.5,Available,0,
BATCH-11013,MED-039,LOC-002,240,2027-05-23,2026-06-29,45.0,Available,0,
BATCH-11014,MED-034,LOC-004,600,2027-07-24,2026-01-29,28.0,Available,0,
BATCH-11015,MED-015,LOC-005,600,2026-11-08,2026-03-08,110.0,Available,0,
BATCH-11016,MED-004,LOC-008,600,2027-07-04,2025-12-29,32.0,Available,0,
BATCH-11017,MED-023,LOC-001,231,2026-11-12,2026-01-03,65.0,Available,0,
BATCH-11018,MED-031,LOC-007,600,2027-03-02,2026-02-18,290.0,Available,0,
BATCH-11019,MED-017,LOC-001,600,2026-10-27,2026-01-21,22.0,Available,0,
BATCH-11020,MED-013,LOC-008,71,2026-09-22,2026-04-23,72.0,Available,0,
BATCH-11021,MED-023,LOC-007,876,2026-10-05,2026-03-16,65.0,Available,0,
BATCH-11022,MED-011,LOC-002,20,2026-08-29,2026-05-17,480.0,Expired,0,
BATCH-11023,MED-021,LOC-003,600,2026-10-28,2026-02-16,54.0,Available,0,
BATCH-11024,MED-029,LOC-002,1200,2027-05-10,2026-04-25,125.0,Available,0,
BATCH-11025,MED-011,LOC-010,207,2026-10-15,2025-12-03,480.0,Available,0,
BATCH-11026,MED-007,LOC-007,600,2026-10-12,2026-05-13,85.0,Available,0,
BATCH-11027,MED-026,LOC-008,147,2026-12-09,2026-06-06,168.0,Available,0,
BATCH-11028,MED-033,LOC-003,600,2027-01-17,2026-07-09,105.0,Available,0,
BATCH-11029,MED-038,LOC-009,1200,2027-01-31,2026-02-02,38.0,Available,0,
BATCH-11030,MED-027,LOC-003,195,2026-11-20,2026-01-05,36.0,Available,0,
BATCH-11031,MED-039,LOC-008,303,2026-10-01,2026-05-14,45.0,Available,0,
BATCH-11032,MED-033,LOC-003,1200,2026-11-20,2026-03-30,105.0,Available,0,
BATCH-11033,MED-029,LOC-001,600,2026-12-02,2026-02-12,125.0,Available,0,
BATCH-11034,MED-008,LOC-008,600,2026-10-12,2026-03-31,28.5,Available,0,
BATCH-11035,MED-034,LOC-003,600,2026-12-17,2026-04-10,28.0,Available,0,
BATCH-11036,MED-011,LOC-003,267,2026-09-29,2026-06-02,480.0,Near Expiry,0,
BATCH-11037,MED-024,LOC-001,1200,2027-07-27,2025-11-15,82.0,Available,0,
BATCH-11038,MED-037,LOC-003,600,2026-11-26,2026-01-27,25.0,Available,0,
BATCH-11039,MED-009,LOC-006,600,2026-11-24,2025-12-31,76.0,Available,0,
BATCH-11040,MED-018,LOC-004,1200,2026-10-30,2026-02-24,45.0,Available,0,
BATCH-11041,MED-002,LOC-003,1107,2026-09-19,2025-12-20,68.0,Available,0,
BATCH-11042,MED-015,LOC-009,600,2026-11-03,2026-02-09,110.0,Available,0,
BATCH-11043,MED-009,LOC-005,600,2027-05-31,2025-12-08,76.0,Available,0,
BATCH-11044,MED-006,LOC-005,212,2026-10-31,2026-02-23,42.0,Available,0,
BATCH-11045,MED-003,LOC-008,95,2026-09-23,2026-02-23,18.2,Near Expiry,0,
BATCH-11046,MED-012,LOC-001,600,2027-07-29,2026-05-03,52.0,Available,0,
BATCH-11047,MED-030,LOC-008,167,2026-11-25,2026-04-05,140.0,Available,0,
BATCH-11048,MED-028,LOC-009,600,2026-12-07,2026-06-03,15.0,Available,0,
BATCH-11049,MED-013,LOC-008,600,2026-12-29,2025-12-22,72.0,Available,0,
BATCH-11050,MED-026,LOC-003,600,2026-12-05,2026-05-13,168.0,Reserved,1,Stock flagged Available in ERP but marked Reserved in WMS
BATCH-11051,MED-024,LOC-007,408,2026-10-30,2026-04-19,82.0,Available,0,
BATCH-11052,MED-008,LOC-003,600,2026-10-28,2026-05-28,28.5,Available,0,
BATCH-11053,MED-017,LOC-003,600,2027-06-29,2026-03-17,22.0,Available,0,
BATCH-11054,MED-040,LOC-005,236,2026-09-25,2026-06-08,2200.0,Near Expiry,0,
BATCH-11055,MED-018,LOC-007,600,2027-04-02,2025-12-03,45.0,Available,0,
BATCH-11056,MED-037,LOC-002,1200,2026-10-16,2026-05-07,25.0,Available,0,
BATCH-11057,MED-021,LOC-003,600,2026-11-20,2026-01-09,54.0,Available,0,
BATCH-11058,MED-022,LOC-007,1200,2026-10-06,2026-02-12,58.0,Near Expiry,0,
BATCH-11059,MED-022,LOC-009,1200,2026-12-01,2026-04-09,58.0,Available,0,
BATCH-11060,MED-033,LOC-002,145,2026-11-22,2026-04-09,105.0,Available,0,
BATCH-11061,MED-034,LOC-005,217,2027-05-25,2026-07-08,28.0,Available,0,
BATCH-11062,MED-019,LOC-005,1168,2026-09-24,2026-02-03,92.0,Near Expiry,0,
BATCH-11063,MED-033,LOC-010,62,2026-09-17,2026-06-14,105.0,Near Expiry,0,
BATCH-11064,MED-013,LOC-009,1200,2027-05-29,2026-02-14,72.0,Available,0,
BATCH-11065,MED-006,LOC-006,100,2026-09-27,2026-04-28,42.0,Near Expiry,0,
BATCH-11066,MED-007,LOC-004,141,2026-11-21,2026-02-04,85.0,Available,0,
BATCH-11067,MED-034,LOC-002,1200,2026-10-01,2026-04-22,28.0,Near Expiry,0,
BATCH-11068,MED-018,LOC-003,1200,2026-11-30,2025-12-19,45.0,Available,0,
BATCH-11069,MED-006,LOC-001,600,2027-03-10,2026-03-18,42.0,Available,0,
BATCH-11070,MED-038,LOC-009,531,2026-10-12,2026-02-08,38.0,Available,0,
BATCH-11071,MED-018,LOC-006,313,2026-10-04,2025-12-05,45.0,Near Expiry,0,
BATCH-11072,MED-022,LOC-009,1200,2027-07-17,2026-03-28,58.0,Available,0,
BATCH-11073,MED-038,LOC-009,600,2026-11-04,2026-03-19,38.0,Available,0,
BATCH-11074,MED-009,LOC-008,91,2026-11-26,2026-04-17,76.0,Available,0,
BATCH-11075,MED-035,LOC-006,183,2026-11-23,2026-04-10,112.0,Available,0,
BATCH-11076,MED-040,LOC-005,227,2026-09-22,2026-02-05,2200.0,Near Expiry,0,
BATCH-11077,MED-028,LOC-006,160,2026-09-17,2026-07-11,15.0,Near Expiry,0,
BATCH-11078,MED-024,LOC-004,1200,2026-12-08,2026-05-14,82.0,Available,0,
BATCH-11079,MED-008,LOC-006,1200,2027-01-14,2026-05-20,28.5,Available,0,
BATCH-11080,MED-003,LOC-009,723,2026-10-08,2026-01-05,18.2,Near Expiry,0,
BATCH-11081,MED-020,LOC-005,600,2027-09-04,2026-02-05,26.0,Available,0,
BATCH-11082,MED-032,LOC-003,600,2026-12-07,2026-01-17,420.0,Available,0,
BATCH-11083,MED-029,LOC-005,1200,2026-11-14,2026-01-02,125.0,Available,0,
BATCH-11084,MED-033,LOC-003,600,2027-05-06,2026-05-20,105.0,Available,0,
BATCH-11085,MED-012,LOC-009,1200,2027-02-02,2026-01-05,52.0,Available,0,
BATCH-11086,MED-009,LOC-004,600,2026-12-08,2025-12-09,76.0,Available,0,
BATCH-11087,MED-004,LOC-007,600,2026-12-08,2026-06-19,32.0,Available,0,
BATCH-11088,MED-014,LOC-009,1200,2026-10-11,2026-02-26,98.0,Available,0,
BATCH-11089,MED-034,LOC-002,1200,2026-11-15,2025-12-23,28.0,Available,0,
BATCH-11090,MED-030,LOC-006,600,2026-10-22,2026-02-19,140.0,Available,0,
BATCH-11091,MED-037,LOC-001,191,2026-10-30,2026-06-19,25.0,Available,0,
BATCH-11092,MED-030,LOC-007,1200,2027-04-12,2026-01-07,140.0,Available,0,
BATCH-11093,MED-012,LOC-008,1200,2027-08-07,2026-05-29,52.0,Available,0,
BATCH-11094,MED-013,LOC-008,600,2027-03-31,2025-11-17,72.0,Available,0,
BATCH-11095,MED-002,LOC-006,170,2026-09-22,2026-02-17,68.0,Near Expiry,0,
BATCH-11096,MED-011,LOC-002,347,2026-12-05,2026-04-20,480.0,Available,0,
BATCH-11097,MED-016,LOC-009,1200,2026-11-17,2025-11-25,64.0,Available,0,
BATCH-11098,MED-016,LOC-010,600,2027-03-24,2026-04-22,64.0,Available,0,
BATCH-11099,MED-032,LOC-008,1200,2026-12-08,2026-03-08,420.0,Available,0,
BATCH-11100,MED-019,LOC-004,600,2027-05-29,2026-05-07,92.0,Available,0,
BATCH-11101,MED-032,LOC-010,600,2026-11-13,2026-05-27,420.0,Available,0,
BATCH-11102,MED-038,LOC-008,42,2026-09-15,2026-05-29,38.0,Near Expiry,0,
BATCH-11103,MED-039,LOC-008,1200,2027-08-21,2026-01-09,45.0,Available,0,
BATCH-11104,MED-021,LOC-003,600,2026-11-27,2025-11-20,54.0,Available,0,
BATCH-11105,MED-007,LOC-003,160,2027-07-01,2026-01-07,85.0,Available,0,
BATCH-11106,MED-013,LOC-003,195,2026-09-11,2026-02-21,72.0,Near Expiry,0,
BATCH-11107,MED-030,LOC-009,600,2026-12-07,2026-02-17,140.0,Available,0,
BATCH-11108,MED-024,LOC-009,224,2026-10-18,2026-01-30,82.0,Available,0,
BATCH-11109,MED-003,LOC-004,47,2026-09-13,2026-05-13,18.2,Near Expiry,0,
BATCH-11110,MED-037,LOC-006,231,2026-09-20,2025-12-01,25.0,Near Expiry,0,
BATCH-11111,MED-037,LOC-002,170,2026-09-12,2026-05-31,25.0,Near Expiry,0,
BATCH-11112,MED-023,LOC-001,168,2026-09-24,2026-01-26,65.0,Near Expiry,0,
BATCH-11113,MED-013,LOC-001,1200,2026-11-25,2026-06-21,72.0,Available,0,
BATCH-11114,MED-006,LOC-010,1200,2027-02-22,2026-04-02,42.0,Available,0,
BATCH-11115,MED-010,LOC-002,146,2026-09-21,2025-11-18,145.0,Available,0,
BATCH-11116,MED-009,LOC-001,600,2026-10-09,2026-06-14,76.0,Near Expiry,0,
BATCH-11117,MED-003,LOC-002,1200,2026-11-11,2026-03-20,18.2,Available,0,
BATCH-11118,MED-034,LOC-008,29,2027-03-21,2025-11-18,28.0,Available,0,
BATCH-11119,MED-019,LOC-010,757,2026-09-30,2026-02-25,92.0,Near Expiry,0,
BATCH-11120,MED-020,LOC-009,1026,2026-09-27,2026-06-19,26.0,Near Expiry,0,
BATCH-11121,MED-026,LOC-009,58,2026-09-28,2026-02-15,168.0,Available,0,
BATCH-11122,MED-039,LOC-005,600,2026-10-11,2025-12-09,45.0,Available,0,
BATCH-11123,MED-023,LOC-007,600,2027-01-12,2025-12-17,65.0,Available,0,
BATCH-11124,MED-014,LOC-010,600,2026-11-14,2025-12-25,98.0,Available,0,
BATCH-11125,MED-007,LOC-004,1200,2027-02-08,2026-06-06,85.0,Available,0,
BATCH-11126,MED-023,LOC-009,1200,2026-10-22,2026-04-04,65.0,Available,0,
BATCH-11127,MED-014,LOC-001,600,2026-10-13,2025-11-27,98.0,Available,0,
BATCH-11128,MED-031,LOC-001,1200,2026-10-22,2026-02-05,290.0,Available,0,
BATCH-11129,MED-032,LOC-005,387,2026-09-15,2026-02-04,420.0,Near Expiry,0,
BATCH-11130,MED-006,LOC-007,574,2026-10-29,2026-07-07,42.0,Available,0,
BATCH-11131,MED-034,LOC-002,1200,2026-10-19,2025-12-03,28.0,Available,0,
BATCH-11132,MED-001,LOC-004,1200,2026-12-07,2026-04-30,24.5,Available,0,
BATCH-11133,MED-002,LOC-010,600,2026-11-08,2026-03-31,68.0,Available,0,
BATCH-11134,MED-029,LOC-006,593,2026-11-05,2026-04-25,125.0,Available,0,
BATCH-11135,MED-023,LOC-006,466,2026-11-06,2026-05-29,65.0,Available,0,
BATCH-11136,MED-009,LOC-005,1200,2026-10-11,2026-06-14,76.0,Available,0,
BATCH-11137,MED-008,LOC-009,291,2026-09-24,2025-11-21,28.5,Near Expiry,0,
BATCH-11138,MED-029,LOC-007,1200,2026-10-13,2026-03-09,125.0,Available,0,
BATCH-11139,MED-035,LOC-001,296,2026-12-05,2026-01-07,112.0,Available,0,
BATCH-11140,MED-002,LOC-002,1200,2027-01-10,2026-03-16,68.0,Available,0,
BATCH-11141,MED-027,LOC-008,580,2026-09-19,2026-05-15,36.0,Near Expiry,0,
BATCH-11142,MED-019,LOC-006,1200,2027-04-30,2026-03-09,92.0,Available,0,
BATCH-11143,MED-012,LOC-002,600,2026-11-10,2026-07-08,52.0,Available,0,
BATCH-11144,MED-034,LOC-006,502,2026-11-02,2026-03-25,28.0,Available,0,
BATCH-11145,MED-036,LOC-001,600,2026-11-01,2025-12-19,135.0,Available,0,
BATCH-11146,MED-029,LOC-005,600,2027-06-29,2026-03-23,125.0,Available,0,
BATCH-11147,MED-034,LOC-004,1200,2027-08-10,2026-07-08,28.0,Available,0,
BATCH-11148,MED-026,LOC-007,379,2026-10-20,2026-04-19,168.0,Available,0,
BATCH-11149,MED-008,LOC-001,29,2026-10-26,2026-01-23,28.5,Available,0,
BATCH-11150,MED-002,LOC-005,600,2026-11-27,2025-12-28,68.0,Available,0,
BATCH-11151,MED-018,LOC-010,113,2026-09-12,2026-01-12,45.0,Near Expiry,0,
BATCH-11152,MED-003,LOC-005,600,2026-11-26,2026-07-03,18.2,Available,0,
BATCH-11153,MED-032,LOC-007,600,2027-09-06,2026-03-08,420.0,Available,0,
BATCH-11154,MED-038,LOC-008,600,2026-12-06,2026-03-28,38.0,Available,0,
BATCH-11155,MED-027,LOC-007,144,2027-02-24,2026-05-18,36.0,Available,0,
BATCH-11156,MED-031,LOC-010,1200,2026-10-18,2025-12-12,290.0,Available,0,
BATCH-11157,MED-012,LOC-004,600,2026-11-26,2026-01-22,52.0,Available,0,
BATCH-11158,MED-008,LOC-010,62,2026-10-11,2026-06-25,28.5,Available,0,
BATCH-11159,MED-028,LOC-003,158,2026-09-14,2026-06-29,15.0,Near Expiry,0,
BATCH-11160,MED-011,LOC-002,40,2026-09-19,2026-01-24,480.0,Available,0,
BATCH-11161,MED-017,LOC-002,177,2027-01-21,2026-05-13,22.0,Available,0,
BATCH-11162,MED-037,LOC-009,249,2026-12-08,2025-12-25,25.0,Available,0,
BATCH-11163,MED-008,LOC-002,600,2026-12-21,2026-01-06,28.5,Available,0,
BATCH-11164,MED-019,LOC-009,437,2026-09-17,2025-12-07,92.0,Near Expiry,0,
BATCH-11165,MED-026,LOC-005,600,2026-10-15,2026-06-01,168.0,Available,0,
BATCH-11166,MED-023,LOC-009,600,2026-12-09,2026-05-14,65.0,Available,0,
BATCH-11167,MED-029,LOC-001,1200,2026-11-11,2025-12-17,125.0,Available,0,
BATCH-11168,MED-027,LOC-008,600,2026-11-01,2026-06-19,36.0,Available,0,
BATCH-11169,MED-037,LOC-002,600,2026-10-23,2026-06-19,25.0,Available,0,
BATCH-11170,MED-033,LOC-008,540,2026-11-28,2026-05-04,105.0,Available,0,
BATCH-11171,MED-033,LOC-003,237,2026-11-04,2026-04-03,105.0,Available,0,
BATCH-11172,MED-031,LOC-001,1200,2026-10-29,2026-04-13,290.0,Available,0,
BATCH-11173,MED-006,LOC-010,1200,2026-10-22,2026-03-25,42.0,Available,0,
BATCH-11174,MED-016,LOC-003,600,2026-11-01,2025-11-26,64.0,Available,0,
BATCH-11175,MED-025,LOC-006,242,2026-10-02,2025-12-05,78.0,Near Expiry,0,
BATCH-11176,MED-019,LOC-001,116,2027-07-13,2026-01-14,92.0,Available,0,
BATCH-11177,MED-025,LOC-009,600,2026-10-19,2025-11-15,78.0,Available,0,
BATCH-11178,MED-020,LOC-003,27,2026-09-05,2026-06-16,26.0,Expired,0,
BATCH-11179,MED-038,LOC-004,600,2027-07-06,2026-05-03,38.0,Available,0,
BATCH-11180,MED-037,LOC-004,502,2026-10-23,2026-02-26,25.0,Available,0,
BATCH-11181,MED-028,LOC-003,1200,2027-06-30,2026-03-12,15.0,Available,0,
BATCH-11182,MED-034,LOC-008,1200,2026-11-12,2026-03-26,28.0,Available,0,
BATCH-11183,MED-006,LOC-005,205,2026-09-17,2026-06-14,42.0,Near Expiry,0,
BATCH-11184,MED-016,LOC-006,243,2026-11-29,2026-01-30,64.0,Available,0,
BATCH-11185,MED-014,LOC-007,463,2026-09-24,2026-03-30,98.0,Near Expiry,0,
BATCH-11186,MED-003,LOC-005,199,2026-10-27,2026-06-18,18.2,Available,0,
BATCH-11187,MED-002,LOC-003,1200,2026-10-19,2026-01-01,68.0,Available,0,
BATCH-11188,MED-008,LOC-010,1200,2026-09-28,2025-12-01,28.5,Near Expiry,0,
BATCH-11189,MED-002,LOC-010,249,2026-11-07,2026-06-26,68.0,Available,0,
BATCH-11190,MED-005,LOC-009,319,2026-09-26,2026-02-16,115.5,Near Expiry,0,
BATCH-11191,MED-001,LOC-007,1200,2026-10-28,2026-06-05,24.5,Available,0,
BATCH-11192,MED-018,LOC-007,1200,2026-11-13,2025-12-23,45.0,Available,0,
BATCH-11193,MED-012,LOC-007,600,2026-11-18,2026-02-23,52.0,Available,0,
BATCH-11194,MED-016,LOC-010,117,2026-10-30,2026-02-22,64.0,Available,0,
BATCH-11195,MED-037,LOC-005,1200,2026-12-07,2026-06-19,25.0,Available,0,
BATCH-11196,MED-021,LOC-001,600,2026-10-07,2026-02-09,54.0,Near Expiry,0,
BATCH-11197,MED-031,LOC-006,545,2026-11-09,2026-04-06,290.0,Available,0,
BATCH-11198,MED-031,LOC-002,1200,2026-11-03,2026-06-27,290.0,Available,0,
BATCH-11199,MED-036,LOC-007,425,2026-09-28,2026-01-12,135.0,Near Expiry,0,
BATCH-11200,MED-021,LOC-006,-48,2026-11-22,2026-03-10,54.0,Available,1,Negative stock quantity recorded
BATCH-11201,MED-009,LOC-005,1200,2026-11-28,2026-05-09,76.0,Available,0,
BATCH-11202,MED-025,LOC-007,177,2026-11-18,2025-12-23,78.0,Available,0,
BATCH-11203,MED-028,LOC-007,600,2026-11-11,2026-04-20,15.0,Available,0,
BATCH-11204,MED-020,LOC-006,515,2026-10-22,2026-03-09,26.0,Available,0,
BATCH-11205,MED-037,LOC-008,1200,2027-05-16,2025-12-28,25.0,Available,0,
BATCH-11206,MED-033,LOC-010,244,2026-09-12,2025-12-24,105.0,Near Expiry,0,
BATCH-11207,MED-025,LOC-003,33,2027-03-14,2025-12-27,78.0,Available,0,
BATCH-11208,MED-007,LOC-007,1200,2026-11-29,2026-02-07,85.0,Available,0,
BATCH-11209,MED-001,LOC-007,1200,2026-09-23,2026-06-04,24.5,Near Expiry,0,
BATCH-11210,MED-029,LOC-007,600,2027-08-11,2026-01-16,125.0,Available,0,
BATCH-11211,MED-021,LOC-010,20,2026-08-31,2026-05-02,54.0,Expired,0,
BATCH-11212,MED-033,LOC-005,600,2026-11-26,2026-01-30,105.0,Available,0,
BATCH-11213,MED-035,LOC-001,122,2026-10-06,2026-04-02,112.0,Near Expiry,0,
BATCH-11214,MED-013,LOC-002,23,2026-10-07,2026-04-12,72.0,Available,0,
BATCH-11215,MED-018,LOC-008,310,2026-10-10,2026-05-06,45.0,Near Expiry,0,
BATCH-11216,MED-010,LOC-002,600,2027-01-06,2026-05-21,145.0,Available,0,
BATCH-11217,MED-031,LOC-006,32,2026-09-29,2026-01-07,290.0,Near Expiry,0,
BATCH-11218,MED-030,LOC-009,1200,2026-11-06,2026-01-31,140.0,Available,0,
BATCH-11219,MED-033,LOC-003,148,2026-10-14,2026-01-22,105.0,Available,0,
BATCH-11220,MED-021,LOC-005,1200,2026-11-04,2026-05-05,54.0,Available,0,
BATCH-11221,MED-028,LOC-005,600,2026-10-22,2026-04-30,15.0,Available,0,
BATCH-11222,MED-013,LOC-002,262,2026-09-24,2026-01-11,72.0,Near Expiry,0,
BATCH-11223,MED-032,LOC-010,215,2026-11-12,2026-03-19,420.0,Available,0,
BATCH-11224,MED-014,LOC-004,600,2026-11-30,2026-01-29,98.0,Available,0,
BATCH-11225,MED-013,LOC-009,110,2026-12-01,2026-05-30,72.0,Available,0,
BATCH-11226,MED-001,LOC-009,213,2026-09-17,2026-06-25,24.5,Near Expiry,0,
BATCH-11227,MED-003,LOC-005,1200,2026-10-31,2026-05-24,18.2,Available,0,
BATCH-11228,MED-015,LOC-006,1200,2026-11-26,2025-12-12,110.0,Available,0,
BATCH-11229,MED-015,LOC-006,1200,2027-05-15,2026-07-09,110.0,Available,0,
BATCH-11230,MED-007,LOC-009,301,2026-09-17,2026-04-02,85.0,Near Expiry,0,
BATCH-11231,MED-005,LOC-007,1200,2026-10-16,2026-05-02,115.5,Available,0,
BATCH-11232,MED-024,LOC-005,245,2026-10-12,2025-12-13,82.0,Available,0,
BATCH-11233,MED-024,LOC-002,47,2026-10-30,2026-05-18,82.0,Available,0,
BATCH-11234,MED-001,LOC-006,1200,2026-10-30,2026-06-11,24.5,Available,0,
BATCH-11235,MED-033,LOC-009,165,2026-12-07,2026-02-25,105.0,Available,0,
BATCH-11236,MED-038,LOC-007,215,2027-09-06,2026-03-03,38.0,Available,0,
BATCH-11237,MED-039,LOC-001,600,2026-10-21,2026-03-11,45.0,Available,0,
BATCH-11238,MED-018,LOC-008,1200,2026-11-18,2026-04-07,45.0,Available,0,
BATCH-11239,MED-039,LOC-009,1200,2027-06-23,2026-01-12,45.0,Available,0,
BATCH-11240,MED-014,LOC-009,1200,2026-11-28,2026-03-19,98.0,Available,0,
BATCH-11241,MED-037,LOC-002,270,2026-09-21,2026-01-25,25.0,Available,0,
BATCH-11242,MED-011,LOC-010,162,2026-09-23,2026-03-03,480.0,Near Expiry,0,
BATCH-11243,MED-014,LOC-003,746,2026-09-19,2026-07-09,98.0,Available,0,
BATCH-11244,MED-001,LOC-001,177,2026-09-15,2026-04-05,24.5,Near Expiry,0,
BATCH-11245,MED-002,LOC-009,600,2027-08-13,2026-01-10,68.0,Available,0,
BATCH-11246,MED-019,LOC-004,1200,2026-11-05,2026-06-19,92.0,Available,0,
BATCH-11247,MED-016,LOC-009,1200,2026-10-21,2026-01-27,64.0,Available,0,
BATCH-11248,MED-038,LOC-009,239,2027-08-14,2026-05-03,38.0,Available,0,
BATCH-11249,MED-036,LOC-003,1200,2026-09-27,2026-02-12,135.0,Near Expiry,0,
BATCH-11250,MED-007,LOC-001,349,2026-09-16,2025-12-27,85.0,Near Expiry,0,
BATCH-11251,MED-012,LOC-001,170,2026-11-06,2026-05-02,52.0,Available,0,
BATCH-11252,MED-025,LOC-008,600,2027-05-28,2026-07-07,78.0,Available,0,
BATCH-11253,MED-025,LOC-007,559,2026-10-13,2026-07-09,78.0,Available,0,
BATCH-11254,MED-006,LOC-002,600,2026-12-08,2026-05-16,42.0,Available,0,
BATCH-11255,MED-021,LOC-002,600,2026-11-06,2025-11-18,54.0,Available,0,
BATCH-11256,MED-003,LOC-009,600,2026-11-21,2025-12-27,18.2,Available,0,
BATCH-11257,MED-013,LOC-005,600,2026-11-22,2026-02-26,72.0,Available,0,
BATCH-11258,MED-025,LOC-010,1200,2026-10-11,2026-02-27,78.0,Available,0,
BATCH-11259,MED-036,LOC-009,600,2027-02-08,2026-03-14,135.0,Available,0,
BATCH-11260,MED-040,LOC-002,154,2026-10-22,2025-12-19,2200.0,Available,0,
BATCH-11261,MED-005,LOC-010,567,2026-10-23,2026-07-07,115.5,Available,0,
BATCH-11262,MED-006,LOC-003,600,2026-11-02,2025-12-29,42.0,Available,0,
BATCH-11263,MED-034,LOC-010,600,2026-12-07,2026-05-26,28.0,Available,0,
BATCH-11264,MED-001,LOC-010,1200,2026-10-15,2025-11-14,24.5,Available,0,
BATCH-11265,MED-022,LOC-009,589,2026-10-14,2026-03-17,58.0,Available,0,
BATCH-11266,MED-009,LOC-008,600,2026-10-30,2026-05-26,76.0,Available,0,
BATCH-11267,MED-036,LOC-003,131,2026-10-30,2026-01-11,135.0,Available,0,
BATCH-11268,MED-018,LOC-003,372,2026-10-07,2026-04-18,45.0,Available,0,
BATCH-11269,MED-017,LOC-006,266,2026-10-15,2026-06-16,22.0,Available,0,
BATCH-11270,MED-032,LOC-001,1200,2026-11-04,2026-03-05,420.0,Available,0,
BATCH-11271,MED-010,LOC-003,24,2027-06-15,2026-03-07,145.0,Available,0,
BATCH-11272,MED-004,LOC-002,600,2026-11-17,2025-11-18,32.0,Available,0,
BATCH-11273,MED-004,LOC-008,169,2026-09-22,2025-12-03,32.0,Near Expiry,0,
BATCH-11274,MED-036,LOC-010,600,2026-11-03,2025-11-28,135.0,Available,0,
BATCH-11275,MED-034,LOC-009,1030,2026-10-10,2026-03-19,28.0,Near Expiry,0,
BATCH-11276,MED-027,LOC-002,115,2026-11-09,2026-02-24,36.0,Available,0,
BATCH-11277,MED-001,LOC-008,197,2026-09-17,2026-04-14,24.5,Near Expiry,0,
BATCH-11278,MED-004,LOC-002,1200,2026-09-29,2026-02-06,32.0,Available,0,
BATCH-11279,MED-007,LOC-002,600,2026-10-24,2026-06-22,85.0,Available,0,
BATCH-11280,MED-029,LOC-001,1200,2027-02-17,2026-05-22,125.0,Available,0,
BATCH-11281,MED-028,LOC-010,600,2026-10-11,2026-07-11,15.0,Available,0,
BATCH-11282,MED-006,LOC-009,600,2026-11-19,2026-02-19,42.0,Available,0,
BATCH-11283,MED-010,LOC-010,600,2026-11-23,2026-02-11,145.0,Available,0,
BATCH-11284,MED-023,LOC-003,600,2026-11-18,2026-03-14,65.0,Available,0,
BATCH-11285,MED-040,LOC-009,41,2027-08-09,2026-05-22,2200.0,Available,0,
BATCH-11286,MED-014,LOC-002,252,2026-09-13,2026-07-01,98.0,Near Expiry,0,
BATCH-11287,MED-040,LOC-007,175,2026-09-23,2025-11-26,2200.0,Near Expiry,0,
BATCH-11288,MED-024,LOC-008,506,2026-11-04,2025-11-29,82.0,Available,0,
BATCH-11289,MED-027,LOC-009,202,2026-09-17,2026-05-04,36.0,Near Expiry,0,
BATCH-11290,MED-029,LOC-004,158,2026-11-17,2026-01-10,125.0,Available,0,
BATCH-11291,MED-033,LOC-004,600,2026-11-15,2026-04-22,105.0,Available,0,
BATCH-11292,MED-020,LOC-007,1200,2027-01-03,2026-04-19,26.0,Available,0,
BATCH-11293,MED-029,LOC-005,600,2026-11-22,2026-04-11,125.0,Available,0,
BATCH-11294,MED-026,LOC-003,211,2026-09-23,2026-07-10,168.0,Near Expiry,0,
BATCH-11295,MED-021,LOC-002,170,2026-09-16,2026-01-14,54.0,Near Expiry,0,
BATCH-11296,MED-039,LOC-002,600,2027-01-30,2026-06-21,45.0,Available,0,
BATCH-11297,MED-025,LOC-002,1200,2026-12-01,2026-07-08,78.0,Available,0,
BATCH-11298,MED-029,LOC-007,183,2026-09-16,2026-05-28,125.0,Near Expiry,0,
BATCH-11299,MED-040,LOC-006,600,2027-05-20,2025-12-15,2200.0,Available,0,
BATCH-11300,MED-012,LOC-001,600,2027-02-17,2026-05-27,52.0,Available,0,
BATCH-11301,MED-037,LOC-006,1200,2027-01-09,2026-07-10,25.0,Available,0,
BATCH-11302,MED-004,LOC-002,244,2026-10-21,2026-05-19,32.0,Available,0,
BATCH-11303,MED-023,LOC-010,522,2026-10-31,2025-11-27,65.0,Available,0,
BATCH-11304,MED-032,LOC-002,1200,2027-03-17,2025-12-08,420.0,Available,0,
BATCH-11305,MED-004,LOC-006,600,2026-11-28,2026-01-21,32.0,Available,0,
BATCH-11306,MED-005,LOC-001,206,2026-09-14,2026-04-30,115.5,Near Expiry,0,
BATCH-11307,MED-001,LOC-004,1200,2026-11-28,2026-06-12,24.5,Available,0,
BATCH-11308,MED-003,LOC-004,36,2026-10-27,2026-02-06,18.2,Available,0,
BATCH-11309,MED-005,LOC-009,1200,2026-10-30,2025-11-22,115.5,Available,0,
BATCH-11310,MED-022,LOC-010,82,2026-11-15,2026-02-23,58.0,Available,0,
BATCH-11311,MED-024,LOC-010,335,2026-10-12,2026-04-11,82.0,Available,0,
BATCH-11312,MED-032,LOC-010,1200,2026-12-16,2026-01-29,420.0,Available,0,
BATCH-11313,MED-036,LOC-001,184,2026-09-14,2026-01-10,135.0,Near Expiry,0,
BATCH-11314,MED-016,LOC-008,1200,2026-12-02,2026-01-19,64.0,Available,0,
BATCH-11315,MED-014,LOC-004,115,2026-11-19,2026-04-25,98.0,Available,0,
BATCH-11316,MED-015,LOC-001,60,2026-09-14,2026-03-17,110.0,Near Expiry,0,
BATCH-11317,MED-022,LOC-006,66,2026-09-12,2025-12-12,58.0,Near Expiry,0,
BATCH-11318,MED-025,LOC-006,1200,2026-11-08,2026-04-03,78.0,Available,0,
BATCH-11319,MED-035,LOC-005,58,2026-09-19,2026-01-24,112.0,Near Expiry,0,
BATCH-11320,MED-015,LOC-004,1200,2026-11-07,2026-06-18,110.0,Available,0,
BATCH-11321,MED-003,LOC-010,37,2026-09-14,2025-12-10,18.2,Near Expiry,0,
BATCH-11322,MED-035,LOC-009,1200,2027-08-28,2026-05-09,112.0,Available,0,
BATCH-11323,MED-008,LOC-002,600,2026-10-25,2026-05-17,28.5,Available,0,
BATCH-11324,MED-022,LOC-008,135,2026-11-08,2026-02-18,58.0,Available,0,
BATCH-11325,MED-021,LOC-010,600,2027-01-23,2026-05-30,54.0,Available,0,
BATCH-11326,MED-011,LOC-007,65,2026-09-17,2026-05-12,480.0,Near Expiry,0,
BATCH-11327,MED-001,LOC-003,1200,2026-10-22,2026-03-01,24.5,Available,0,
BATCH-11328,MED-030,LOC-001,600,2026-11-14,2026-07-12,140.0,Available,0,
BATCH-11329,MED-011,LOC-004,889,2026-11-27,2026-07-11,480.0,Available,0,
BATCH-11330,MED-011,LOC-002,375,2026-11-29,2026-01-08,480.0,Available,0,
BATCH-11331,MED-034,LOC-002,600,2026-12-09,2026-03-09,28.0,Available,0,
BATCH-11332,MED-028,LOC-002,1200,2027-08-24,2026-03-23,15.0,Available,0,
BATCH-11333,MED-036,LOC-009,600,2026-10-06,2026-02-17,135.0,Available,0,
BATCH-11334,MED-007,LOC-007,1200,2026-11-11,2026-01-12,85.0,Available,0,
BATCH-11335,MED-022,LOC-004,37,2026-11-04,2025-12-18,58.0,Available,0,
BATCH-11336,MED-036,LOC-007,600,2026-11-14,2026-03-04,135.0,Available,0,
BATCH-11337,MED-033,LOC-005,600,2026-11-08,2026-04-24,105.0,Available,0,
BATCH-11338,MED-009,LOC-003,1200,2026-11-25,2026-06-01,76.0,Available,0,
BATCH-11339,MED-014,LOC-010,54,2026-10-15,2026-02-02,98.0,Available,0,
BATCH-11340,MED-010,LOC-001,573,2026-10-19,2026-05-02,145.0,Available,0,
BATCH-11341,MED-009,LOC-009,167,2027-01-12,2026-03-27,76.0,Available,0,
BATCH-11342,MED-039,LOC-004,52,2026-12-01,2026-06-10,45.0,Available,0,
BATCH-11343,MED-003,LOC-004,600,2027-04-30,2025-11-15,18.2,Available,0,
BATCH-11344,MED-009,LOC-008,1200,2026-12-07,2025-11-16,76.0,Available,0,
BATCH-11345,MED-016,LOC-006,370,2026-11-11,2025-11-24,64.0,Available,0,
BATCH-11346,MED-022,LOC-001,1200,2026-10-23,2026-05-23,58.0,Available,0,
BATCH-11347,MED-004,LOC-006,600,2026-11-29,2026-05-14,32.0,Available,0,
BATCH-11348,MED-026,LOC-010,533,2026-10-05,2025-12-28,168.0,Near Expiry,0,
BATCH-11349,MED-011,LOC-010,113,2026-10-09,2026-01-18,480.0,Available,0,
BATCH-11350,MED-039,LOC-001,600,2027-03-01,2026-02-13,45.0,Available,0,
BATCH-11351,MED-002,LOC-005,600,2026-11-03,2026-02-24,68.0,Available,0,
BATCH-11352,MED-011,LOC-003,981,2026-12-05,2025-12-02,480.0,Available,0,
BATCH-11353,MED-032,LOC-001,600,2026-11-21,2026-03-31,420.0,Available,0,
BATCH-11354,MED-026,LOC-008,1200,2026-12-30,2026-04-05,168.0,Available,0,
BATCH-11355,MED-010,LOC-002,600,2026-12-05,2026-04-03,145.0,Available,0,
BATCH-11356,MED-017,LOC-005,600,2026-11-24,2026-03-24,22.0,Available,0,
BATCH-11357,MED-013,LOC-004,1200,2026-11-21,2026-07-10,72.0,Available,0,
BATCH-11358,MED-011,LOC-008,26,2026-09-23,2026-03-23,480.0,Near Expiry,0,
BATCH-11359,MED-010,LOC-005,386,2026-10-01,2025-11-19,145.0,Near Expiry,0,
BATCH-11360,MED-021,LOC-005,600,2026-11-13,2026-01-20,54.0,Available,0,
BATCH-11361,MED-003,LOC-009,124,2026-11-29,2026-01-18,18.2,Available,0,
BATCH-11362,MED-010,LOC-004,600,2026-12-09,2025-12-14,145.0,Available,0,
BATCH-11363,MED-025,LOC-005,92,2026-10-05,2026-05-12,78.0,Near Expiry,0,
BATCH-11364,MED-030,LOC-003,600,2027-01-08,2026-04-10,140.0,Available,0,
BATCH-11365,MED-013,LOC-001,1200,2027-04-12,2026-06-23,72.0,Available,0,
BATCH-11366,MED-034,LOC-008,1200,2026-10-22,2026-01-09,28.0,Available,0,
BATCH-11367,MED-025,LOC-010,600,2026-11-25,2026-04-19,78.0,Available,0,
BATCH-11368,MED-018,LOC-006,600,2027-06-12,2026-05-12,45.0,Available,0,
BATCH-11369,MED-018,LOC-007,600,2026-11-03,2026-02-10,45.0,Available,0,
BATCH-11370,MED-028,LOC-004,1200,2027-02-12,2026-06-22,15.0,Available,0,
BATCH-11371,MED-002,LOC-009,1200,2026-11-10,2026-02-16,68.0,Available,0,
BATCH-11372,MED-040,LOC-005,1200,2026-12-06,2026-04-16,2200.0,Available,0,
BATCH-11373,MED-010,LOC-006,600,2027-06-18,2026-02-15,145.0,Available,0,
BATCH-11374,MED-008,LOC-004,492,2026-09-17,2026-05-03,28.5,Near Expiry,0,
BATCH-11375,MED-038,LOC-002,600,2026-10-23,2026-06-11,38.0,Available,0,
BATCH-11376,MED-017,LOC-009,229,2026-11-17,2025-12-22,22.0,Available,0,
BATCH-11377,MED-008,LOC-005,600,2027-05-17,2026-05-19,28.5,Available,0,
BATCH-11378,MED-015,LOC-008,363,2026-10-09,2026-07-05,110.0,Available,0,
BATCH-11379,MED-034,LOC-006,1200,2027-02-20,2025-11-16,28.0,Available,0,
BATCH-11380,MED-036,LOC-008,1200,2026-10-05,2026-06-02,135.0,Near Expiry,0,
BATCH-11381,MED-018,LOC-003,600,2026-11-08,2026-03-05,45.0,Available,0,
BATCH-11382,MED-032,LOC-001,193,2026-09-24,2026-06-01,420.0,Near Expiry,0,
BATCH-11383,MED-002,LOC-009,600,2026-10-21,2025-11-30,68.0,Available,0,
BATCH-11384,MED-030,LOC-008,200,2026-10-01,2026-04-21,140.0,Near Expiry,0,
BATCH-11385,MED-018,LOC-001,228,2026-11-11,2025-11-18,45.0,Available,0,
BATCH-11386,MED-010,LOC-008,600,2027-01-11,2026-07-06,145.0,Available,0,
BATCH-11387,MED-003,LOC-001,94,2026-09-12,2026-01-19,18.2,Near Expiry,0,
BATCH-11388,MED-020,LOC-003,600,2026-11-01,2025-12-08,26.0,Available,0,
BATCH-11389,MED-020,LOC-004,155,2027-02-11,2025-12-28,26.0,Available,0,
BATCH-11390,MED-006,LOC-008,1200,2026-12-27,2026-05-23,42.0,Available,0,
BATCH-11391,MED-023,LOC-006,26,2026-11-26,2025-12-26,65.0,Available,0,
BATCH-11392,MED-039,LOC-003,600,2026-11-30,2025-12-05,45.0,Available,0,
BATCH-11393,MED-024,LOC-010,542,2026-11-08,2025-12-04,82.0,Available,0,
BATCH-11394,MED-011,LOC-003,346,2026-12-04,2025-12-16,480.0,Available,0,
BATCH-11395,MED-034,LOC-010,600,2026-11-10,2026-04-30,28.0,Available,0,
BATCH-11396,MED-015,LOC-006,140,2026-09-25,2026-06-20,110.0,Near Expiry,0,
BATCH-11397,MED-026,LOC-002,600,2027-08-02,2026-07-01,168.0,Available,0,
BATCH-11398,MED-008,LOC-009,1200,2027-03-22,2026-04-06,28.5,Available,0,
BATCH-11399,MED-008,LOC-003,161,2026-10-22,2026-01-28,28.5,Available,0,
BATCH-11400,MED-015,LOC-009,146,2026-11-30,2026-05-27,110.0,Available,0,
BATCH-11401,MED-028,LOC-005,600,2026-11-18,2025-12-25,15.0,Available,0,
BATCH-11402,MED-017,LOC-003,706,2026-09-24,2026-06-03,22.0,Available,0,
BATCH-11403,MED-033,LOC-001,1200,2026-12-04,2026-02-07,105.0,Available,0,
BATCH-11404,MED-023,LOC-009,181,2027-02-26,2026-01-10,65.0,Available,0,
BATCH-11405,MED-012,LOC-003,1200,2026-11-21,2026-03-31,52.0,Available,0,
BATCH-11406,MED-040,LOC-006,214,2026-10-08,2026-04-04,2200.0,Near Expiry,0,
BATCH-11407,MED-031,LOC-004,105,2026-09-16,2026-06-13,290.0,Near Expiry,0,
BATCH-11408,MED-032,LOC-005,1200,2026-09-25,2026-01-22,420.0,Near Expiry,0,
BATCH-11409,MED-020,LOC-002,1200,2026-11-20,2026-06-04,26.0,Available,0,
BATCH-11410,MED-015,LOC-007,1200,2026-10-09,2025-12-24,110.0,Near Expiry,0,
BATCH-11411,MED-037,LOC-008,1200,2026-11-22,2026-06-26,25.0,Available,0,
BATCH-11412,MED-031,LOC-001,1200,2026-10-19,2026-02-17,290.0,Available,0,
BATCH-11413,MED-005,LOC-006,232,2026-09-26,2026-02-18,115.5,Near Expiry,0,
BATCH-11414,MED-018,LOC-001,600,2026-12-01,2026-06-19,45.0,Available,0,
BATCH-11415,MED-038,LOC-006,600,2026-10-26,2026-04-12,38.0,Available,0,
BATCH-11416,MED-009,LOC-001,600,2026-10-24,2026-06-02,76.0,Available,0,
BATCH-11417,MED-032,LOC-002,982,2026-10-09,2026-04-25,420.0,Near Expiry,0,
BATCH-11418,MED-016,LOC-007,600,2027-07-04,2026-03-16,64.0,Available,0,
BATCH-11419,MED-037,LOC-009,79,2026-10-13,2026-05-31,25.0,Available,0,
BATCH-11420,MED-006,LOC-010,600,2027-03-14,2026-06-09,42.0,Available,0,
BATCH-11421,MED-030,LOC-006,600,2026-11-26,2026-02-26,140.0,Available,0,
BATCH-11422,MED-016,LOC-004,1200,2027-05-17,2026-05-22,64.0,Available,0,
BATCH-11423,MED-025,LOC-006,183,2026-10-11,2026-03-03,78.0,Available,0,
BATCH-11424,MED-022,LOC-003,245,2026-09-22,2026-06-12,58.0,Near Expiry,0,
BATCH-11425,MED-023,LOC-008,600,2027-04-28,2026-05-01,65.0,Available,0,
BATCH-11426,MED-031,LOC-001,600,2026-11-10,2026-06-07,290.0,Available,0,
BATCH-11427,MED-020,LOC-009,600,2026-11-23,2026-03-07,26.0,Available,0,
BATCH-11428,MED-020,LOC-002,600,2026-10-17,2026-04-05,26.0,Available,0,
BATCH-11429,MED-017,LOC-006,35,2026-09-14,2026-05-11,22.0,Near Expiry,0,
BATCH-11430,MED-003,LOC-010,600,2026-11-18,2026-02-18,18.2,Available,0,
BATCH-11431,MED-006,LOC-002,600,2027-06-11,2026-06-07,42.0,Available,0,
BATCH-11432,MED-004,LOC-006,1200,2026-12-03,2026-07-10,32.0,Available,0,
BATCH-11433,MED-011,LOC-009,358,2026-10-01,2026-03-25,480.0,Near Expiry,0,
BATCH-11434,MED-021,LOC-010,215,2026-10-27,2026-02-04,54.0,Available,0,
BATCH-11435,MED-022,LOC-010,600,2026-11-09,2026-05-01,58.0,Available,0,
BATCH-11436,MED-022,LOC-005,1200,2027-05-08,2026-01-03,58.0,Available,0,
BATCH-11437,MED-005,LOC-005,600,2026-11-22,2026-02-17,115.5,Available,0,
BATCH-11438,MED-016,LOC-005,1200,2026-10-25,2026-05-01,64.0,Available,0,
BATCH-11439,MED-027,LOC-005,198,2026-09-17,2026-01-20,36.0,Near Expiry,0,
BATCH-11440,MED-015,LOC-001,1200,2026-11-26,2026-03-27,110.0,Available,0,
BATCH-11441,MED-014,LOC-010,600,2026-11-27,2026-01-29,98.0,Available,0,
BATCH-11442,MED-018,LOC-002,134,2026-10-14,2026-07-10,45.0,Available,0,
BATCH-11443,MED-009,LOC-001,600,2026-11-13,2025-12-04,76.0,Available,0,
BATCH-11444,MED-034,LOC-006,349,2026-10-08,2026-03-29,28.0,Near Expiry,0,
BATCH-11445,MED-009,LOC-001,1200,2026-10-12,2026-04-26,76.0,Available,0,
BATCH-11446,MED-020,LOC-007,600,2027-02-23,2026-01-08,26.0,Available,0,
BATCH-11447,MED-010,LOC-006,241,2026-09-21,2025-12-03,145.0,Near Expiry,0,
BATCH-11448,MED-023,LOC-009,1200,2026-11-22,2026-05-25,65.0,Available,0,
BATCH-11449,MED-031,LOC-001,1200,2026-11-23,2025-12-18,290.0,Available,0,
BATCH-11450,MED-014,LOC-002,1200,2026-10-22,2026-02-21,98.0,Available,0,
BATCH-11451,MED-021,LOC-007,1200,2026-10-13,2026-06-24,54.0,Available,0,
BATCH-11452,MED-024,LOC-001,1200,2027-05-10,2025-11-27,82.0,Available,0,
BATCH-11453,MED-011,LOC-003,50,2026-09-09,2026-04-29,480.0,Expired,0,
BATCH-11454,MED-007,LOC-001,600,2026-11-01,2026-03-19,85.0,Available,0,
BATCH-11455,MED-026,LOC-009,186,2026-12-26,2026-02-21,168.0,Available,0,
BATCH-11456,MED-021,LOC-003,59,2026-11-18,2026-04-06,54.0,Available,0,
BATCH-11457,MED-006,LOC-008,202,2026-10-20,2026-06-26,42.0,Available,0,
BATCH-11458,MED-014,LOC-006,61,2026-09-12,2025-12-22,98.0,Near Expiry,0,
BATCH-11459,MED-011,LOC-009,355,2026-11-18,2026-03-26,480.0,Available,0,
BATCH-11460,MED-011,LOC-004,66,2026-10-04,2026-02-03,480.0,Available,0,
BATCH-11461,MED-022,LOC-007,1200,2026-11-13,2026-05-18,58.0,Available,0,
BATCH-11462,MED-002,LOC-004,515,2026-10-01,2026-06-25,68.0,Near Expiry,0,
BATCH-11463,MED-030,LOC-006,600,2026-12-15,2026-03-22,140.0,Available,0,
BATCH-11464,MED-040,LOC-006,444,2027-05-20,2026-05-10,2200.0,Available,0,
BATCH-11465,MED-024,LOC-004,228,2026-09-12,2026-01-05,82.0,Near Expiry,0,
BATCH-11466,MED-032,LOC-003,228,2026-09-24,2025-11-20,420.0,Near Expiry,0,
BATCH-11467,MED-019,LOC-008,217,2026-09-17,2026-02-14,92.0,Near Expiry,0,
BATCH-11468,MED-002,LOC-002,600,2026-10-16,2026-06-01,68.0,Available,0,
BATCH-11469,MED-024,LOC-001,189,2026-11-08,2026-01-09,82.0,Available,0,
BATCH-11470,MED-035,LOC-008,123,2026-11-13,2025-12-12,112.0,Available,0,
BATCH-11471,MED-021,LOC-005,66,2026-10-30,2025-12-23,54.0,Available,0,
BATCH-11472,MED-017,LOC-001,1200,2026-10-31,2026-02-24,22.0,Available,0,
BATCH-11473,MED-029,LOC-003,1200,2027-08-07,2026-02-01,125.0,Available,0,
BATCH-11474,MED-005,LOC-003,600,2026-10-07,2026-02-13,115.5,Near Expiry,0,
BATCH-11475,MED-035,LOC-005,384,2026-12-09,2026-03-05,112.0,Available,0,
BATCH-11476,MED-016,LOC-004,1200,2026-11-04,2025-11-14,64.0,Available,0,
BATCH-11477,MED-009,LOC-002,481,2026-09-19,2026-03-17,76.0,Near Expiry,0,
BATCH-11478,MED-036,LOC-007,38,2027-01-04,2026-01-22,135.0,Available,0,
BATCH-11479,MED-030,LOC-001,77,2027-08-15,2026-04-29,140.0,Available,0,
BATCH-11480,MED-039,LOC-003,600,2026-10-29,2026-02-04,45.0,Available,0,
BATCH-11481,MED-021,LOC-002,1200,2026-11-15,2026-05-29,54.0,Available,0,
BATCH-11482,MED-025,LOC-005,1200,2026-10-28,2026-03-18,78.0,Available,0,
BATCH-11483,MED-019,LOC-003,1200,2026-09-30,2026-01-20,92.0,Near Expiry,0,
BATCH-11484,MED-038,LOC-007,1200,2027-03-18,2025-11-22,38.0,Available,0,
BATCH-11485,MED-035,LOC-004,98,2026-09-27,2026-03-21,112.0,Near Expiry,0,
BATCH-11486,MED-033,LOC-009,600,2026-11-29,2026-02-14,105.0,Available,0,
BATCH-11487,MED-011,LOC-001,600,2027-06-21,2025-12-28,480.0,Available,0,
BATCH-11488,MED-021,LOC-004,1200,2027-07-27,2026-03-07,54.0,Available,0,
BATCH-11489,MED-012,LOC-007,1200,2026-11-01,2026-05-20,52.0,Available,0,
BATCH-11490,MED-021,LOC-007,60,2026-09-23,2026-03-07,54.0,Near Expiry,0,
BATCH-11491,MED-023,LOC-010,542,2026-10-01,2026-04-01,65.0,Near Expiry,0,
BATCH-11492,MED-039,LOC-003,85,2026-09-13,2026-02-16,45.0,Near Expiry,0,
BATCH-11493,MED-008,LOC-002,600,2026-11-07,2025-11-17,28.5,Available,0,
BATCH-11494,MED-021,LOC-006,600,2027-07-03,2026-05-14,54.0,Available,0,
BATCH-11495,MED-010,LOC-007,364,2026-10-07,2026-01-23,145.0,Near Expiry,0,
BATCH-11496,MED-005,LOC-006,1200,2026-11-29,2026-03-03,115.5,Available,0,
BATCH-11497,MED-022,LOC-002,218,2026-09-21,2026-02-25,58.0,Near Expiry,0,
BATCH-11498,MED-035,LOC-004,205,2026-11-15,2026-06-26,112.0,Available,0,
BATCH-11499,MED-007,LOC-003,1200,2027-06-18,2026-01-02,85.0,Available,0,
BATCH-11500,MED-008,LOC-006,600,2026-12-07,2026-03-23,28.5,Available,0,
BATCH-11501,MED-020,LOC-001,1200,2026-10-06,2026-04-20,26.0,Near Expiry,0,
BATCH-11502,MED-025,LOC-005,600,2027-02-16,2025-12-10,78.0,Available,0,
BATCH-11503,MED-012,LOC-010,600,2027-08-21,2026-03-21,52.0,Available,0,
BATCH-11504,MED-034,LOC-006,122,2027-06-26,2026-01-30,28.0,Available,0,
BATCH-11505,MED-020,LOC-002,1200,2026-12-03,2026-06-09,26.0,Available,0,
BATCH-11506,MED-008,LOC-010,1200,2026-10-01,2026-05-28,28.5,Available,0,
BATCH-11507,MED-020,LOC-002,128,2026-09-12,2026-02-26,26.0,Near Expiry,0,
BATCH-11508,MED-019,LOC-008,600,2027-02-05,2026-06-19,92.0,Available,0,
BATCH-11509,MED-027,LOC-010,600,2026-11-29,2026-05-02,36.0,Available,0,
BATCH-11510,MED-033,LOC-004,204,2026-10-05,2026-05-17,105.0,Near Expiry,0,
BATCH-11511,MED-011,LOC-001,50,2026-09-13,2025-11-15,480.0,Near Expiry,0,
BATCH-11512,MED-022,LOC-004,1200,2026-11-16,2025-12-01,58.0,Available,0,
BATCH-11513,MED-003,LOC-006,160,2027-04-27,2026-05-11,18.2,Available,0,
BATCH-11514,MED-001,LOC-006,63,2026-11-15,2025-11-18,24.5,Available,0,
BATCH-11515,MED-037,LOC-010,77,2026-09-14,2026-04-02,25.0,Near Expiry,0,
BATCH-11516,MED-028,LOC-004,245,2027-03-10,2025-12-08,15.0,Available,0,
BATCH-11517,MED-033,LOC-010,600,2027-03-24,2026-05-19,105.0,Available,0,
BATCH-11518,MED-033,LOC-006,212,2026-12-08,2026-02-01,105.0,Available,0,
BATCH-11519,MED-026,LOC-003,600,2026-10-14,2026-05-10,168.0,Available,0,
BATCH-11520,MED-001,LOC-002,1200,2026-10-09,2026-06-02,24.5,Near Expiry,0,
BATCH-11521,MED-039,LOC-003,531,2026-10-05,2026-01-06,45.0,Available,0,
BATCH-11522,MED-039,LOC-002,199,2026-11-20,2026-01-12,45.0,Available,0,
BATCH-11523,MED-002,LOC-007,600,2027-08-13,2026-03-08,68.0,Available,0,
BATCH-11524,MED-024,LOC-010,228,2026-10-08,2026-02-25,82.0,Available,0,
BATCH-11525,MED-018,LOC-004,49,2027-02-13,2026-03-15,45.0,Available,0,
BATCH-11526,MED-030,LOC-009,184,2026-11-21,2026-02-11,140.0,Available,0,
BATCH-11527,MED-016,LOC-009,24,2026-11-21,2026-01-24,64.0,Available,0,
BATCH-11528,MED-010,LOC-007,585,2026-11-02,2025-12-14,145.0,Available,0,
BATCH-11529,MED-023,LOC-010,600,2027-02-18,2026-04-21,65.0,Available,0,
BATCH-11530,MED-037,LOC-003,1200,2026-10-18,2026-02-08,25.0,Available,0,
BATCH-11531,MED-001,LOC-008,600,2026-12-08,2026-06-08,24.5,Available,0,
BATCH-11532,MED-031,LOC-003,36,2027-07-08,2026-03-26,290.0,Available,0,
BATCH-11533,MED-029,LOC-010,600,2026-11-25,2026-07-07,125.0,Available,0,
BATCH-11534,MED-020,LOC-008,453,2026-10-22,2026-01-18,26.0,Available,0,
BATCH-11535,MED-005,LOC-009,1200,2026-10-07,2025-12-08,115.5,Available,0,
BATCH-11536,MED-016,LOC-005,1200,2027-09-01,2026-02-01,64.0,Available,0,
BATCH-11537,MED-038,LOC-009,1200,2027-02-02,2026-04-06,38.0,Available,0,
BATCH-11538,MED-002,LOC-005,600,2026-10-11,2025-12-22,68.0,Available,0,
BATCH-11539,MED-026,LOC-001,61,2026-10-16,2026-06-12,168.0,Available,0,
BATCH-11540,MED-026,LOC-003,600,2026-12-30,2026-04-02,168.0,Available,0,
BATCH-11541,MED-002,LOC-009,20,2026-10-05,2026-04-12,68.0,Available,0,
BATCH-11542,MED-036,LOC-009,600,2026-11-16,2025-12-01,135.0,Available,0,
BATCH-11543,MED-035,LOC-009,47,2026-10-07,2026-05-06,112.0,Near Expiry,0,
BATCH-11544,MED-036,LOC-006,1200,2026-11-07,2026-05-13,135.0,Available,0,
BATCH-11545,MED-029,LOC-006,1200,2027-01-03,2026-07-12,125.0,Available,0,
BATCH-11546,MED-025,LOC-007,1200,2026-10-07,2026-05-21,78.0,Near Expiry,0,
BATCH-11547,MED-023,LOC-007,447,2026-10-28,2026-05-07,65.0,Available,0,
BATCH-11548,MED-035,LOC-005,288,2026-10-29,2026-06-29,112.0,Available,0,
BATCH-11549,MED-002,LOC-002,27,2026-11-15,2026-03-28,68.0,Available,0,
BATCH-11550,MED-008,LOC-004,1200,2026-11-08,2026-01-17,28.5,Available,0,
BATCH-11551,MED-019,LOC-005,120,2027-04-18,2026-06-09,92.0,Available,0,
BATCH-11552,MED-031,LOC-005,600,2026-11-23,2026-02-19,290.0,Available,0,
BATCH-11553,MED-011,LOC-005,600,2027-06-21,2026-06-06,480.0,Available,0,
BATCH-11554,MED-023,LOC-010,1200,2026-12-07,2026-03-12,65.0,Available,0,
BATCH-11555,MED-012,LOC-003,600,2027-03-12,2026-06-11,52.0,Available,0,
BATCH-11556,MED-019,LOC-008,1200,2027-04-21,2026-03-07,92.0,Available,0,
BATCH-11557,MED-020,LOC-009,600,2026-11-05,2026-04-20,26.0,Available,0,
BATCH-11558,MED-011,LOC-002,1200,2027-04-07,2026-02-26,480.0,Available,0,
BATCH-11559,MED-006,LOC-003,1200,2026-11-03,2026-04-14,42.0,Available,0,
BATCH-11560,MED-039,LOC-001,146,2026-09-12,2026-01-25,45.0,Near Expiry,0,
BATCH-11561,MED-005,LOC-008,357,2026-10-08,2026-03-16,115.5,Near Expiry,0,
BATCH-11562,MED-035,LOC-004,174,2026-11-27,2026-04-21,112.0,Available,0,
BATCH-11563,MED-012,LOC-010,600,2026-11-15,2026-01-19,52.0,Available,0,
BATCH-11564,MED-007,LOC-007,598,2026-10-04,2026-04-09,85.0,Near Expiry,0,
BATCH-11565,MED-004,LOC-009,1200,2027-01-03,2026-04-11,32.0,Available,0,
BATCH-11566,MED-029,LOC-008,337,2026-10-26,2026-05-15,125.0,Available,0,
BATCH-11567,MED-010,LOC-005,48,2026-10-27,2026-01-06,145.0,Available,0,
BATCH-11568,MED-030,LOC-002,600,2026-10-20,2026-01-14,140.0,Available,0,
BATCH-11569,MED-019,LOC-010,219,2026-09-28,2026-03-04,92.0,Near Expiry,0,
BATCH-11570,MED-014,LOC-007,267,2026-09-20,2026-05-12,98.0,Near Expiry,0,
BATCH-11571,MED-012,LOC-007,227,2027-08-29,2026-03-13,52.0,Available,0,
BATCH-11572,MED-036,LOC-002,600,2026-10-16,2026-03-12,135.0,Available,0,
BATCH-11573,MED-036,LOC-007,1200,2026-10-09,2026-05-27,135.0,Near Expiry,0,
BATCH-11574,MED-027,LOC-006,1200,2027-03-28,2025-11-17,36.0,Available,0,
BATCH-11575,MED-033,LOC-001,294,2026-10-06,2026-04-12,105.0,Available,0,
BATCH-11576,MED-025,LOC-008,268,2026-10-03,2026-04-07,78.0,Near Expiry,0,
BATCH-11577,MED-005,LOC-005,181,2026-09-30,2026-02-08,115.5,Near Expiry,0,
BATCH-11578,MED-028,LOC-005,600,2027-06-02,2026-06-29,15.0,Available,0,
BATCH-11579,MED-003,LOC-002,187,2026-09-15,2026-02-21,18.2,Near Expiry,0,
BATCH-11580,MED-002,LOC-009,1200,2027-06-02,2026-06-01,68.0,Available,0,
BATCH-11581,MED-039,LOC-007,1200,2026-11-19,2025-11-23,45.0,Available,0,
BATCH-11582,MED-025,LOC-005,600,2026-11-26,2025-12-26,78.0,Available,0,
BATCH-11583,MED-040,LOC-008,230,2026-11-24,2026-05-30,2200.0,Available,0,
BATCH-11584,MED-032,LOC-006,597,2026-11-28,2026-04-14,420.0,Available,0,
BATCH-11585,MED-008,LOC-010,31,2026-09-09,2026-01-06,28.5,Expired,0,
BATCH-11586,MED-005,LOC-003,135,2026-10-28,2026-05-25,115.5,Available,0,
BATCH-11587,MED-006,LOC-008,29,2026-09-13,2026-01-01,42.0,Near Expiry,0,
BATCH-11588,MED-022,LOC-002,153,2027-03-25,2026-03-26,58.0,Available,0,
BATCH-11589,MED-026,LOC-009,459,2026-09-23,2026-01-30,168.0,Near Expiry,0,
BATCH-11590,MED-022,LOC-007,1200,2027-02-06,2025-12-26,58.0,Available,0,
BATCH-11591,MED-032,LOC-009,136,2026-09-13,2026-02-15,420.0,Near Expiry,0,
BATCH-11592,MED-040,LOC-010,771,2026-11-15,2025-12-11,2200.0,Available,0,
BATCH-11593,MED-004,LOC-006,600,2026-10-28,2025-12-04,32.0,Available,0,
BATCH-11594,MED-024,LOC-002,567,2026-12-01,2026-04-23,82.0,Available,0,
BATCH-11595,MED-030,LOC-001,1200,2027-05-22,2026-05-24,140.0,Available,0,
BATCH-11596,MED-008,LOC-002,1200,2026-12-05,2026-02-13,28.5,Available,0,
BATCH-11597,MED-035,LOC-003,1200,2027-08-09,2026-04-25,112.0,Available,0,
BATCH-11598,MED-023,LOC-002,396,2026-10-24,2026-07-02,65.0,Available,0,
BATCH-11599,MED-035,LOC-002,1019,2027-02-10,2026-07-02,112.0,Available,0,
BATCH-11600,MED-009,LOC-005,223,2026-10-02,2026-06-25,76.0,Near Expiry,0,
BATCH-11601,MED-034,LOC-008,809,2026-09-30,2026-03-22,28.0,Near Expiry,0,
BATCH-11602,MED-033,LOC-010,35,2026-10-18,2026-05-20,105.0,Available,0,
BATCH-11603,MED-001,LOC-006,600,2026-12-07,2026-01-01,24.5,Available,0,
BATCH-11604,MED-019,LOC-008,1200,2026-11-12,2026-01-27,92.0,Available,0,
BATCH-11605,MED-025,LOC-004,49,2026-11-28,2026-05-26,78.0,Available,0,
BATCH-11606,MED-007,LOC-007,600,2026-10-23,2026-01-20,85.0,Available,0,
BATCH-11607,MED-016,LOC-008,334,2026-10-25,2026-07-05,64.0,Available,0,
BATCH-11608,MED-025,LOC-007,131,2026-09-12,2026-03-01,78.0,Near Expiry,0,
BATCH-11609,MED-017,LOC-002,1200,2027-07-09,2026-06-23,22.0,Available,0,
BATCH-11610,MED-030,LOC-006,96,2026-11-16,2026-04-18,140.0,Available,0,
BATCH-11611,MED-027,LOC-005,355,2026-09-13,2026-06-11,36.0,Near Expiry,0,
BATCH-11612,MED-035,LOC-001,48,2026-09-24,2026-06-06,112.0,Near Expiry,0,
BATCH-11613,MED-033,LOC-002,950,2026-10-19,2026-01-20,105.0,Available,0,
BATCH-11614,MED-038,LOC-004,600,2026-12-05,2026-05-19,38.0,Available,0,
BATCH-11615,MED-003,LOC-007,240,2026-11-18,2026-01-16,18.2,Available,0,
BATCH-11616,MED-039,LOC-001,177,2026-11-15,2026-03-05,45.0,Available,0,
BATCH-11617,MED-033,LOC-008,600,2027-05-22,2025-12-31,105.0,Available,0,
BATCH-11618,MED-022,LOC-009,600,2027-07-30,2026-06-08,58.0,Available,0,
BATCH-11619,MED-013,LOC-001,600,2026-11-23,2025-12-18,72.0,Available,0,
BATCH-11620,MED-007,LOC-007,71,2027-04-27,2025-12-26,85.0,Available,0,
BATCH-11621,MED-020,LOC-004,600,2026-12-04,2026-03-01,26.0,Available,0,
BATCH-11622,MED-031,LOC-008,1200,2026-11-21,2026-03-03,290.0,Available,0,
BATCH-11623,MED-026,LOC-005,600,2027-07-28,2026-07-09,168.0,Available,0,
BATCH-11624,MED-039,LOC-001,1200,2026-11-13,2026-04-14,45.0,Available,0,
BATCH-11625,MED-027,LOC-001,1070,2026-09-22,2026-04-14,36.0,Near Expiry,0,
BATCH-11626,MED-003,LOC-005,98,2026-09-17,2026-05-30,18.2,Near Expiry,0,
BATCH-11627,MED-003,LOC-006,621,2026-10-15,2026-07-11,18.2,Available,0,
BATCH-11628,MED-002,LOC-001,45,2026-11-25,2026-01-17,68.0,Available,0,
BATCH-11629,MED-037,LOC-004,226,2026-09-29,2026-05-12,25.0,Available,0,
BATCH-11630,MED-031,LOC-010,1200,2026-10-31,2025-11-18,290.0,Available,0,
BATCH-11631,MED-035,LOC-008,20,2026-09-16,2026-01-05,112.0,Near Expiry,0,
BATCH-11632,MED-017,LOC-010,235,2026-10-16,2026-05-28,22.0,Available,0,
BATCH-11633,MED-020,LOC-003,133,2026-09-18,2025-11-27,26.0,Near Expiry,0,
BATCH-11634,MED-007,LOC-002,1200,2026-11-29,2026-06-29,85.0,Available,0,
BATCH-11635,MED-034,LOC-007,1151,2026-09-30,2026-03-13,28.0,Near Expiry,0,
BATCH-11636,MED-029,LOC-003,80,2026-09-12,2026-07-04,125.0,Near Expiry,0,
BATCH-11637,MED-026,LOC-007,600,2026-11-12,2026-02-16,168.0,Available,0,
BATCH-11638,MED-002,LOC-001,1200,2026-10-26,2026-02-08,68.0,Available,0,
BATCH-11639,MED-032,LOC-004,312,2026-10-06,2026-07-06,420.0,Available,0,
BATCH-11640,MED-013,LOC-001,1200,2026-11-15,2026-06-01,72.0,Available,0,
BATCH-11641,MED-025,LOC-010,108,2026-09-15,2026-03-14,78.0,Near Expiry,0,
BATCH-11642,MED-012,LOC-002,354,2026-09-17,2026-05-09,52.0,Near Expiry,0,
BATCH-11643,MED-018,LOC-007,600,2027-08-20,2026-06-14,45.0,Available,0,
BATCH-11644,MED-005,LOC-008,1200,2027-07-30,2026-05-08,115.5,Available,0,
BATCH-11645,MED-010,LOC-004,67,2027-05-09,2025-12-05,145.0,Available,0,
BATCH-11646,MED-024,LOC-003,1200,2026-09-30,2026-04-16,82.0,Near Expiry,0,
BATCH-11647,MED-018,LOC-002,1200,2026-10-09,2026-02-13,45.0,Near Expiry,0,
BATCH-11648,MED-029,LOC-008,1200,2027-06-20,2026-02-05,125.0,Available,0,
BATCH-11649,MED-027,LOC-006,1200,2026-10-18,2025-11-18,36.0,Available,0,
BATCH-11650,MED-030,LOC-010,1200,2026-12-22,2026-01-20,140.0,Available,0,
BATCH-11651,MED-023,LOC-010,1200,2026-11-13,2026-04-06,65.0,Available,0,
BATCH-11652,MED-037,LOC-002,63,2026-11-09,2026-02-25,25.0,Available,0,
BATCH-11653,MED-028,LOC-009,600,2027-05-05,2026-01-06,15.0,Available,0,
BATCH-11654,MED-031,LOC-009,600,2026-11-08,2025-11-22,290.0,Available,0,
BATCH-11655,MED-030,LOC-007,600,2026-12-14,2026-03-06,140.0,Available,0,
BATCH-11656,MED-033,LOC-004,48,2026-11-01,2026-02-20,105.0,Available,0,
BATCH-11657,MED-037,LOC-001,600,2026-11-29,2025-12-08,25.0,Available,0,
BATCH-11658,MED-004,LOC-007,248,2026-12-03,2025-12-29,32.0,Available,0,
BATCH-11659,MED-013,LOC-007,1200,2026-12-03,2026-02-02,72.0,Available,0,
BATCH-11660,MED-021,LOC-004,580,2026-10-19,2026-03-04,54.0,Available,0,
BATCH-11661,MED-033,LOC-003,1200,2026-10-06,2026-03-29,105.0,Available,0,
BATCH-11662,MED-010,LOC-001,57,2026-09-23,2026-01-07,145.0,Near Expiry,0,
BATCH-11663,MED-001,LOC-006,1200,2026-12-10,2025-11-30,24.5,Available,0,
BATCH-11664,MED-004,LOC-001,468,2026-09-15,2026-04-07,32.0,Near Expiry,0,
BATCH-11665,MED-026,LOC-008,108,2026-09-21,2026-07-12,168.0,Near Expiry,0,
BATCH-11666,MED-006,LOC-002,1200,2026-10-23,2025-12-20,42.0,Available,0,
BATCH-11667,MED-006,LOC-007,1200,2026-12-03,2026-02-02,42.0,Available,0,
BATCH-11668,MED-032,LOC-004,600,2027-09-08,2025-12-27,420.0,Available,0,
BATCH-11669,MED-003,LOC-007,238,2026-09-17,2026-01-06,18.2,Near Expiry,0,
BATCH-11670,MED-006,LOC-009,1022,2026-10-19,2026-04-04,42.0,Available,0,
BATCH-11671,MED-039,LOC-010,1200,2026-12-01,2026-05-17,45.0,Available,0,
BATCH-11672,MED-007,LOC-004,1200,2027-01-21,2025-11-17,85.0,Available,0,
BATCH-11673,MED-021,LOC-002,600,2026-11-27,2026-01-28,54.0,Available,0,
BATCH-11674,MED-037,LOC-005,142,2026-09-18,2026-05-07,25.0,Near Expiry,0,
BATCH-11675,MED-014,LOC-006,600,2027-05-01,2026-03-29,98.0,Available,0,
BATCH-11676,MED-037,LOC-010,600,2026-11-19,2026-02-14,25.0,Available,0,
BATCH-11677,MED-029,LOC-003,600,2026-11-13,2026-06-28,125.0,Available,0,
BATCH-11678,MED-002,LOC-003,1200,2026-11-27,2025-11-21,68.0,Available,0,
BATCH-11679,MED-009,LOC-004,58,2026-11-29,2025-11-18,76.0,Available,0,
BATCH-11680,MED-026,LOC-003,62,2026-09-13,2026-03-06,168.0,Near Expiry,0,
BATCH-11681,MED-009,LOC-008,590,2026-09-29,2026-05-24,76.0,Near Expiry,0,
BATCH-11682,MED-023,LOC-008,50,2026-09-13,2026-06-20,65.0,Near Expiry,0,
BATCH-11683,MED-036,LOC-003,600,2026-11-20,2026-06-15,135.0,Available,0,
BATCH-11684,MED-012,LOC-006,49,2026-10-11,2026-04-30,52.0,Available,0,
BATCH-11685,MED-003,LOC-001,1200,2026-10-16,2026-05-17,18.2,Available,0,
BATCH-11686,MED-002,LOC-001,600,2026-10-05,2026-06-06,68.0,Near Expiry,0,
BATCH-11687,MED-012,LOC-004,129,2027-02-13,2026-02-17,52.0,Available,0,
BATCH-11688,MED-005,LOC-006,22,2026-09-18,2026-05-06,115.5,Near Expiry,0,
BATCH-11689,MED-032,LOC-007,207,2026-10-21,2026-05-16,420.0,Available,0,
BATCH-11690,MED-017,LOC-005,1200,2026-10-12,2025-11-30,22.0,Available,0,
BATCH-11691,MED-010,LOC-008,498,2026-10-18,2025-12-06,145.0,Available,0,
BATCH-11692,MED-007,LOC-010,72,2026-09-25,2026-03-07,85.0,Near Expiry,0,
BATCH-11693,MED-020,LOC-008,1200,2027-04-21,2026-05-13,26.0,Available,0,
BATCH-11694,MED-006,LOC-008,1200,2027-09-09,2026-05-30,42.0,Available,0,
BATCH-11695,MED-007,LOC-003,600,2027-03-13,2026-04-03,85.0,Available,0,
BATCH-11696,MED-027,LOC-007,600,2027-07-02,2026-06-03,36.0,Available,0,
BATCH-11697,MED-040,LOC-008,600,2027-07-07,2025-12-06,2200.0,Available,0,
BATCH-11698,MED-040,LOC-005,320,2026-11-06,2026-06-22,2200.0,Available,0,
BATCH-11699,MED-024,LOC-001,20,2026-09-11,2026-04-26,82.0,Near Expiry,0,
BATCH-11700,MED-010,LOC-003,1194,2026-09-26,2026-04-25,145.0,Available,0,
BATCH-11701,MED-025,LOC-009,183,2026-09-21,2026-04-17,78.0,Near Expiry,0,
BATCH-11702,MED-023,LOC-003,1200,2026-10-29,2025-12-23,65.0,Available,0,
BATCH-11703,MED-018,LOC-005,1200,2026-11-12,2025-12-28,45.0,Available,0,
BATCH-11704,MED-040,LOC-008,822,2027-01-20,2026-02-27,2200.0,Available,0,
BATCH-11705,MED-028,LOC-004,600,2026-10-21,2026-01-20,15.0,Available,0,
BATCH-11706,MED-033,LOC-003,1200,2026-11-26,2026-03-02,105.0,Available,0,
BATCH-11707,MED-035,LOC-001,600,2027-07-05,2026-05-07,112.0,Available,0,
BATCH-11708,MED-007,LOC-001,1200,2026-09-23,2026-04-09,85.0,Available,0,
BATCH-11709,MED-018,LOC-002,600,2027-03-15,2026-05-10,45.0,Available,0,
BATCH-11710,MED-020,LOC-010,1200,2027-09-06,2026-03-26,26.0,Available,0,
BATCH-11711,MED-032,LOC-003,1200,2026-10-08,2026-04-05,420.0,Available,0,
BATCH-11712,MED-011,LOC-001,600,2027-03-23,2026-06-16,480.0,Available,0,
BATCH-11713,MED-039,LOC-001,1200,2026-09-26,2026-07-09,45.0,Near Expiry,0,
BATCH-11714,MED-031,LOC-002,600,2026-11-04,2026-01-17,290.0,Available,0,
BATCH-11715,MED-036,LOC-007,246,2026-09-16,2026-06-16,135.0,Near Expiry,0,
BATCH-11716,MED-010,LOC-006,86,2026-11-29,2026-01-01,145.0,Available,0,
BATCH-11717,MED-007,LOC-010,600,2026-12-07,2026-01-31,85.0,Available,0,
BATCH-11718,MED-001,LOC-002,481,2026-09-14,2026-04-16,24.5,Near Expiry,0,
BATCH-11719,MED-008,LOC-001,133,2026-10-16,2026-02-20,28.5,Available,0,
BATCH-11720,MED-034,LOC-001,600,2026-11-04,2026-03-15,28.0,Available,0,
BATCH-11721,MED-008,LOC-007,738,2026-09-18,2026-03-03,28.5,Near Expiry,0,
BATCH-11722,MED-010,LOC-003,157,2027-06-24,2026-05-09,145.0,Available,0,
BATCH-11723,MED-013,LOC-008,600,2026-10-18,2026-07-02,72.0,Available,0,
BATCH-11724,MED-001,LOC-003,600,2026-12-17,2026-01-21,24.5,Available,0,
BATCH-11725,MED-030,LOC-009,44,2026-09-12,2026-01-22,140.0,Near Expiry,0,
BATCH-11726,MED-014,LOC-007,1200,2027-03-03,2025-12-13,98.0,Available,0,
BATCH-11727,MED-025,LOC-010,600,2026-11-22,2026-02-21,78.0,Available,0,
BATCH-11728,MED-031,LOC-001,600,2026-10-25,2026-01-19,290.0,Available,0,
BATCH-11729,MED-008,LOC-004,244,2026-12-09,2025-11-16,28.5,Available,0,
BATCH-11730,MED-010,LOC-002,230,2026-11-03,2026-06-13,145.0,Available,0,
BATCH-11731,MED-010,LOC-007,134,2026-09-14,2025-11-17,145.0,Near Expiry,0,
BATCH-11732,MED-003,LOC-009,197,2027-02-28,2026-05-01,18.2,Available,0,
BATCH-11733,MED-008,LOC-010,1200,2026-11-17,2026-02-15,28.5,Available,0,
BATCH-11734,MED-019,LOC-009,39,2026-08-29,2026-01-04,92.0,Expired,0,
BATCH-11735,MED-001,LOC-006,1200,2027-01-02,2026-06-05,24.5,Available,0,
BATCH-11736,MED-025,LOC-008,198,2026-12-04,2025-12-18,78.0,Available,0,
BATCH-11737,MED-019,LOC-007,240,2026-11-17,2026-05-14,92.0,Available,0,
BATCH-11738,MED-022,LOC-004,1200,2026-10-13,2026-06-19,58.0,Available,0,
BATCH-11739,MED-008,LOC-005,600,2027-07-13,2026-05-07,28.5,Available,0,
BATCH-11740,MED-038,LOC-007,600,2027-02-10,2026-04-22,38.0,Available,0,
BATCH-11741,MED-008,LOC-003,600,2026-11-12,2025-11-23,28.5,Available,0,
BATCH-11742,MED-009,LOC-004,600,2026-12-04,2026-02-18,76.0,Available,0,
BATCH-11743,MED-010,LOC-007,600,2027-01-02,2025-12-29,145.0,Available,0,
BATCH-11744,MED-025,LOC-001,390,2026-09-27,2026-01-05,78.0,Near Expiry,0,
BATCH-11745,MED-030,LOC-008,644,2026-09-29,2026-06-16,140.0,Near Expiry,0,
BATCH-11746,MED-033,LOC-008,158,2026-09-30,2025-12-31,105.0,Available,0,
BATCH-11747,MED-015,LOC-008,1200,2026-11-11,2026-05-18,110.0,Available,0,
BATCH-11748,MED-015,LOC-009,148,2026-09-12,2026-04-28,110.0,Near Expiry,0,
BATCH-11749,MED-021,LOC-008,1200,2026-11-22,2026-06-30,54.0,Available,0,
BATCH-11750,MED-017,LOC-007,600,2026-11-22,2026-06-05,22.0,Available,0,
BATCH-11751,MED-020,LOC-001,1200,2026-10-24,2026-05-09,26.0,Available,0,
BATCH-11752,MED-025,LOC-004,475,2026-09-20,2026-01-13,78.0,Available,0,
BATCH-11753,MED-036,LOC-007,600,2026-11-02,2026-06-07,135.0,Available,0,
BATCH-11754,MED-028,LOC-009,600,2027-01-05,2026-03-30,15.0,Available,0,
BATCH-11755,MED-034,LOC-009,1200,2027-04-08,2026-05-28,28.0,Available,0,
BATCH-11756,MED-024,LOC-004,1200,2026-10-22,2025-12-23,82.0,Available,0,
BATCH-11757,MED-039,LOC-003,103,2026-10-29,2026-03-27,45.0,Available,0,
BATCH-11758,MED-039,LOC-008,1061,2026-10-19,2025-12-26,45.0,Available,0,
BATCH-11759,MED-021,LOC-007,147,2026-11-03,2026-03-13,54.0,Available,0,
BATCH-11760,MED-022,LOC-006,1200,2026-10-24,2025-12-07,58.0,Available,0,
BATCH-11761,MED-002,LOC-004,1200,2027-09-05,2026-05-07,68.0,Available,0,
BATCH-11762,MED-014,LOC-007,600,2027-02-14,2026-03-18,98.0,Available,0,
BATCH-11763,MED-012,LOC-003,1200,2026-10-14,2025-12-30,52.0,Available,0,
BATCH-11764,MED-024,LOC-008,566,2026-10-14,2026-03-09,82.0,Available,0,
BATCH-11765,MED-019,LOC-003,1200,2026-11-27,2026-04-08,92.0,Available,0,
BATCH-11766,MED-036,LOC-007,233,2026-11-17,2026-07-04,135.0,Available,0,
BATCH-11767,MED-028,LOC-010,191,2026-09-15,2025-12-05,15.0,Near Expiry,0,
BATCH-11768,MED-027,LOC-010,67,2026-12-17,2026-06-18,36.0,Available,0,
BATCH-11769,MED-026,LOC-005,600,2026-11-12,2026-06-27,168.0,Available,0,
BATCH-11770,MED-030,LOC-001,600,2027-01-20,2026-04-01,140.0,Available,0,
BATCH-11771,MED-022,LOC-001,1200,2027-05-08,2026-02-13,58.0,Available,0,
BATCH-11772,MED-030,LOC-003,240,2026-10-19,2026-04-07,140.0,Available,0,
BATCH-11773,MED-029,LOC-003,600,2026-12-05,2026-03-21,125.0,Available,0,
BATCH-11774,MED-035,LOC-004,86,2026-12-26,2026-01-04,112.0,Available,0,
BATCH-11775,MED-004,LOC-003,600,2027-05-25,2026-06-15,32.0,Available,0,
BATCH-11776,MED-009,LOC-008,1200,2026-12-04,2026-03-08,76.0,Available,0,
BATCH-11777,MED-011,LOC-010,346,2026-09-30,2026-01-27,480.0,Near Expiry,0,
BATCH-11778,MED-037,LOC-007,144,2026-09-17,2026-03-24,25.0,Near Expiry,0,
BATCH-11779,MED-011,LOC-008,485,2027-05-14,2026-04-12,480.0,Available,0,
BATCH-11780,MED-038,LOC-006,59,2026-09-16,2026-07-12,38.0,Near Expiry,0,
BATCH-11781,MED-001,LOC-007,63,2027-06-14,2026-01-01,24.5,Available,0,
BATCH-11782,MED-003,LOC-009,270,2026-09-16,2025-11-18,18.2,Near Expiry,0,
BATCH-11783,MED-011,LOC-010,96,2026-09-12,2025-11-23,480.0,Near Expiry,0,
BATCH-11784,MED-016,LOC-010,43,2026-09-13,2026-02-24,64.0,Near Expiry,0,
BATCH-11785,MED-011,LOC-006,1200,2027-04-15,2026-05-21,480.0,Available,0,
BATCH-11786,MED-016,LOC-006,20,2026-09-12,2025-11-23,64.0,Near Expiry,0,
BATCH-11787,MED-004,LOC-002,600,2026-12-03,2026-05-16,32.0,Available,0,
BATCH-11788,MED-003,LOC-004,600,2027-08-25,2025-12-16,18.2,Available,0,
BATCH-11789,MED-014,LOC-010,859,2026-09-25,2026-06-01,98.0,Near Expiry,0,
BATCH-11790,MED-011,LOC-010,162,2026-10-11,2025-12-17,480.0,Available,0,
BATCH-11791,MED-035,LOC-004,125,2026-09-26,2026-06-19,112.0,Near Expiry,0,
BATCH-11792,MED-029,LOC-006,600,2027-06-29,2026-04-23,125.0,Available,0,
BATCH-11793,MED-004,LOC-002,579,2026-10-03,2026-06-23,32.0,Near Expiry,0,
BATCH-11794,MED-011,LOC-002,184,2027-06-24,2026-05-27,480.0,Available,0,
BATCH-11795,MED-006,LOC-010,633,2026-10-02,2025-12-21,42.0,Near Expiry,0,
BATCH-11796,MED-026,LOC-008,20,2026-09-06,2026-05-14,168.0,Expired,0,
BATCH-11797,MED-018,LOC-008,84,2026-11-01,2025-12-06,45.0,Available,0,
BATCH-11798,MED-025,LOC-002,1200,2027-02-20,2026-01-14,78.0,Available,0,
BATCH-11799,MED-008,LOC-008,1200,2027-04-06,2026-07-06,28.5,Available,0,
BATCH-11800,MED-035,LOC-005,415,2026-10-15,2026-05-04,112.0,Available,0,
BATCH-11801,MED-007,LOC-002,1200,2026-10-18,2025-12-04,85.0,Available,0,
BATCH-11802,MED-007,LOC-005,1200,2026-09-22,2026-01-30,85.0,Near Expiry,0,
BATCH-11803,MED-004,LOC-009,600,2027-08-15,2025-11-20,32.0,Available,0,
BATCH-11804,MED-039,LOC-003,600,2026-11-03,2026-05-09,45.0,Available,0,
BATCH-11805,MED-035,LOC-004,224,2026-11-18,2026-02-02,112.0,Available,0,
BATCH-11806,MED-008,LOC-010,221,2026-09-18,2026-02-24,28.5,Near Expiry,0,
BATCH-11807,MED-025,LOC-010,945,2026-09-24,2025-12-31,78.0,Available,0,
BATCH-11808,MED-036,LOC-007,600,2026-10-22,2025-12-01,135.0,Available,0,
BATCH-11809,MED-035,LOC-005,600,2027-04-29,2026-06-28,112.0,Available,0,
BATCH-11810,MED-023,LOC-009,102,2026-12-06,2026-01-04,65.0,Available,0,
BATCH-11811,MED-028,LOC-008,725,2026-09-23,2026-03-04,15.0,Near Expiry,0,
BATCH-11812,MED-038,LOC-003,600,2026-11-09,2026-05-18,38.0,Available,0,
BATCH-11813,MED-024,LOC-002,600,2027-06-28,2026-05-30,82.0,Available,0,
BATCH-11814,MED-001,LOC-002,123,2026-11-21,2026-01-07,24.5,Available,0,
BATCH-11815,MED-011,LOC-005,1173,2026-10-28,2026-03-29,480.0,Available,0,
BATCH-11816,MED-012,LOC-001,333,2026-09-23,2026-05-11,52.0,Near Expiry,0,
BATCH-11817,MED-012,LOC-010,20,2026-09-11,2026-01-26,52.0,Near Expiry,0,
BATCH-11818,MED-003,LOC-003,231,2026-10-11,2026-05-06,18.2,Available,0,
BATCH-11819,MED-004,LOC-010,1200,2026-10-17,2026-05-26,32.0,Available,0,
BATCH-11820,MED-003,LOC-001,1200,2026-11-29,2026-06-23,18.2,Available,0,
BATCH-11821,MED-037,LOC-004,600,2026-11-04,2026-05-22,25.0,Available,0,
BATCH-11822,MED-030,LOC-002,1026,2026-10-06,2025-12-06,140.0,Near Expiry,0,
BATCH-11823,MED-002,LOC-009,600,2026-10-03,2026-04-21,68.0,Near Expiry,0,
BATCH-11824,MED-027,LOC-001,1200,2026-10-24,2025-12-02,36.0,Available,0,
BATCH-11825,MED-034,LOC-006,137,2026-09-15,2026-04-20,28.0,Near Expiry,0,
BATCH-11826,MED-018,LOC-007,668,2026-10-01,2025-12-05,45.0,Near Expiry,0,
BATCH-11827,MED-013,LOC-007,1200,2026-10-08,2026-02-04,72.0,Available,0,
BATCH-11828,MED-028,LOC-005,1200,2026-09-24,2026-04-04,15.0,Near Expiry,0,
BATCH-11829,MED-019,LOC-002,1200,2027-03-20,2026-03-17,92.0,Available,0,
BATCH-11830,MED-025,LOC-009,600,2026-10-24,2025-11-26,78.0,Available,0,
BATCH-11831,MED-014,LOC-005,245,2026-11-15,2026-02-03,98.0,Available,0,
BATCH-11832,MED-028,LOC-002,1200,2026-11-07,2026-04-16,15.0,Available,0,
BATCH-11833,MED-002,LOC-002,600,2027-08-20,2026-02-04,68.0,Available,0,
BATCH-11834,MED-012,LOC-001,1200,2027-05-05,2026-02-19,52.0,Available,0,
BATCH-11835,MED-018,LOC-002,1200,2027-03-06,2026-05-17,45.0,Available,0,
BATCH-11836,MED-022,LOC-004,1200,2026-11-22,2026-02-16,58.0,Available,0,
BATCH-11837,MED-001,LOC-003,116,2026-10-20,2025-12-27,24.5,Available,0,
BATCH-11838,MED-009,LOC-007,600,2026-11-11,2026-05-02,76.0,Available,0,
BATCH-11839,MED-018,LOC-002,1200,2026-11-10,2026-02-10,45.0,Available,0,
BATCH-11840,MED-022,LOC-006,1200,2026-10-19,2026-05-29,58.0,Available,0,
BATCH-11841,MED-016,LOC-006,600,2026-12-18,2025-12-11,64.0,Available,0,
BATCH-11842,MED-035,LOC-002,499,2026-10-24,2026-06-30,112.0,Available,0,
BATCH-11843,MED-027,LOC-002,600,2026-10-25,2026-03-05,36.0,Available,0,
BATCH-11844,MED-030,LOC-001,600,2026-10-23,2026-06-21,140.0,Available,0,
BATCH-11845,MED-023,LOC-007,396,2026-10-24,2025-12-07,65.0,Available,0,
BATCH-11846,MED-015,LOC-007,600,2026-12-05,2025-11-24,110.0,Available,0,
BATCH-11847,MED-006,LOC-009,415,2026-10-27,2026-01-02,42.0,Available,0,
BATCH-11848,MED-029,LOC-008,600,2027-03-05,2026-02-15,125.0,Available,0,
BATCH-11849,MED-022,LOC-001,600,2026-11-30,2025-12-09,58.0,Available,0,
BATCH-11850,MED-016,LOC-006,1200,2026-11-08,2026-03-25,64.0,Available,0,
BATCH-11851,MED-015,LOC-004,600,2026-11-09,2026-03-26,110.0,Available,0,
BATCH-11852,MED-031,LOC-008,247,2026-11-10,2025-12-15,290.0,Available,0,
BATCH-11853,MED-008,LOC-009,1200,2027-03-13,2026-01-05,28.5,Available,0,
BATCH-11854,MED-031,LOC-010,135,2026-12-04,2026-06-22,290.0,Available,0,
BATCH-11855,MED-033,LOC-009,393,2026-10-17,2026-03-06,105.0,Available,0,
BATCH-11856,MED-003,LOC-007,503,2026-10-17,2026-02-16,18.2,Available,0,
BATCH-11857,MED-033,LOC-010,600,2027-08-24,2025-12-31,105.0,Available,0,
BATCH-11858,MED-021,LOC-006,1200,2027-05-13,2026-02-16,54.0,Available,0,
BATCH-11859,MED-030,LOC-001,39,2026-11-07,2026-02-19,140.0,Available,0,
BATCH-11860,MED-035,LOC-007,281,2026-11-24,2026-07-05,112.0,Available,0,
BATCH-11861,MED-005,LOC-007,1200,2026-12-17,2026-03-13,115.5,Available,0,
BATCH-11862,MED-038,LOC-003,600,2027-08-27,2025-12-10,38.0,Available,0,
BATCH-11863,MED-035,LOC-003,511,2026-11-27,2026-06-03,112.0,Available,0,
BATCH-11864,MED-014,LOC-004,600,2026-10-25,2026-01-05,98.0,Available,0,
BATCH-11865,MED-020,LOC-010,1200,2026-10-23,2026-02-12,26.0,Available,0,
BATCH-11866,MED-038,LOC-009,600,2026-12-01,2026-05-13,38.0,Available,0,
BATCH-11867,MED-021,LOC-005,600,2026-11-30,2026-02-09,54.0,Available,0,
BATCH-11868,MED-037,LOC-010,600,2027-07-28,2026-07-06,25.0,Available,0,
BATCH-11869,MED-022,LOC-009,1200,2026-10-11,2026-04-09,58.0,Available,0,
BATCH-11870,MED-011,LOC-005,120,2026-10-04,2026-05-02,480.0,Near Expiry,0,
BATCH-11871,MED-010,LOC-002,600,2026-10-28,2026-06-14,145.0,Available,0,
BATCH-11872,MED-025,LOC-007,1200,2027-04-27,2026-01-24,78.0,Available,0,
BATCH-11873,MED-034,LOC-010,245,2027-01-05,2026-06-16,28.0,Available,0,
BATCH-11874,MED-038,LOC-003,1200,2027-08-28,2026-06-19,38.0,Available,0,
BATCH-11875,MED-029,LOC-001,152,2026-09-19,2026-06-03,125.0,Available,0,
BATCH-11876,MED-004,LOC-004,641,2026-09-16,2026-02-24,32.0,Near Expiry,0,
BATCH-11877,MED-005,LOC-008,199,2026-09-22,2026-02-09,115.5,Near Expiry,0,
BATCH-11878,MED-019,LOC-005,600,2027-05-26,2026-01-01,92.0,Available,0,
BATCH-11879,MED-010,LOC-009,600,2026-11-28,2026-04-17,145.0,Available,0,
BATCH-11880,MED-018,LOC-002,54,2026-09-15,2026-07-12,45.0,Near Expiry,0,
BATCH-11881,MED-039,LOC-007,600,2027-03-07,2025-12-20,45.0,Available,0,
BATCH-11882,MED-003,LOC-009,113,2026-09-18,2026-06-12,18.2,Near Expiry,0,
BATCH-11883,MED-027,LOC-004,1200,2026-12-08,2026-05-06,36.0,Available,0,
BATCH-11884,MED-039,LOC-007,1200,2026-11-15,2026-01-29,45.0,Available,0,
BATCH-11885,MED-032,LOC-001,56,2026-09-18,2026-04-28,420.0,Near Expiry,0,
BATCH-11886,MED-020,LOC-003,600,2026-11-21,2026-05-18,26.0,Available,0,
BATCH-11887,MED-010,LOC-004,1200,2026-10-18,2026-07-10,145.0,Available,0,
BATCH-11888,MED-037,LOC-008,600,2026-11-06,2025-11-17,25.0,Available,0,
BATCH-11889,MED-029,LOC-001,1028,2026-09-27,2026-04-22,125.0,Near Expiry,0,
BATCH-11890,MED-020,LOC-001,600,2026-10-18,2026-01-15,26.0,Available,0,
BATCH-11891,MED-035,LOC-008,980,2027-05-01,2026-01-20,112.0,Available,0,
BATCH-11892,MED-026,LOC-005,1200,2027-08-28,2026-02-23,168.0,Available,0,
BATCH-11893,MED-037,LOC-008,122,2027-04-16,2026-03-02,25.0,Available,0,
BATCH-11894,MED-027,LOC-003,600,2027-02-13,2026-05-14,36.0,Available,0,
BATCH-11895,MED-039,LOC-010,600,2027-07-06,2026-05-01,45.0,Available,0,
BATCH-11896,MED-037,LOC-008,67,2027-03-09,2026-06-08,25.0,Available,0,
BATCH-11897,MED-039,LOC-009,600,2026-10-16,2026-03-29,45.0,Available,0,
BATCH-11898,MED-026,LOC-002,1200,2027-07-06,2026-05-28,168.0,Available,0,
BATCH-11899,MED-040,LOC-010,600,2027-02-27,2026-02-12,2200.0,Available,0,
BATCH-11900,MED-036,LOC-004,600,2026-10-05,2025-12-03,135.0,Near Expiry,0,
BATCH-11901,MED-032,LOC-008,504,2026-11-21,2025-11-20,420.0,Available,0,
BATCH-11902,MED-017,LOC-009,1075,2026-10-04,2025-12-18,22.0,Available,0,
BATCH-11903,MED-016,LOC-002,173,2026-10-30,2026-02-27,64.0,Available,0,
BATCH-11904,MED-006,LOC-003,1200,2027-07-04,2026-07-10,42.0,Available,0,
BATCH-11905,MED-019,LOC-005,187,2026-09-16,2026-01-15,92.0,Near Expiry,0,
BATCH-11906,MED-005,LOC-005,1200,2027-04-05,2025-12-06,115.5,Available,0,
BATCH-11907,MED-037,LOC-002,162,2026-09-21,2026-03-02,25.0,Near Expiry,0,
BATCH-11908,MED-035,LOC-008,118,2026-10-06,2026-03-23,112.0,Near Expiry,0,
BATCH-11909,MED-020,LOC-003,600,2027-02-17,2026-04-28,26.0,Available,0,
BATCH-11910,MED-010,LOC-001,600,2026-11-17,2026-04-17,145.0,Available,0,
BATCH-11911,MED-028,LOC-007,600,2026-12-05,2026-06-16,15.0,Available,0,
BATCH-11912,MED-026,LOC-003,600,2026-12-27,2026-01-27,168.0,Available,0,
BATCH-11913,MED-001,LOC-002,600,2026-10-22,2026-05-11,24.5,Available,0,
BATCH-11914,MED-027,LOC-002,1200,2027-07-18,2026-02-16,36.0,Available,0,
BATCH-11915,MED-019,LOC-001,1200,2026-11-05,2025-11-14,92.0,Available,0,
BATCH-11916,MED-011,LOC-006,28,2026-09-20,2026-03-11,480.0,Near Expiry,0,
BATCH-11917,MED-001,LOC-001,600,2026-11-25,2026-05-23,24.5,Available,0,
BATCH-11918,MED-023,LOC-001,57,2026-09-20,2025-12-29,65.0,Near Expiry,0,
BATCH-11919,MED-022,LOC-010,1200,2027-01-15,2026-02-11,58.0,Available,0,
BATCH-11920,MED-014,LOC-008,93,2026-09-13,2026-01-06,98.0,Near Expiry,0,
BATCH-11921,MED-020,LOC-005,146,2027-05-05,2026-02-22,26.0,Available,0,
BATCH-11922,MED-028,LOC-001,100,2026-10-28,2026-03-28,15.0,Available,0,
BATCH-11923,MED-005,LOC-001,1200,2026-11-25,2026-03-29,115.5,Available,0,
BATCH-11924,MED-039,LOC-002,111,2026-12-27,2025-11-19,45.0,Available,0,
BATCH-11925,MED-006,LOC-008,430,2026-12-01,2026-05-31,42.0,Available,0,
BATCH-11926,MED-023,LOC-007,545,2026-09-26,2025-12-16,65.0,Near Expiry,0,
BATCH-11927,MED-033,LOC-001,1200,2026-10-28,2026-01-04,105.0,Available,0,
BATCH-11928,MED-007,LOC-006,1200,2027-07-29,2026-05-07,85.0,Available,0,
BATCH-11929,MED-026,LOC-006,400,2026-11-01,2026-06-13,168.0,Available,0,
BATCH-11930,MED-031,LOC-001,24,2026-09-11,2025-11-26,290.0,Near Expiry,0,
BATCH-11931,MED-020,LOC-002,1200,2026-11-10,2025-12-30,26.0,Available,0,
BATCH-11932,MED-035,LOC-003,101,2026-10-05,2026-05-20,112.0,Near Expiry,0,
BATCH-11933,MED-003,LOC-004,600,2026-12-09,2025-12-14,18.2,Available,0,
BATCH-11934,MED-002,LOC-008,600,2026-11-10,2026-06-04,68.0,Available,0,
BATCH-11935,MED-006,LOC-007,204,2026-10-24,2026-01-12,42.0,Available,0,
BATCH-11936,MED-016,LOC-006,1200,2026-11-14,2026-05-22,64.0,Available,0,
BATCH-11937,MED-030,LOC-005,215,2026-10-11,2026-03-06,140.0,Available,0,
BATCH-11938,MED-028,LOC-008,30,2026-09-16,2026-02-08,15.0,Near Expiry,0,
BATCH-11939,MED-039,LOC-003,534,2026-09-16,2026-01-10,45.0,Near Expiry,0,
BATCH-11940,MED-006,LOC-009,1200,2027-05-03,2025-12-03,42.0,Available,0,
BATCH-11941,MED-010,LOC-007,500,2026-10-14,2026-04-18,145.0,Available,0,
BATCH-11942,MED-022,LOC-003,600,2027-04-12,2026-05-26,58.0,Available,0,
BATCH-11943,MED-003,LOC-005,1200,2027-03-01,2026-06-05,18.2,Available,0,
BATCH-11944,MED-031,LOC-001,600,2026-10-19,2026-04-10,290.0,Available,0,
BATCH-11945,MED-004,LOC-009,1200,2026-12-01,2025-12-27,32.0,Available,0,
BATCH-11946,MED-013,LOC-002,600,2026-10-13,2026-04-29,72.0,Available,0,
BATCH-11947,MED-022,LOC-004,124,2026-11-23,2025-11-30,58.0,Available,0,
BATCH-11948,MED-009,LOC-007,600,2026-09-28,2026-02-15,76.0,Near Expiry,0,
BATCH-11949,MED-001,LOC-003,600,2027-01-16,2026-01-04,24.5,Available,0,
BATCH-11950,MED-036,LOC-008,79,2026-09-14,2026-03-02,135.0,Near Expiry,0,
BATCH-11951,MED-026,LOC-004,33,2026-09-14,2026-05-12,168.0,Near Expiry,0,
BATCH-11952,MED-034,LOC-002,600,2026-11-23,2026-05-05,28.0,Available,0,
BATCH-11953,MED-001,LOC-004,600,2026-11-28,2026-06-12,24.5,Available,0,
BATCH-11954,MED-002,LOC-003,1200,2026-10-11,2026-02-07,68.0,Available,0,
BATCH-11955,MED-013,LOC-008,600,2027-08-06,2026-01-15,72.0,Available,0,
BATCH-11956,MED-012,LOC-007,84,2026-09-15,2026-01-10,52.0,Near Expiry,0,
BATCH-11957,MED-030,LOC-006,1200,2027-08-19,2025-11-15,140.0,Available,0,
BATCH-11958,MED-018,LOC-010,1200,2027-01-01,2026-04-22,45.0,Available,0,
BATCH-11959,MED-039,LOC-005,1200,2026-12-09,2026-04-19,45.0,Available,0,
BATCH-11960,MED-036,LOC-001,600,2026-11-13,2026-01-10,135.0,Available,0,
BATCH-11961,MED-034,LOC-004,1200,2026-11-06,2025-12-08,28.0,Available,0,
BATCH-11962,MED-026,LOC-003,1200,2027-06-17,2026-06-04,168.0,Available,0,
BATCH-11963,MED-004,LOC-006,1200,2026-11-22,2026-07-09,32.0,Available,0,
BATCH-11964,MED-007,LOC-007,600,2027-05-17,2026-02-24,85.0,Available,0,
BATCH-11965,MED-010,LOC-007,1200,2027-07-05,2026-07-08,145.0,Available,0,
BATCH-11966,MED-005,LOC-006,600,2026-11-10,2026-06-24,115.5,Available,0,
BATCH-11967,MED-029,LOC-004,100,2026-11-30,2026-06-19,125.0,Available,0,
BATCH-11968,MED-028,LOC-001,1200,2026-10-25,2026-02-16,15.0,Available,0,
BATCH-11969,MED-017,LOC-005,44,2026-09-12,2026-04-25,22.0,Near Expiry,0,
BATCH-11970,MED-017,LOC-006,169,2026-10-09,2026-01-16,22.0,Available,0,
BATCH-11971,MED-004,LOC-006,600,2026-11-13,2026-02-16,32.0,Available,0,
BATCH-11972,MED-034,LOC-010,123,2026-11-23,2026-01-03,28.0,Available,0,
BATCH-11973,MED-038,LOC-004,1200,2026-10-23,2025-11-28,38.0,Available,0,
BATCH-11974,MED-021,LOC-010,600,2026-11-30,2026-01-22,54.0,Available,0,
BATCH-11975,MED-024,LOC-008,225,2026-09-12,2026-01-03,82.0,Near Expiry,0,
BATCH-11976,MED-006,LOC-009,574,2026-11-07,2026-07-11,42.0,Available,0,
BATCH-11977,MED-002,LOC-010,1200,2026-10-26,2026-05-12,68.0,Available,0,
BATCH-11978,MED-010,LOC-010,600,2026-11-16,2025-12-23,145.0,Available,0,
BATCH-11979,MED-026,LOC-005,487,2026-10-16,2025-12-02,168.0,Available,0,
BATCH-11980,MED-011,LOC-007,600,2027-08-02,2026-04-07,480.0,Available,0,
BATCH-11981,MED-011,LOC-008,102,2026-10-18,2026-02-03,480.0,Available,0,
BATCH-11982,MED-022,LOC-003,79,2026-09-12,2026-07-07,58.0,Near Expiry,0,
BATCH-11983,MED-005,LOC-007,600,2026-11-17,2025-12-30,115.5,Available,0,
BATCH-11984,MED-014,LOC-005,600,2026-11-12,2026-02-08,98.0,Available,0,
BATCH-11985,MED-031,LOC-006,600,2027-01-22,2026-04-19,290.0,Available,0,
BATCH-11986,MED-025,LOC-001,600,2027-07-24,2026-04-21,78.0,Available,0,
BATCH-11987,MED-013,LOC-009,1200,2027-02-11,2026-07-05,72.0,Available,0,
BATCH-11988,MED-019,LOC-004,275,2026-09-22,2025-12-30,92.0,Near Expiry,0,
BATCH-11989,MED-009,LOC-008,1200,2026-10-25,2026-05-18,76.0,Available,0,
BATCH-11990,MED-033,LOC-001,1200,2027-07-03,2025-11-17,105.0,Available,0,
BATCH-11991,MED-029,LOC-001,292,2026-09-29,2026-04-07,125.0,Near Expiry,0,
BATCH-11992,MED-040,LOC-009,1200,2027-02-17,2026-02-01,2200.0,Available,0,
BATCH-11993,MED-003,LOC-008,1200,2027-05-11,2026-01-07,18.2,Available,0,
BATCH-11994,MED-018,LOC-001,149,2026-12-07,2026-03-23,45.0,Available,0,
BATCH-11995,MED-011,LOC-007,186,2026-10-15,2026-04-08,480.0,Available,0,
BATCH-11996,MED-011,LOC-001,189,2027-04-14,2026-01-13,480.0,Available,0,
BATCH-11997,MED-023,LOC-007,600,2027-04-23,2026-03-29,65.0,Available,0,
BATCH-11998,MED-021,LOC-010,1200,2026-10-29,2026-05-20,54.0,Available,0,
BATCH-11999,MED-038,LOC-010,235,2026-12-03,2026-02-15,38.0,Available,0,
BATCH-12000,MED-039,LOC-002,600,2026-11-09,2026-01-13,45.0,Available,0,
BATCH-12001,MED-021,LOC-006,23,2026-09-13,2026-02-10,54.0,Near Expiry,0,
BATCH-12002,MED-027,LOC-007,85,2026-10-15,2026-06-09,36.0,Available,0,
BATCH-12003,MED-025,LOC-002,226,2026-09-23,2026-02-13,78.0,Near Expiry,0,
BATCH-12004,MED-005,LOC-002,590,2026-10-20,2026-02-19,115.5,Available,0,
BATCH-12005,MED-005,LOC-003,61,2026-11-23,2026-01-04,115.5,Available,0,
BATCH-12006,MED-009,LOC-004,96,2027-09-07,2026-01-13,76.0,Available,0,
BATCH-12007,MED-012,LOC-003,600,2026-11-02,2026-03-16,52.0,Available,0,
BATCH-12008,MED-033,LOC-009,1200,2026-12-09,2026-06-10,105.0,Available,0,
BATCH-12009,MED-035,LOC-008,20,2026-09-16,2026-02-23,112.0,Near Expiry,0,
BATCH-12010,MED-004,LOC-007,600,2026-12-03,2026-05-22,32.0,Available,0,
BATCH-12011,MED-026,LOC-005,89,2026-10-29,2026-02-09,168.0,Available,0,
BATCH-12012,MED-026,LOC-001,600,2027-05-25,2026-03-03,168.0,Available,0,
BATCH-12013,MED-025,LOC-004,133,2027-04-12,2026-07-12,78.0,Available,0,
BATCH-12014,MED-010,LOC-004,545,2026-10-14,2026-06-30,145.0,Available,0,
BATCH-12015,MED-027,LOC-002,1200,2026-10-15,2026-07-11,36.0,Available,0,
BATCH-12016,MED-021,LOC-008,1200,2026-11-23,2026-05-02,54.0,Available,0,
BATCH-12017,MED-034,LOC-007,600,2026-11-04,2025-12-30,28.0,Available,0,
BATCH-12018,MED-012,LOC-005,1200,2026-10-19,2026-07-11,52.0,Available,0,
BATCH-12019,MED-029,LOC-006,94,2026-12-05,2026-03-28,125.0,Available,0,
BATCH-12020,MED-004,LOC-006,150,2026-09-14,2026-04-13,32.0,Near Expiry,0,
BATCH-12021,MED-012,LOC-005,600,2027-04-22,2026-06-25,52.0,Available,0,
BATCH-12022,MED-019,LOC-001,24,2026-09-24,2026-03-30,92.0,Near Expiry,0,
BATCH-12023,MED-033,LOC-004,1200,2027-08-07,2025-12-02,105.0,Available,0,
BATCH-12024,MED-002,LOC-004,88,2026-10-12,2025-11-29,68.0,Available,0,
BATCH-12025,MED-010,LOC-004,1200,2026-11-23,2026-06-27,145.0,Available,0,
BATCH-12026,MED-022,LOC-001,1200,2026-12-03,2026-02-26,58.0,Available,0,
BATCH-12027,MED-018,LOC-002,517,2026-10-09,2026-02-13,45.0,Near Expiry,0,
BATCH-12028,MED-031,LOC-010,600,2026-11-07,2025-11-19,290.0,Available,0,
BATCH-12029,MED-018,LOC-006,1200,2027-04-26,2026-06-14,45.0,Available,0,
BATCH-12030,MED-018,LOC-009,88,2026-09-13,2025-11-20,45.0,Near Expiry,0,
BATCH-12031,MED-025,LOC-008,600,2026-10-27,2026-07-09,78.0,Available,0,
BATCH-12032,MED-015,LOC-010,1200,2026-10-11,2025-11-27,110.0,Available,0,
BATCH-12033,MED-036,LOC-001,600,2026-10-01,2026-01-10,135.0,Near Expiry,0,
BATCH-12034,MED-003,LOC-004,55,2027-06-09,2025-11-21,18.2,Available,0,
BATCH-12035,MED-022,LOC-009,1200,2026-11-06,2025-12-02,58.0,Available,0,
BATCH-12036,MED-020,LOC-003,22,2026-09-11,2026-03-22,26.0,Near Expiry,0,
BATCH-12037,MED-030,LOC-006,1200,2026-11-13,2026-01-25,140.0,Available,0,
BATCH-12038,MED-028,LOC-005,1200,2027-09-03,2026-01-09,15.0,Available,0,
BATCH-12039,MED-034,LOC-003,198,2027-05-22,2025-12-23,28.0,Available,0,
BATCH-12040,MED-033,LOC-005,486,2026-10-01,2026-01-28,105.0,Near Expiry,0,
BATCH-12041,MED-002,LOC-006,600,2026-11-22,2026-01-10,68.0,Available,0,
BATCH-12042,MED-031,LOC-005,600,2027-03-27,2026-06-17,290.0,Available,0,
BATCH-12043,MED-025,LOC-007,351,2026-10-06,2026-01-29,78.0,Near Expiry,0,
BATCH-12044,MED-034,LOC-002,1200,2026-10-27,2026-06-04,28.0,Available,0,
BATCH-12045,MED-025,LOC-006,600,2027-05-18,2026-03-28,78.0,Available,0,
BATCH-12046,MED-027,LOC-003,600,2026-10-02,2026-05-17,36.0,Near Expiry,0,
BATCH-12047,MED-038,LOC-001,34,2027-03-07,2026-05-15,38.0,Available,0,
BATCH-12048,MED-003,LOC-007,479,2026-10-19,2025-12-01,18.2,Available,0,
BATCH-12049,MED-004,LOC-009,38,2026-10-25,2026-03-20,32.0,Available,0,
BATCH-12050,MED-029,LOC-007,600,2026-11-20,2026-05-22,125.0,Available,0,
BATCH-12051,MED-035,LOC-009,180,2026-11-11,2025-12-09,112.0,Available,0,
BATCH-12052,MED-023,LOC-010,148,2026-09-14,2026-02-08,65.0,Near Expiry,0,
BATCH-12053,MED-024,LOC-009,600,2027-06-27,2026-05-31,82.0,Available,0,
BATCH-12054,MED-036,LOC-009,1200,2026-10-17,2026-02-28,135.0,Available,0,
BATCH-12055,MED-002,LOC-008,387,2026-10-15,2026-05-13,68.0,Available,0,
BATCH-12056,MED-039,LOC-001,1200,2026-11-20,2026-01-05,45.0,Available,0,
BATCH-12057,MED-035,LOC-002,90,2026-10-06,2026-02-24,112.0,Near Expiry,0,
BATCH-12058,MED-007,LOC-009,600,2026-12-23,2026-01-27,85.0,Available,0,
BATCH-12059,MED-039,LOC-001,600,2027-01-03,2026-03-18,45.0,Available,0,
BATCH-12060,MED-038,LOC-009,1200,2026-10-05,2026-05-14,38.0,Near Expiry,0,
BATCH-12061,MED-033,LOC-007,600,2026-11-29,2025-11-24,105.0,Available,0,
BATCH-12062,MED-003,LOC-007,220,2026-11-24,2026-03-04,18.2,Available,0,
BATCH-12063,MED-015,LOC-004,1200,2026-11-02,2026-03-20,110.0,Available,0,
BATCH-12064,MED-016,LOC-002,1200,2027-03-31,2026-06-17,64.0,Available,0,
BATCH-12065,MED-003,LOC-006,421,2026-11-08,2026-07-04,18.2,Available,0,
BATCH-12066,MED-040,LOC-010,91,2026-12-03,2026-05-17,2200.0,Available,0,
BATCH-12067,MED-017,LOC-001,1200,2026-10-27,2026-02-25,22.0,Available,0,
BATCH-12068,MED-020,LOC-002,212,2026-10-26,2026-06-29,26.0,Available,0,
BATCH-12069,MED-010,LOC-004,1200,2027-05-24,2025-12-07,145.0,Available,0,
BATCH-12070,MED-029,LOC-002,174,2026-11-04,2026-04-03,125.0,Available,0,
BATCH-12071,MED-005,LOC-001,600,2026-11-24,2025-11-30,115.5,Available,0,
BATCH-12072,MED-010,LOC-004,600,2026-11-19,2025-12-19,145.0,Available,0,
BATCH-12073,MED-019,LOC-005,600,2026-10-26,2026-02-15,92.0,Available,0,
BATCH-12074,MED-015,LOC-007,600,2026-11-23,2026-04-27,110.0,Available,0,
BATCH-12075,MED-009,LOC-010,600,2026-10-17,2025-12-30,76.0,Available,0,
BATCH-12076,MED-023,LOC-010,600,2027-06-15,2026-03-19,65.0,Available,0,
BATCH-12077,MED-010,LOC-008,166,2026-10-04,2026-02-19,145.0,Near Expiry,0,
BATCH-12078,MED-037,LOC-002,600,2026-10-22,2025-11-19,25.0,Available,0,
BATCH-12079,MED-015,LOC-004,244,2026-09-20,2026-01-05,110.0,Near Expiry,0,
BATCH-12080,MED-017,LOC-009,73,2026-10-24,2025-12-20,22.0,Available,0,
BATCH-12081,MED-020,LOC-005,1200,2027-08-08,2026-01-12,26.0,Available,0,
BATCH-12082,MED-008,LOC-006,1200,2027-06-10,2026-02-23,28.5,Available,0,
BATCH-12083,MED-032,LOC-005,1200,2027-02-06,2026-03-26,420.0,Available,0,
BATCH-12084,MED-001,LOC-003,600,2027-01-18,2026-03-03,24.5,Available,0,
BATCH-12085,MED-019,LOC-002,266,2026-09-27,2026-01-23,92.0,Available,0,
BATCH-12086,MED-038,LOC-005,600,2027-03-24,2026-01-16,38.0,Available,0,
BATCH-12087,MED-009,LOC-010,600,2027-02-12,2026-02-25,76.0,Available,0,
BATCH-12088,MED-013,LOC-001,211,2027-07-15,2025-12-06,72.0,Available,0,
BATCH-12089,MED-002,LOC-010,600,2026-11-28,2026-04-05,68.0,Available,0,
BATCH-12090,MED-013,LOC-007,600,2026-10-25,2026-06-11,72.0,Available,0,
BATCH-12091,MED-028,LOC-002,66,2026-09-13,2026-01-02,15.0,Near Expiry,0,
BATCH-12092,MED-003,LOC-003,88,2027-02-13,2026-06-08,18.2,Available,0,
BATCH-12093,MED-040,LOC-010,128,2026-11-12,2025-11-24,2200.0,Available,0,
BATCH-12094,MED-036,LOC-004,600,2027-08-16,2026-04-12,135.0,Available,0,
BATCH-12095,MED-029,LOC-010,29,2026-09-12,2026-05-03,125.0,Near Expiry,0,
BATCH-12096,MED-040,LOC-003,131,2026-09-29,2026-04-26,2200.0,Near Expiry,0,
BATCH-12097,MED-020,LOC-003,1200,2027-06-20,2025-12-16,26.0,Available,0,
BATCH-12098,MED-016,LOC-008,1200,2027-06-22,2026-05-18,64.0,Available,0,
BATCH-12099,MED-023,LOC-007,600,2027-05-30,2026-04-12,65.0,Available,0,
BATCH-12100,MED-029,LOC-007,1200,2027-04-23,2025-12-17,125.0,Available,0,
BATCH-12101,MED-002,LOC-004,105,2027-05-24,2026-07-12,68.0,Available,0,
BATCH-12102,MED-022,LOC-002,219,2026-11-16,2025-12-12,58.0,Available,0,
BATCH-12103,MED-019,LOC-005,1200,2027-07-02,2026-03-11,92.0,Available,0,
BATCH-12104,MED-035,LOC-004,36,2026-11-19,2026-03-14,112.0,Available,0,
BATCH-12105,MED-017,LOC-006,471,2026-11-03,2026-01-04,22.0,Available,0,
BATCH-12106,MED-038,LOC-004,144,2026-09-20,2026-01-15,38.0,Near Expiry,0,
BATCH-12107,MED-038,LOC-006,422,2026-09-22,2026-07-10,38.0,Available,0,
BATCH-12108,MED-019,LOC-004,600,2026-10-31,2026-03-23,92.0,Available,0,
BATCH-12109,MED-034,LOC-006,600,2026-11-11,2026-06-17,28.0,Available,0,
BATCH-12110,MED-006,LOC-005,440,2026-09-20,2025-11-14,42.0,Near Expiry,0,
BATCH-12111,MED-031,LOC-009,600,2026-10-31,2026-06-16,290.0,Available,0,
BATCH-12112,MED-005,LOC-009,545,2026-10-12,2026-02-05,115.5,Available,0,
BATCH-12113,MED-020,LOC-003,1200,2026-10-25,2025-12-10,26.0,Available,0,
BATCH-12114,MED-001,LOC-003,115,2027-03-21,2026-05-11,24.5,Available,0,
BATCH-12115,MED-017,LOC-003,600,2026-11-16,2026-07-09,22.0,Available,0,
BATCH-12116,MED-012,LOC-009,600,2026-10-21,2026-01-28,52.0,Available,0,
BATCH-12117,MED-021,LOC-003,711,2026-09-21,2025-12-23,54.0,Near Expiry,0,
BATCH-12118,MED-031,LOC-001,200,2026-09-20,2026-01-04,290.0,Near Expiry,0,
BATCH-12119,MED-026,LOC-007,600,2027-03-25,2025-12-07,168.0,Available,0,
BATCH-12120,MED-009,LOC-005,151,2026-09-13,2026-05-14,76.0,Near Expiry,0,
BATCH-12121,MED-012,LOC-001,1200,2026-10-15,2026-01-26,52.0,Available,0,
BATCH-12122,MED-040,LOC-001,1200,2027-02-06,2025-12-30,2200.0,Available,0,
BATCH-12123,MED-014,LOC-004,600,2026-11-16,2026-05-15,98.0,Available,0,
BATCH-12124,MED-008,LOC-004,600,2026-10-07,2025-12-11,28.5,Near Expiry,0,
BATCH-12125,MED-014,LOC-005,1200,2026-09-30,2025-12-19,98.0,Near Expiry,0,
BATCH-12126,MED-001,LOC-003,600,2026-10-27,2026-03-24,24.5,Available,0,
BATCH-12127,MED-038,LOC-006,600,2026-11-04,2026-03-18,38.0,Available,0,
BATCH-12128,MED-016,LOC-005,600,2026-11-27,2026-01-30,64.0,Available,0,
BATCH-12129,MED-015,LOC-006,1200,2026-11-04,2026-06-19,110.0,Available,0,
BATCH-12130,MED-025,LOC-007,600,2026-10-21,2026-02-18,78.0,Available,0,
BATCH-12131,MED-025,LOC-003,600,2026-10-18,2025-12-01,78.0,Available,0,
BATCH-12132,MED-027,LOC-005,1200,2026-10-03,2026-04-09,36.0,Near Expiry,0,
BATCH-12133,MED-038,LOC-006,286,2026-10-02,2026-05-04,38.0,Near Expiry,0,
BATCH-12134,MED-015,LOC-006,367,2026-10-06,2026-01-14,110.0,Near Expiry,0,
BATCH-12135,MED-037,LOC-009,1200,2027-04-16,2026-06-03,25.0,Available,0,
BATCH-12136,MED-025,LOC-008,1200,2027-02-25,2026-04-27,78.0,Available,0,
BATCH-12137,MED-011,LOC-008,583,2027-07-12,2026-05-23,480.0,Available,0,
BATCH-12138,MED-018,LOC-004,600,2027-05-05,2026-03-29,45.0,Available,0,
BATCH-12139,MED-037,LOC-001,600,2026-10-14,2026-04-03,25.0,Available,0,
BATCH-12140,MED-038,LOC-004,39,2026-12-04,2025-11-27,38.0,Available,0,
BATCH-12141,MED-027,LOC-002,600,2026-10-18,2026-01-21,36.0,Available,0,
BATCH-12142,MED-033,LOC-004,1200,2026-11-12,2026-07-05,105.0,Available,0,
BATCH-12143,MED-014,LOC-008,44,2026-09-19,2026-05-31,98.0,Near Expiry,0,
BATCH-12144,MED-018,LOC-009,24,2026-12-06,2026-03-11,45.0,Available,0,
BATCH-12145,MED-036,LOC-003,1200,2026-10-19,2026-02-16,135.0,Available,0,
BATCH-12146,MED-008,LOC-005,133,2026-10-17,2026-02-11,28.5,Available,0,
BATCH-12147,MED-026,LOC-003,1200,2026-10-19,2025-12-10,168.0,Available,0,
BATCH-12148,MED-011,LOC-007,600,2027-05-10,2026-04-15,480.0,Available,0,
BATCH-12149,MED-039,LOC-002,181,2026-11-03,2025-11-16,45.0,Available,0,
BATCH-12150,MED-020,LOC-001,48,2026-10-06,2025-12-08,26.0,Near Expiry,0,
BATCH-12151,MED-012,LOC-007,1200,2026-11-22,2026-01-10,52.0,Available,0,
BATCH-12152,MED-040,LOC-007,77,2026-11-01,2026-07-06,2200.0,Available,0,
BATCH-12153,MED-014,LOC-006,400,2026-09-21,2026-04-04,98.0,Near Expiry,0,
BATCH-12154,MED-037,LOC-001,1200,2026-10-10,2026-02-08,25.0,Near Expiry,0,
BATCH-12155,MED-006,LOC-004,248,2026-09-26,2026-05-18,42.0,Available,0,
BATCH-12156,MED-014,LOC-005,1200,2026-11-13,2026-05-01,98.0,Available,0,
BATCH-12157,MED-017,LOC-002,600,2026-11-12,2025-12-03,22.0,Available,0,
BATCH-12158,MED-017,LOC-009,189,2026-09-30,2026-05-01,22.0,Near Expiry,0,
BATCH-12159,MED-006,LOC-001,63,2026-09-13,2026-01-26,42.0,Near Expiry,0,
BATCH-12160,MED-010,LOC-009,123,2026-12-08,2026-03-28,145.0,Available,0,
BATCH-12161,MED-035,LOC-001,496,2027-01-16,2025-11-30,112.0,Available,0,
BATCH-12162,MED-008,LOC-004,600,2026-11-08,2026-01-03,28.5,Available,0,
BATCH-12163,MED-010,LOC-001,284,2026-09-24,2026-06-27,145.0,Near Expiry,0,
BATCH-12164,MED-032,LOC-010,1060,2026-10-05,2026-06-22,420.0,Near Expiry,0,
BATCH-12165,MED-006,LOC-008,108,2026-09-22,2026-06-17,42.0,Near Expiry,0,
BATCH-12166,MED-002,LOC-003,600,2026-10-25,2026-01-22,68.0,Available,0,
BATCH-12167,MED-036,LOC-002,600,2026-10-14,2026-06-09,135.0,Available,0,
BATCH-12168,MED-021,LOC-003,600,2027-01-17,2025-12-27,54.0,Available,0,
BATCH-12169,MED-033,LOC-006,354,2026-11-19,2025-12-04,105.0,Available,0,
BATCH-12170,MED-006,LOC-001,600,2027-08-22,2026-04-26,42.0,Available,0,
BATCH-12171,MED-008,LOC-010,600,2027-03-06,2026-05-10,28.5,Available,0,
BATCH-12172,MED-004,LOC-002,1200,2026-11-12,2025-11-19,32.0,Available,0,
BATCH-12173,MED-027,LOC-010,600,2026-12-01,2026-05-26,36.0,Available,0,
BATCH-12174,MED-023,LOC-006,86,2026-09-28,2026-01-26,65.0,Near Expiry,0,
BATCH-12175,MED-009,LOC-006,1200,2026-11-03,2025-12-17,76.0,Available,0,
BATCH-12176,MED-038,LOC-009,111,2026-11-29,2026-05-03,38.0,Available,0,
BATCH-12177,MED-028,LOC-007,600,2026-11-26,2026-02-17,15.0,Available,0,
BATCH-12178,MED-002,LOC-006,467,2026-10-08,2026-04-16,68.0,Near Expiry,0,
BATCH-12179,MED-026,LOC-004,1200,2026-11-04,2026-03-05,168.0,Available,0,
BATCH-12180,MED-012,LOC-008,1200,2026-11-12,2026-03-18,52.0,Available,0,
BATCH-12181,MED-024,LOC-007,514,2026-10-19,2026-04-06,82.0,Available,0,
BATCH-12182,MED-006,LOC-005,600,2027-04-29,2026-06-14,42.0,Available,0,
BATCH-12183,MED-033,LOC-007,600,2027-04-22,2026-07-02,105.0,Available,0,
BATCH-12184,MED-007,LOC-001,211,2026-09-16,2025-12-16,85.0,Near Expiry,0,
BATCH-12185,MED-018,LOC-002,1200,2026-10-28,2026-06-06,45.0,Available,0,
BATCH-12186,MED-013,LOC-009,600,2026-11-13,2026-04-14,72.0,Available,0,
BATCH-12187,MED-010,LOC-009,384,2026-09-23,2026-05-01,145.0,Near Expiry,0,
BATCH-12188,MED-021,LOC-003,600,2026-11-21,2026-02-07,54.0,Available,0,
BATCH-12189,MED-006,LOC-001,78,2026-11-27,2026-05-05,42.0,Available,0,
BATCH-12190,MED-024,LOC-002,1200,2026-12-09,2026-05-10,82.0,Available,0,
BATCH-12191,MED-021,LOC-004,600,2026-11-04,2026-03-21,54.0,Available,0,
BATCH-12192,MED-038,LOC-003,600,2026-12-13,2025-12-22,38.0,Available,0,
BATCH-12193,MED-024,LOC-008,306,2026-11-11,2026-02-09,82.0,Available,0,
BATCH-12194,MED-035,LOC-001,1200,2026-12-22,2025-11-25,112.0,Available,0,
BATCH-12195,MED-022,LOC-004,600,2026-10-30,2026-04-18,58.0,Available,0,
BATCH-12196,MED-007,LOC-005,600,2026-10-28,2026-03-30,85.0,Available,0,
BATCH-12197,MED-009,LOC-009,28,2026-09-11,2026-01-21,76.0,Near Expiry,0,
BATCH-12198,MED-015,LOC-006,192,2026-12-09,2026-02-19,110.0,Available,0,
BATCH-12199,MED-015,LOC-008,600,2026-12-04,2026-06-13,110.0,Available,0,
BATCH-12200,MED-040,LOC-008,508,2026-11-09,2025-11-23,2200.0,Available,0,
BATCH-12201,MED-039,LOC-010,146,2026-09-17,2026-04-19,45.0,Near Expiry,0,
BATCH-12202,MED-024,LOC-010,1200,2026-12-02,2025-12-28,82.0,Available,0,
BATCH-12203,MED-012,LOC-010,165,2026-12-10,2025-12-11,52.0,Available,0,
BATCH-12204,MED-004,LOC-005,600,2026-10-15,2026-03-01,32.0,Available,0,
BATCH-12205,MED-005,LOC-001,1200,2026-10-24,2026-03-17,115.5,Available,0,
BATCH-12206,MED-018,LOC-006,312,2026-10-12,2026-06-21,45.0,Available,0,
BATCH-12207,MED-015,LOC-007,600,2026-11-12,2026-04-27,110.0,Available,0,
BATCH-12208,MED-015,LOC-001,600,2026-11-16,2026-03-12,110.0,Available,0,
BATCH-12209,MED-040,LOC-007,179,2026-10-20,2026-03-17,2200.0,Available,0,
BATCH-12210,MED-021,LOC-001,1200,2026-12-01,2026-05-26,54.0,Available,0,
BATCH-12211,MED-017,LOC-003,1200,2026-10-04,2026-07-04,22.0,Near Expiry,0,
BATCH-12212,MED-009,LOC-005,600,2026-09-28,2025-12-01,76.0,Near Expiry,0,
BATCH-12213,MED-021,LOC-008,863,2026-10-29,2025-11-17,54.0,Available,0,
BATCH-12214,MED-032,LOC-010,1200,2026-12-17,2026-06-01,420.0,Available,0,
BATCH-12215,MED-004,LOC-004,600,2027-03-29,2026-05-17,32.0,Available,0,
BATCH-12216,MED-039,LOC-005,600,2026-11-09,2026-05-17,45.0,Available,0,
BATCH-12217,MED-009,LOC-009,1200,2026-10-12,2026-05-02,76.0,Available,0,
BATCH-12218,MED-039,LOC-007,600,2026-11-08,2025-11-29,45.0,Available,0,
BATCH-12219,MED-007,LOC-008,1200,2026-10-16,2026-02-09,85.0,Available,0,
BATCH-12220,MED-020,LOC-002,111,2026-10-28,2025-11-17,26.0,Available,0,
BATCH-12221,MED-016,LOC-010,21,2026-09-30,2026-05-20,64.0,Near Expiry,0,
BATCH-12222,MED-026,LOC-004,1200,2027-06-09,2026-01-01,168.0,Available,0,
BATCH-12223,MED-015,LOC-010,148,2026-09-19,2025-12-25,110.0,Near Expiry,0,
BATCH-12224,MED-003,LOC-007,720,2026-10-06,2026-02-15,18.2,Near Expiry,0,
BATCH-12225,MED-024,LOC-010,636,2026-10-07,2026-02-08,82.0,Near Expiry,0,
BATCH-12226,MED-002,LOC-003,600,2026-11-30,2026-04-16,68.0,Available,0,
BATCH-12227,MED-022,LOC-007,600,2026-12-01,2026-05-02,58.0,Available,0,
BATCH-12228,MED-023,LOC-010,600,2026-11-03,2026-03-19,65.0,Available,0,
BATCH-12229,MED-015,LOC-001,54,2026-11-04,2026-04-15,110.0,Available,0,
BATCH-12230,MED-015,LOC-002,600,2027-08-06,2026-03-15,110.0,Available,0,
BATCH-12231,MED-022,LOC-007,600,2026-11-03,2026-04-30,58.0,Available,0,
BATCH-12232,MED-008,LOC-010,1200,2026-11-04,2026-04-13,28.5,Available,0,
BATCH-12233,MED-007,LOC-002,107,2026-11-25,2026-03-25,85.0,Available,0,
BATCH-12234,MED-004,LOC-006,465,2026-10-03,2025-12-30,32.0,Near Expiry,0,
BATCH-12235,MED-011,LOC-009,95,2026-10-10,2026-03-12,480.0,Near Expiry,0,
BATCH-12236,MED-040,LOC-001,104,2026-09-25,2026-06-13,2200.0,Near Expiry,0,
BATCH-12237,MED-029,LOC-001,600,2026-11-06,2026-03-12,125.0,Available,0,
BATCH-12238,MED-010,LOC-004,600,2026-11-13,2026-02-24,145.0,Available,0,
BATCH-12239,MED-025,LOC-009,600,2026-11-30,2026-03-03,78.0,Available,0,
BATCH-12240,MED-006,LOC-005,1200,2027-05-18,2026-05-24,42.0,Available,0,
BATCH-12241,MED-016,LOC-008,600,2027-04-14,2026-02-17,64.0,Available,0,
BATCH-12242,MED-016,LOC-002,256,2026-09-26,2026-02-09,64.0,Near Expiry,0,
BATCH-12243,MED-040,LOC-004,94,2026-10-03,2026-02-25,2200.0,Near Expiry,0,
BATCH-12244,MED-013,LOC-008,523,2026-10-29,2026-06-24,72.0,Available,0,
BATCH-12245,MED-034,LOC-003,225,2026-09-11,2026-01-23,28.0,Near Expiry,0,
BATCH-12246,MED-023,LOC-003,1200,2026-11-22,2026-04-29,65.0,Available,0,
BATCH-12247,MED-015,LOC-006,69,2026-09-12,2026-05-02,110.0,Near Expiry,0,
BATCH-12248,MED-016,LOC-008,118,2027-06-15,2026-01-21,64.0,Available,0,
BATCH-12249,MED-040,LOC-008,537,2027-04-22,2026-02-27,2200.0,Available,0,
BATCH-12250,MED-011,LOC-005,600,2027-05-06,2026-01-12,480.0,Available,0,
BATCH-12251,MED-009,LOC-006,391,2026-09-14,2026-02-14,76.0,Near Expiry,0,
BATCH-12252,MED-021,LOC-007,1200,2026-11-20,2025-12-05,54.0,Available,0,
BATCH-12253,MED-004,LOC-007,600,2027-07-27,2025-11-30,32.0,Available,0,
BATCH-12254,MED-015,LOC-006,600,2026-11-29,2026-03-22,110.0,Available,0,
BATCH-12255,MED-018,LOC-003,357,2026-09-15,2026-06-14,45.0,Near Expiry,0,
BATCH-12256,MED-024,LOC-001,196,2026-09-24,2026-03-08,82.0,Near Expiry,0,
BATCH-12257,MED-001,LOC-005,55,2027-08-19,2026-01-08,24.5,Available,0,
BATCH-12258,MED-024,LOC-002,600,2027-05-08,2026-01-15,82.0,Available,0,
BATCH-12259,MED-040,LOC-009,56,2026-09-27,2026-01-19,2200.0,Near Expiry,0,
BATCH-12260,MED-016,LOC-004,1200,2026-11-03,2025-11-29,64.0,Available,0,
BATCH-12261,MED-037,LOC-005,600,2026-11-02,2025-11-18,25.0,Available,0,
BATCH-12262,MED-001,LOC-007,226,2026-10-08,2026-06-07,24.5,Near Expiry,0,
BATCH-12263,MED-034,LOC-007,26,2026-09-21,2026-06-07,28.0,Near Expiry,0,
BATCH-12264,MED-004,LOC-009,1200,2026-11-09,2026-05-05,32.0,Available,0,
BATCH-12265,MED-035,LOC-004,46,2026-09-24,2026-03-19,112.0,Near Expiry,0,
BATCH-12266,MED-033,LOC-003,600,2027-07-05,2026-03-07,105.0,Available,0,
BATCH-12267,MED-025,LOC-001,244,2027-04-18,2026-02-07,78.0,Available,0,
BATCH-12268,MED-039,LOC-003,98,2026-09-13,2025-11-20,45.0,Near Expiry,0,
BATCH-12269,MED-008,LOC-004,1200,2026-10-07,2025-12-03,28.5,Near Expiry,0,
BATCH-12270,MED-014,LOC-006,104,2026-09-16,2025-11-27,98.0,Near Expiry,0,
BATCH-12271,MED-019,LOC-007,184,2026-09-29,2026-02-27,92.0,Near Expiry,0,
BATCH-12272,MED-004,LOC-009,600,2027-03-30,2026-02-28,32.0,Available,0,
BATCH-12273,MED-003,LOC-005,1200,2026-10-13,2026-06-27,18.2,Available,0,
BATCH-12274,MED-005,LOC-006,1200,2026-11-08,2026-03-04,115.5,Available,0,
BATCH-12275,MED-022,LOC-004,1200,2026-11-30,2026-06-16,58.0,Available,0,
BATCH-12276,MED-031,LOC-005,1200,2026-10-22,2026-03-05,290.0,Available,0,
BATCH-12277,MED-001,LOC-002,1200,2027-08-31,2025-11-16,24.5,Available,0,
BATCH-12278,MED-008,LOC-008,1200,2027-07-28,2026-02-22,28.5,Available,0,
BATCH-12279,MED-039,LOC-001,1200,2026-10-02,2026-01-25,45.0,Near Expiry,0,
BATCH-12280,MED-034,LOC-009,600,2026-11-16,2026-03-11,28.0,Available,0,
BATCH-12281,MED-034,LOC-007,600,2026-11-05,2026-03-02,28.0,Available,0,
BATCH-12282,MED-031,LOC-007,600,2026-10-29,2026-01-05,290.0,Available,0,
BATCH-12283,MED-027,LOC-002,1200,2026-10-12,2026-01-09,36.0,Available,0,
BATCH-12284,MED-035,LOC-004,88,2026-10-19,2026-04-12,112.0,Available,0,
BATCH-12285,MED-021,LOC-008,1200,2026-11-27,2026-04-09,54.0,Available,0,
BATCH-12286,MED-016,LOC-010,600,2026-12-04,2025-12-30,64.0,Available,0,
BATCH-12287,MED-010,LOC-002,531,2026-11-04,2026-01-14,145.0,Available,0,
BATCH-12288,MED-022,LOC-009,600,2027-07-15,2026-03-25,58.0,Available,0,
BATCH-12289,MED-013,LOC-001,600,2026-10-04,2026-06-02,72.0,Near Expiry,0,
BATCH-12290,MED-025,LOC-007,1200,2026-12-05,2026-01-28,78.0,Available,0,
BATCH-12291,MED-024,LOC-001,276,2026-09-22,2026-04-09,82.0,Available,0,
BATCH-12292,MED-001,LOC-009,600,2026-10-17,2025-11-14,24.5,Available,0,
BATCH-12293,MED-031,LOC-003,162,2026-12-14,2026-01-30,290.0,Available,0,
BATCH-12294,MED-011,LOC-008,49,2027-08-07,2026-03-18,480.0,Available,0,
BATCH-12295,MED-008,LOC-009,600,2026-10-21,2026-06-10,28.5,Available,0,
BATCH-12296,MED-025,LOC-004,334,2026-09-15,2026-06-27,78.0,Near Expiry,0,
BATCH-12297,MED-010,LOC-002,70,2026-09-12,2026-05-02,145.0,Near Expiry,0,
BATCH-12298,MED-019,LOC-008,475,2026-10-09,2026-04-14,92.0,Available,0,
BATCH-12299,MED-029,LOC-008,163,2026-10-07,2025-12-24,125.0,Available,0,
BATCH-12300,MED-038,LOC-010,600,2026-11-13,2026-04-07,38.0,Available,0,
BATCH-12301,MED-026,LOC-007,1200,2027-07-06,2026-04-28,168.0,Available,0,
BATCH-12302,MED-025,LOC-009,600,2027-03-19,2026-04-30,78.0,Available,0,
BATCH-12303,MED-024,LOC-003,70,2026-09-27,2026-01-21,82.0,Available,0,
BATCH-12304,MED-030,LOC-010,1200,2026-10-10,2025-12-10,140.0,Near Expiry,0,
BATCH-12305,MED-017,LOC-004,1200,2026-12-16,2026-03-17,22.0,Available,0,
BATCH-12306,MED-031,LOC-004,1200,2026-11-04,2026-06-13,290.0,Available,0,
BATCH-12307,MED-038,LOC-002,521,2026-09-28,2026-01-14,38.0,Near Expiry,0,
BATCH-12308,MED-010,LOC-007,188,2026-09-15,2026-07-04,145.0,Near Expiry,0,
BATCH-12309,MED-037,LOC-004,600,2026-12-07,2026-03-15,25.0,Available,0,
BATCH-12310,MED-014,LOC-004,600,2026-10-27,2026-03-06,98.0,Available,0,
BATCH-12311,MED-039,LOC-003,1200,2026-10-06,2026-02-17,45.0,Near Expiry,0,
BATCH-12312,MED-016,LOC-009,1200,2027-06-26,2025-12-06,64.0,Available,0,
BATCH-12313,MED-010,LOC-001,124,2027-01-25,2026-03-08,145.0,Available,0,
BATCH-12314,MED-028,LOC-006,574,2026-10-04,2026-04-03,15.0,Near Expiry,0,
BATCH-12315,MED-011,LOC-008,338,2026-11-19,2026-07-12,480.0,Available,0,
BATCH-12316,MED-010,LOC-001,1200,2026-12-01,2026-06-30,145.0,Available,0,
BATCH-12317,MED-025,LOC-001,600,2026-10-29,2026-07-06,78.0,Available,0,
BATCH-12318,MED-010,LOC-008,1200,2027-07-03,2026-01-27,145.0,Available,0,
BATCH-12319,MED-013,LOC-004,600,2026-10-24,2025-12-08,72.0,Available,0,
BATCH-12320,MED-013,LOC-001,266,2026-09-19,2026-07-03,72.0,Near Expiry,0,
BATCH-12321,MED-016,LOC-002,99,2026-11-26,2026-06-13,64.0,Available,0,
BATCH-12322,MED-035,LOC-001,479,2026-10-08,2026-05-14,112.0,Available,0,
BATCH-12323,MED-005,LOC-006,1200,2026-11-29,2025-12-31,115.5,Available,0,
BATCH-12324,MED-040,LOC-004,50,2026-09-13,2026-01-13,2200.0,Near Expiry,0,
BATCH-12325,MED-028,LOC-002,1200,2026-10-24,2026-04-03,15.0,Available,0,
BATCH-12326,MED-002,LOC-009,600,2027-01-21,2026-06-07,68.0,Available,0,
BATCH-12327,MED-005,LOC-006,600,2027-05-14,2025-12-25,115.5,Available,0,
BATCH-12328,MED-030,LOC-001,42,2027-04-01,2026-06-24,140.0,Available,0,
BATCH-12329,MED-003,LOC-006,584,2026-11-16,2026-01-21,18.2,Available,0,
BATCH-12330,MED-028,LOC-008,44,2027-07-27,2026-02-04,15.0,Available,0,
BATCH-12331,MED-036,LOC-010,600,2027-05-16,2026-06-07,135.0,Available,0,
BATCH-12332,MED-027,LOC-006,1200,2026-12-04,2026-01-07,36.0,Available,0,
BATCH-12333,MED-028,LOC-008,600,2026-11-13,2026-03-04,15.0,Available,0,
BATCH-12334,MED-034,LOC-009,600,2027-03-30,2026-03-30,28.0,Available,0,
BATCH-12335,MED-023,LOC-001,600,2026-10-08,2025-12-26,65.0,Near Expiry,0,
BATCH-12336,MED-012,LOC-010,206,2026-10-01,2026-03-21,52.0,Near Expiry,0,
BATCH-12337,MED-013,LOC-008,600,2026-11-12,2026-04-02,72.0,Available,0,
BATCH-12338,MED-039,LOC-009,1200,2026-12-10,2026-03-16,45.0,Available,0,
BATCH-12339,MED-021,LOC-010,1200,2026-11-14,2026-04-21,54.0,Available,0,
BATCH-12340,MED-030,LOC-003,600,2026-10-30,2025-12-10,140.0,Available,0,
BATCH-12341,MED-013,LOC-009,1200,2026-11-03,2026-02-26,72.0,Available,0,
BATCH-12342,MED-005,LOC-005,600,2026-10-02,2025-12-25,115.5,Near Expiry,0,
BATCH-12343,MED-037,LOC-002,242,2027-02-19,2026-02-11,25.0,Available,0,
BATCH-12344,MED-026,LOC-006,600,2027-09-09,2026-02-26,168.0,Available,0,
BATCH-12345,MED-020,LOC-009,21,2026-10-12,2025-12-01,26.0,Available,0,
BATCH-12346,MED-039,LOC-003,600,2026-10-30,2026-01-13,45.0,Available,0,
BATCH-12347,MED-032,LOC-006,941,2026-11-11,2026-02-02,420.0,Available,0,
BATCH-12348,MED-010,LOC-010,440,2026-09-21,2025-11-30,145.0,Near Expiry,0,
BATCH-12349,MED-005,LOC-009,600,2026-10-31,2026-07-03,115.5,Available,0,
BATCH-12350,MED-002,LOC-007,1200,2026-11-29,2026-04-15,68.0,Available,0,
BATCH-12351,MED-015,LOC-004,1200,2026-10-17,2025-12-14,110.0,Available,0,
BATCH-12352,MED-025,LOC-003,600,2026-12-16,2025-12-24,78.0,Available,0,
BATCH-12353,MED-009,LOC-005,600,2027-06-25,2026-01-27,76.0,Available,0,
BATCH-12354,MED-037,LOC-008,362,2026-10-26,2025-12-22,25.0,Available,0,
BATCH-12355,MED-021,LOC-008,600,2027-01-26,2025-12-18,54.0,Available,0,
BATCH-12356,MED-039,LOC-006,1200,2027-08-20,2026-05-08,45.0,Available,0,
BATCH-12357,MED-032,LOC-004,437,2026-10-20,2026-05-09,420.0,Available,0,
BATCH-12358,MED-005,LOC-005,600,2026-10-24,2025-11-25,115.5,Available,0,
BATCH-12359,MED-023,LOC-009,671,2026-09-26,2025-12-23,65.0,Near Expiry,0,
BATCH-12360,MED-015,LOC-006,1200,2026-11-23,2026-02-01,110.0,Available,0,
BATCH-12361,MED-032,LOC-004,1200,2026-10-23,2025-12-12,420.0,Available,0,
BATCH-12362,MED-010,LOC-001,600,2027-08-02,2026-03-13,145.0,Available,0,
BATCH-12363,MED-039,LOC-005,176,2026-11-04,2025-11-28,45.0,Available,0,
BATCH-12364,MED-036,LOC-004,1200,2026-11-30,2026-05-09,135.0,Available,0,
BATCH-12365,MED-028,LOC-010,1200,2026-12-07,2026-02-25,15.0,Available,0,
BATCH-12366,MED-020,LOC-006,1200,2027-06-12,2026-01-09,26.0,Available,0,
BATCH-12367,MED-018,LOC-007,1200,2026-11-03,2025-12-14,45.0,Available,0,
BATCH-12368,MED-018,LOC-003,1200,2027-03-20,2026-02-17,45.0,Available,0,
BATCH-12369,MED-015,LOC-008,190,2027-05-20,2026-05-04,110.0,Available,0,
BATCH-12370,MED-001,LOC-004,600,2026-11-10,2026-06-26,24.5,Available,0,
BATCH-12371,MED-008,LOC-006,119,2026-09-12,2026-01-31,28.5,Near Expiry,0,
BATCH-12372,MED-002,LOC-003,1200,2027-01-27,2026-04-24,68.0,Available,0,
BATCH-12373,MED-005,LOC-003,600,2027-04-24,2025-12-27,115.5,Available,0,
BATCH-12374,MED-015,LOC-008,1200,2026-12-06,2025-12-30,110.0,Available,0,
BATCH-12375,MED-007,LOC-002,1200,2026-10-09,2026-07-05,85.0,Near Expiry,0,
BATCH-12376,MED-026,LOC-006,117,2026-10-02,2026-06-04,168.0,Available,0,
BATCH-12377,MED-012,LOC-006,186,2026-09-19,2026-03-08,52.0,Near Expiry,0,
BATCH-12378,MED-023,LOC-006,153,2026-10-13,2026-05-07,65.0,Available,0,
BATCH-12379,MED-039,LOC-002,1200,2026-11-20,2026-06-18,45.0,Available,0,
BATCH-12380,MED-020,LOC-006,600,2027-05-19,2025-12-31,26.0,Available,0,
BATCH-12381,MED-027,LOC-003,1200,2026-10-28,2025-12-08,36.0,Available,0,
BATCH-12382,MED-016,LOC-008,576,2026-10-14,2025-12-09,64.0,Available,0,
BATCH-12383,MED-021,LOC-008,62,2026-10-24,2026-01-09,54.0,Available,0,
BATCH-12384,MED-028,LOC-005,600,2027-03-08,2026-01-01,15.0,Available,0,
BATCH-12385,MED-033,LOC-008,234,2026-10-11,2026-02-12,105.0,Available,0,
BATCH-12386,MED-006,LOC-010,600,2027-04-12,2026-07-07,42.0,Available,0,
BATCH-12387,MED-022,LOC-002,1200,2026-10-26,2025-11-14,58.0,Available,0,
BATCH-12388,MED-022,LOC-010,200,2027-02-21,2025-11-20,58.0,Available,0,
BATCH-12389,MED-027,LOC-008,644,2026-09-21,2025-12-30,36.0,Available,0,
BATCH-12390,MED-034,LOC-009,43,2026-11-11,2026-04-25,28.0,Available,0,
BATCH-12391,MED-019,LOC-003,72,2026-09-13,2026-02-07,92.0,Near Expiry,0,
BATCH-12392,MED-010,LOC-009,471,2026-09-25,2026-05-08,145.0,Near Expiry,0,
BATCH-12393,MED-024,LOC-008,230,2026-10-16,2026-02-07,82.0,Available,0,
BATCH-12394,MED-038,LOC-001,600,2027-04-21,2026-05-24,38.0,Available,0,
BATCH-12395,MED-020,LOC-004,1200,2026-10-30,2026-04-08,26.0,Available,0,
BATCH-12396,MED-003,LOC-003,600,2026-11-28,2026-03-11,18.2,Available,0,
BATCH-12397,MED-002,LOC-007,538,2026-10-06,2026-01-21,68.0,Near Expiry,0,
BATCH-12398,MED-022,LOC-002,1200,2027-03-29,2025-12-05,58.0,Available,0,
BATCH-12399,MED-028,LOC-003,1200,2026-11-12,2026-01-03,15.0,Available,0,
BATCH-12400,MED-015,LOC-010,221,2026-09-21,2026-05-10,110.0,Near Expiry,0,
BATCH-12401,MED-021,LOC-008,341,2026-10-02,2026-03-11,54.0,Near Expiry,0,
BATCH-12402,MED-009,LOC-010,1200,2026-11-24,2026-03-10,76.0,Available,0,
BATCH-12403,MED-023,LOC-010,600,2027-01-20,2026-04-08,65.0,Available,0,
BATCH-12404,MED-004,LOC-001,1200,2027-03-10,2026-07-11,32.0,Available,0,
BATCH-12405,MED-034,LOC-004,1200,2026-11-27,2026-02-06,28.0,Available,0,
BATCH-12406,MED-020,LOC-006,1200,2027-03-07,2026-02-10,26.0,Available,0,
BATCH-12407,MED-026,LOC-001,89,2026-09-19,2026-02-08,168.0,Near Expiry,0,
BATCH-12408,MED-027,LOC-008,1200,2026-11-19,2026-02-02,36.0,Available,0,
BATCH-12409,MED-010,LOC-004,1200,2027-08-25,2026-06-18,145.0,Available,0,
BATCH-12410,MED-036,LOC-003,600,2026-10-13,2026-06-30,135.0,Available,0,
BATCH-12411,MED-018,LOC-007,144,2026-09-15,2026-04-24,45.0,Near Expiry,0,
BATCH-12412,MED-016,LOC-009,600,2026-11-15,2026-04-11,64.0,Available,0,
BATCH-12413,MED-013,LOC-002,1200,2027-06-26,2026-03-01,72.0,Available,0,
BATCH-12414,MED-027,LOC-004,600,2026-10-11,2026-05-13,36.0,Available,0,
BATCH-12415,MED-031,LOC-004,600,2026-11-29,2026-07-09,290.0,Available,0,
BATCH-12416,MED-032,LOC-007,866,2026-10-12,2026-07-02,420.0,Available,0,
BATCH-12417,MED-017,LOC-002,1200,2027-08-09,2025-11-21,22.0,Available,0,
BATCH-12418,MED-016,LOC-005,1200,2026-12-07,2025-12-21,64.0,Available,0,
BATCH-12419,MED-035,LOC-010,75,2026-10-16,2026-05-18,112.0,Available,0,
BATCH-12420,MED-008,LOC-010,600,2027-04-24,2025-12-20,28.5,Available,0,
BATCH-12421,MED-027,LOC-010,1200,2026-10-30,2026-04-02,36.0,Available,0,
BATCH-12422,MED-008,LOC-010,227,2026-10-01,2026-05-13,28.5,Near Expiry,0,
BATCH-12423,MED-008,LOC-009,600,2026-12-04,2026-06-06,28.5,Available,0,
BATCH-12424,MED-007,LOC-003,600,2027-06-23,2025-11-18,85.0,Available,0,
BATCH-12425,MED-024,LOC-006,1200,2026-11-24,2026-06-17,82.0,Available,0,
BATCH-12426,MED-034,LOC-008,600,2027-01-02,2026-05-31,28.0,Available,0,
BATCH-12427,MED-019,LOC-007,65,2027-05-13,2026-04-27,92.0,Available,0,
BATCH-12428,MED-032,LOC-007,595,2026-09-24,2026-01-19,420.0,Near Expiry,0,
BATCH-12429,MED-027,LOC-002,600,2026-11-15,2026-02-02,36.0,Available,0,
BATCH-12430,MED-015,LOC-002,126,2026-11-27,2026-01-05,110.0,Available,0,
BATCH-12431,MED-017,LOC-008,100,2026-09-13,2026-04-04,22.0,Near Expiry,0,
BATCH-12432,MED-037,LOC-007,600,2026-12-08,2026-03-11,25.0,Available,0,
BATCH-12433,MED-015,LOC-001,161,2026-09-15,2026-05-17,110.0,Near Expiry,0,
BATCH-12434,MED-026,LOC-004,1200,2026-11-12,2025-12-29,168.0,Available,0,
BATCH-12435,MED-010,LOC-010,919,2026-10-08,2025-11-15,145.0,Near Expiry,0,
BATCH-12436,MED-015,LOC-005,57,2026-09-13,2026-06-30,110.0,Near Expiry,0,
BATCH-12437,MED-038,LOC-002,869,2026-10-02,2026-03-03,38.0,Near Expiry,0,
BATCH-12438,MED-034,LOC-004,132,2026-09-15,2026-06-13,28.0,Near Expiry,0,
BATCH-12439,MED-026,LOC-001,600,2027-08-12,2026-04-18,168.0,Available,0,
BATCH-12440,MED-034,LOC-005,1200,2027-08-11,2025-11-26,28.0,Available,0,
BATCH-12441,MED-040,LOC-010,50,2026-09-12,2026-06-08,2200.0,Near Expiry,0,
BATCH-12442,MED-018,LOC-009,161,2027-05-30,2026-03-28,45.0,Available,0,
BATCH-12443,MED-040,LOC-009,288,2026-12-08,2026-07-10,2200.0,Available,0,
BATCH-12444,MED-021,LOC-007,1200,2027-01-27,2026-03-30,54.0,Available,0,
BATCH-12445,MED-039,LOC-008,210,2027-06-15,2025-12-11,45.0,Available,0,
BATCH-12446,MED-027,LOC-002,600,2026-10-20,2026-02-07,36.0,Available,0,
BATCH-12447,MED-005,LOC-002,600,2026-12-08,2026-05-19,115.5,Available,0,
BATCH-12448,MED-038,LOC-010,51,2026-09-15,2026-05-31,38.0,Near Expiry,0,
BATCH-12449,MED-001,LOC-008,316,2026-09-14,2026-04-14,24.5,Near Expiry,0,
BATCH-12450,MED-011,LOC-002,773,2026-11-05,2026-01-17,480.0,Available,0,
BATCH-12451,MED-016,LOC-002,1200,2026-11-07,2026-02-28,64.0,Available,0,
BATCH-12452,MED-003,LOC-005,1200,2026-12-06,2026-06-28,18.2,Available,0,
BATCH-12453,MED-039,LOC-006,600,2027-06-18,2026-03-02,45.0,Available,0,
BATCH-12454,MED-027,LOC-004,59,2026-12-09,2026-02-12,36.0,Available,0,
BATCH-12455,MED-031,LOC-005,600,2027-03-31,2026-02-08,290.0,Available,0,
BATCH-12456,MED-022,LOC-002,67,2026-10-19,2026-06-25,58.0,Available,0,
BATCH-12457,MED-021,LOC-009,232,2027-01-13,2026-02-01,54.0,Available,0,
BATCH-12458,MED-017,LOC-008,66,2027-03-11,2025-11-23,22.0,Available,0,
BATCH-12459,MED-013,LOC-007,600,2027-02-10,2026-01-15,72.0,Available,0,
BATCH-12460,MED-023,LOC-005,551,2026-09-24,2026-02-20,65.0,Near Expiry,0,
BATCH-12461,MED-021,LOC-007,173,2026-09-19,2026-07-10,54.0,Near Expiry,0,
BATCH-12462,MED-026,LOC-009,600,2026-11-20,2025-12-26,168.0,Available,0,
BATCH-12463,MED-020,LOC-006,28,2027-08-04,2026-06-08,26.0,Available,0,
BATCH-12464,MED-036,LOC-010,1200,2026-11-15,2026-01-14,135.0,Available,0,
BATCH-12465,MED-013,LOC-006,1200,2026-12-04,2025-11-18,72.0,Available,0,
BATCH-12466,MED-005,LOC-002,135,2027-03-30,2026-02-03,115.5,Available,0,
BATCH-12467,MED-002,LOC-008,22,2026-11-13,2026-03-12,68.0,Available,0,
BATCH-12468,MED-012,LOC-005,290,2026-09-23,2026-01-05,52.0,Near Expiry,0,
BATCH-12469,MED-034,LOC-004,600,2027-01-10,2026-03-29,28.0,Available,0,
BATCH-12470,MED-028,LOC-006,600,2026-10-11,2026-06-18,15.0,Available,0,
BATCH-12471,MED-019,LOC-005,1200,2026-10-05,2026-05-04,92.0,Available,0,
BATCH-12472,MED-002,LOC-003,600,2026-11-17,2025-12-18,68.0,Available,0,
BATCH-12473,MED-020,LOC-008,600,2026-11-02,2025-11-26,26.0,Available,0,
BATCH-12474,MED-028,LOC-002,1200,2027-07-11,2026-05-03,15.0,Available,0,
BATCH-12475,MED-019,LOC-002,600,2026-10-22,2026-05-24,92.0,Available,0,
BATCH-12476,MED-013,LOC-008,35,2026-09-13,2025-12-12,72.0,Near Expiry,0,
BATCH-12477,MED-006,LOC-010,113,2026-09-17,2026-05-28,42.0,Near Expiry,0,
BATCH-12478,MED-005,LOC-001,1200,2026-11-20,2026-04-05,115.5,Available,0,
BATCH-12479,MED-037,LOC-010,600,2026-12-28,2026-01-31,25.0,Available,0,
BATCH-12480,MED-025,LOC-007,165,2026-12-09,2026-03-26,78.0,Available,0,
BATCH-12481,MED-023,LOC-004,367,2026-09-30,2026-05-09,65.0,Near Expiry,0,
BATCH-12482,MED-035,LOC-004,184,2026-11-10,2025-12-11,112.0,Available,0,
BATCH-12483,MED-009,LOC-005,1200,2026-12-07,2026-06-04,76.0,Available,0,
BATCH-12484,MED-012,LOC-009,1200,2027-04-27,2026-03-30,52.0,Available,0,
BATCH-12485,MED-034,LOC-009,1200,2026-11-17,2026-05-08,28.0,Available,0,
BATCH-12486,MED-034,LOC-007,600,2026-10-30,2026-05-08,28.0,Available,0,
BATCH-12487,MED-024,LOC-005,209,2026-09-25,2026-05-28,82.0,Near Expiry,0,
BATCH-12488,MED-022,LOC-006,121,2026-09-13,2026-05-21,58.0,Near Expiry,0,
BATCH-12489,MED-037,LOC-006,220,2026-10-05,2025-11-15,25.0,Near Expiry,0,
BATCH-12490,MED-018,LOC-008,174,2026-12-14,2026-05-10,45.0,Available,0,
BATCH-12491,MED-028,LOC-005,1200,2026-10-21,2026-02-09,15.0,Available,0,
BATCH-12492,MED-026,LOC-006,21,2026-09-14,2026-06-11,168.0,Near Expiry,0,
BATCH-12493,MED-038,LOC-010,577,2026-10-15,2026-02-22,38.0,Available,0,
BATCH-12494,MED-019,LOC-010,600,2026-12-01,2026-04-07,92.0,Available,0,
BATCH-12495,MED-035,LOC-010,245,2026-11-24,2026-07-08,112.0,Available,0,
BATCH-12496,MED-002,LOC-007,1200,2026-11-12,2025-12-08,68.0,Available,0,
BATCH-12497,MED-006,LOC-002,114,2026-09-17,2026-05-18,42.0,Near Expiry,0,
BATCH-12498,MED-029,LOC-002,600,2026-10-26,2025-12-12,125.0,Available,0,
BATCH-12499,MED-022,LOC-002,600,2026-11-26,2026-03-26,58.0,Available,0,
BATCH-12500,MED-019,LOC-005,1200,2026-12-03,2026-01-19,92.0,Available,0,
BATCH-12501,MED-014,LOC-006,600,2026-11-30,2026-03-23,98.0,Available,0,
BATCH-12502,MED-018,LOC-006,1200,2026-12-18,2026-01-28,45.0,Available,0,
BATCH-12503,MED-037,LOC-004,1200,2026-10-20,2026-07-01,25.0,Available,0,
BATCH-12504,MED-017,LOC-003,170,2027-07-20,2026-06-24,22.0,Available,0,
BATCH-12505,MED-011,LOC-006,104,2027-02-11,2026-04-27,480.0,Available,0,
BATCH-12506,MED-004,LOC-004,600,2026-12-07,2026-01-13,32.0,Available,0,
BATCH-12507,MED-025,LOC-005,83,2026-12-05,2026-06-24,78.0,Available,0,
BATCH-12508,MED-034,LOC-005,600,2026-12-04,2026-01-02,28.0,Available,0,
BATCH-12509,MED-025,LOC-004,1200,2026-10-22,2026-05-17,78.0,Available,0,
BATCH-12510,MED-002,LOC-002,600,2027-02-20,2026-03-22,68.0,Available,0,
BATCH-12511,MED-040,LOC-004,57,2026-09-13,2026-01-29,2200.0,Near Expiry,0,
BATCH-12512,MED-032,LOC-008,119,2026-10-23,2025-12-30,420.0,Available,0,
BATCH-12513,MED-021,LOC-007,596,2026-09-24,2026-05-18,54.0,Near Expiry,0,
BATCH-12514,MED-014,LOC-010,203,2026-10-27,2025-12-25,98.0,Available,0,
BATCH-12515,MED-016,LOC-004,391,2026-09-20,2026-06-04,64.0,Near Expiry,0,
BATCH-12516,MED-027,LOC-002,600,2026-11-06,2026-01-03,36.0,Available,0,
BATCH-12517,MED-008,LOC-008,64,2026-11-07,2026-04-12,28.5,Available,0,
BATCH-12518,MED-027,LOC-003,600,2026-10-23,2026-03-21,36.0,Available,0,
BATCH-12519,MED-036,LOC-010,239,2026-10-26,2026-05-06,135.0,Available,0,
BATCH-12520,MED-024,LOC-010,1133,2026-10-20,2026-01-27,82.0,Available,0,
BATCH-12521,MED-033,LOC-006,244,2026-09-29,2026-03-20,105.0,Available,0,
BATCH-12522,MED-002,LOC-004,600,2026-10-25,2026-03-27,68.0,Available,0,
BATCH-12523,MED-010,LOC-001,600,2027-08-12,2026-03-27,145.0,Available,0,
BATCH-12524,MED-023,LOC-004,186,2026-10-13,2026-04-22,65.0,Available,0,
BATCH-12525,MED-014,LOC-001,1200,2026-11-11,2025-12-23,98.0,Available,0,
BATCH-12526,MED-037,LOC-005,600,2026-12-05,2026-03-30,25.0,Available,0,
BATCH-12527,MED-016,LOC-005,105,2026-11-20,2026-05-11,64.0,Available,0,
BATCH-12528,MED-028,LOC-006,1200,2026-10-16,2025-11-21,15.0,Available,0,
BATCH-12529,MED-027,LOC-007,600,2026-12-16,2025-12-04,36.0,Available,0,
BATCH-12530,MED-037,LOC-002,134,2026-09-16,2026-05-11,25.0,Near Expiry,0,
BATCH-12531,MED-024,LOC-007,63,2026-09-15,2026-01-17,82.0,Near Expiry,0,
BATCH-12532,MED-026,LOC-006,1200,2027-01-23,2026-02-22,168.0,Available,0,
BATCH-12533,MED-033,LOC-004,600,2027-07-27,2025-12-23,105.0,Available,0,
BATCH-12534,MED-020,LOC-008,124,2026-11-09,2026-06-19,26.0,Available,0,
BATCH-12535,MED-033,LOC-008,464,2026-11-18,2026-01-09,105.0,Available,0,
BATCH-12536,MED-025,LOC-009,600,2026-12-18,2026-01-04,78.0,Available,0,
BATCH-12537,MED-039,LOC-010,600,2026-10-27,2026-01-29,45.0,Available,0,
BATCH-12538,MED-015,LOC-004,238,2026-09-12,2026-05-26,110.0,Near Expiry,0,
BATCH-12539,MED-002,LOC-006,1200,2026-10-26,2026-01-19,68.0,Available,0,
BATCH-12540,MED-012,LOC-003,25,2026-09-11,2026-05-18,52.0,Near Expiry,0,
BATCH-12541,MED-020,LOC-008,1200,2026-11-07,2026-05-11,26.0,Available,0,
BATCH-12542,MED-006,LOC-005,1200,2026-11-03,2026-03-06,42.0,Available,0,
BATCH-12543,MED-020,LOC-005,1200,2026-12-11,2026-05-25,26.0,Available,0,
BATCH-12544,MED-007,LOC-001,143,2027-03-05,2025-11-20,85.0,Available,0,
BATCH-12545,MED-015,LOC-006,1200,2027-07-06,2026-03-29,110.0,Available,0,
BATCH-12546,MED-032,LOC-008,39,2026-10-17,2026-06-19,420.0,Available,0,
BATCH-12547,MED-033,LOC-004,47,2026-09-13,2026-03-03,105.0,Near Expiry,0,
BATCH-12548,MED-027,LOC-006,1200,2026-11-12,2026-04-14,36.0,Available,0,
BATCH-12549,MED-034,LOC-009,1200,2026-10-16,2026-01-16,28.0,Available,0,
BATCH-12550,MED-021,LOC-006,600,2027-01-08,2025-12-17,54.0,Available,0,
BATCH-12551,MED-005,LOC-003,600,2027-06-20,2026-04-19,115.5,Available,0,
BATCH-12552,MED-008,LOC-007,1200,2026-11-04,2026-02-04,28.5,Available,0,
BATCH-12553,MED-007,LOC-010,1200,2026-10-05,2026-02-16,85.0,Near Expiry,0,
BATCH-12554,MED-003,LOC-001,68,2027-09-08,2026-06-26,18.2,Available,0,
BATCH-12555,MED-017,LOC-003,1200,2026-12-06,2026-05-29,22.0,Available,0,
BATCH-12556,MED-039,LOC-006,1200,2026-12-03,2025-12-09,45.0,Available,0,
BATCH-12557,MED-004,LOC-010,1200,2026-11-13,2026-05-29,32.0,Available,0,
BATCH-12558,MED-031,LOC-004,430,2026-10-13,2026-04-28,290.0,Available,0,
BATCH-12559,MED-022,LOC-006,452,2026-11-07,2026-06-29,58.0,Available,0,
BATCH-12560,MED-004,LOC-005,600,2026-10-25,2026-03-22,32.0,Available,0,
BATCH-12561,MED-004,LOC-010,600,2027-07-06,2026-04-11,32.0,Available,0,
BATCH-12562,MED-021,LOC-008,98,2026-11-06,2026-01-12,54.0,Available,0,
BATCH-12563,MED-021,LOC-005,407,2026-10-05,2026-05-26,54.0,Near Expiry,0,
BATCH-12564,MED-040,LOC-010,183,2026-10-15,2026-06-28,2200.0,Available,0,
BATCH-12565,MED-007,LOC-001,600,2026-10-14,2025-11-20,85.0,Available,0,
BATCH-12566,MED-040,LOC-002,154,2026-09-17,2025-11-27,2200.0,Near Expiry,0,
BATCH-12567,MED-009,LOC-003,600,2026-11-14,2025-12-20,76.0,Available,0,
BATCH-12568,MED-033,LOC-003,130,2026-09-20,2026-03-07,105.0,Near Expiry,0,
BATCH-12569,MED-025,LOC-010,1200,2026-11-22,2026-06-05,78.0,Available,0,
BATCH-12570,MED-018,LOC-008,1200,2026-12-09,2026-01-12,45.0,Available,0,
BATCH-12571,MED-023,LOC-010,110,2026-10-09,2026-01-31,65.0,Near Expiry,0,
BATCH-12572,MED-032,LOC-003,600,2027-07-31,2026-06-30,420.0,Available,0,
BATCH-12573,MED-030,LOC-005,600,2026-11-29,2026-03-08,140.0,Available,0,
BATCH-12574,MED-030,LOC-002,1200,2026-09-29,2026-04-18,140.0,Near Expiry,0,
BATCH-12575,MED-003,LOC-006,600,2026-11-26,2025-11-28,18.2,Available,0,
BATCH-12576,MED-010,LOC-009,1200,2026-11-05,2026-04-06,145.0,Available,0,
BATCH-12577,MED-012,LOC-003,600,2026-10-24,2025-12-24,52.0,Available,0,
BATCH-12578,MED-029,LOC-007,1200,2026-11-29,2026-04-16,125.0,Available,0,
BATCH-12579,MED-017,LOC-002,600,2026-12-03,2026-02-13,22.0,Available,0,
BATCH-12580,MED-017,LOC-004,69,2026-09-14,2026-04-19,22.0,Near Expiry,0,
BATCH-12581,MED-015,LOC-009,600,2026-11-26,2026-03-04,110.0,Available,0,
BATCH-12582,MED-023,LOC-007,600,2026-12-09,2026-02-05,65.0,Available,0,
BATCH-12583,MED-004,LOC-007,1200,2026-12-08,2025-11-17,32.0,Available,0,
BATCH-12584,MED-006,LOC-002,143,2027-03-19,2026-02-20,42.0,Available,0,
BATCH-12585,MED-038,LOC-005,177,2026-11-24,2025-11-23,38.0,Available,0,
BATCH-12586,MED-001,LOC-004,1200,2026-11-16,2026-04-19,24.5,Available,0,
BATCH-12587,MED-017,LOC-009,600,2026-12-04,2026-04-21,22.0,Available,0,
BATCH-12588,MED-037,LOC-005,600,2026-10-29,2026-01-11,25.0,Available,0,
BATCH-12589,MED-004,LOC-006,208,2026-10-02,2026-05-12,32.0,Near Expiry,0,
BATCH-12590,MED-027,LOC-008,175,2026-09-19,2026-04-19,36.0,Available,0,
BATCH-12591,MED-032,LOC-001,600,2027-04-19,2025-12-03,420.0,Available,0,
BATCH-12592,MED-034,LOC-007,600,2027-05-28,2026-04-06,28.0,Available,0,
BATCH-12593,MED-024,LOC-009,1200,2026-12-07,2025-11-28,82.0,Available,0,
BATCH-12594,MED-035,LOC-001,1200,2027-02-04,2026-02-28,112.0,Available,0,
BATCH-12595,MED-014,LOC-001,1200,2026-10-27,2026-03-03,98.0,Available,0,
BATCH-12596,MED-020,LOC-007,600,2026-10-24,2026-01-30,26.0,Available,0,
BATCH-12597,MED-018,LOC-006,167,2027-04-01,2026-03-12,45.0,Available,0,
BATCH-12598,MED-021,LOC-010,1200,2026-10-15,2026-06-22,54.0,Available,0,
BATCH-12599,MED-006,LOC-008,332,2026-10-22,2026-01-18,42.0,Available,0,
BATCH-12600,MED-033,LOC-010,600,2026-10-28,2026-01-12,105.0,Available,0,
BATCH-12601,MED-005,LOC-005,129,2027-06-25,2026-01-18,115.5,Available,0,
BATCH-12602,MED-029,LOC-006,600,2027-02-08,2025-12-22,125.0,Available,0,
BATCH-12603,MED-015,LOC-005,1200,2026-11-21,2025-12-23,110.0,Available,0,
BATCH-12604,MED-028,LOC-005,600,2027-07-04,2026-03-22,15.0,Available,0,
BATCH-12605,MED-001,LOC-001,35,2026-11-16,2026-04-14,24.5,Available,0,
BATCH-12606,MED-008,LOC-007,600,2026-12-29,2026-06-21,28.5,Available,0,
BATCH-12607,MED-010,LOC-003,222,2027-02-22,2026-06-10,145.0,Available,0,
BATCH-12608,MED-014,LOC-005,600,2027-03-05,2026-03-12,98.0,Available,0,
BATCH-12609,MED-034,LOC-005,243,2026-11-02,2026-06-30,28.0,Available,0,
BATCH-12610,MED-033,LOC-001,1200,2026-11-05,2026-05-21,105.0,Available,0,
BATCH-12611,MED-001,LOC-002,1200,2027-05-29,2025-12-02,24.5,Available,0,
BATCH-12612,MED-024,LOC-009,1200,2026-11-03,2026-03-10,82.0,Available,0,
BATCH-12613,MED-017,LOC-005,1200,2026-10-11,2026-04-15,22.0,Available,0,
BATCH-12614,MED-026,LOC-001,231,2026-11-23,2026-03-10,168.0,Available,0,
BATCH-12615,MED-026,LOC-003,1200,2026-11-11,2026-02-01,168.0,Available,0,
BATCH-12616,MED-020,LOC-010,230,2026-11-13,2026-02-09,26.0,Available,0,
BATCH-12617,MED-023,LOC-007,113,2026-10-31,2025-11-18,65.0,Available,0,
BATCH-12618,MED-003,LOC-003,186,2027-06-10,2026-04-21,18.2,Available,0,
BATCH-12619,MED-014,LOC-009,600,2026-10-11,2026-01-21,98.0,Available,0,
BATCH-12620,MED-009,LOC-002,600,2027-06-25,2026-05-27,76.0,Available,0,
BATCH-12621,MED-026,LOC-008,595,2026-11-18,2026-04-30,168.0,Available,0,
BATCH-12622,MED-002,LOC-008,600,2027-01-21,2026-01-23,68.0,Available,0,
BATCH-12623,MED-007,LOC-010,600,2026-11-24,2026-03-11,85.0,Available,0,
BATCH-12624,MED-018,LOC-005,1046,2026-09-27,2026-05-31,45.0,Near Expiry,0,
BATCH-12625,MED-028,LOC-005,152,2026-11-15,2026-03-01,15.0,Available,0,
BATCH-12626,MED-022,LOC-010,600,2026-10-25,2026-03-21,58.0,Available,0,
BATCH-12627,MED-003,LOC-008,33,2026-09-13,2026-04-26,18.2,Near Expiry,0,
BATCH-12628,MED-014,LOC-005,555,2026-10-01,2026-01-25,98.0,Near Expiry,0,
BATCH-12629,MED-037,LOC-003,239,2026-12-11,2025-12-12,25.0,Available,0,
BATCH-12630,MED-004,LOC-008,1200,2026-11-02,2026-05-12,32.0,Available,0,
BATCH-12631,MED-014,LOC-006,600,2026-11-24,2026-06-11,98.0,Available,0,
BATCH-12632,MED-022,LOC-005,600,2026-11-07,2026-05-15,58.0,Available,0,
BATCH-12633,MED-005,LOC-005,1200,2026-11-25,2026-06-08,115.5,Available,0,
BATCH-12634,MED-030,LOC-009,1200,2026-10-19,2026-06-16,140.0,Available,0,
BATCH-12635,MED-032,LOC-005,600,2026-10-05,2026-01-27,420.0,Near Expiry,0,
BATCH-12636,MED-010,LOC-004,600,2027-09-10,2026-04-10,145.0,Available,0,
BATCH-12637,MED-038,LOC-006,568,2026-10-30,2026-04-26,38.0,Available,0,
BATCH-12638,MED-027,LOC-007,87,2026-09-17,2025-11-25,36.0,Near Expiry,0,
BATCH-12639,MED-008,LOC-004,600,2026-10-18,2026-05-19,28.5,Available,0,
BATCH-12640,MED-020,LOC-008,20,2026-09-11,2026-05-09,26.0,Near Expiry,0,
BATCH-12641,MED-007,LOC-005,226,2026-11-25,2026-01-22,85.0,Available,0,
BATCH-12642,MED-016,LOC-005,949,2026-09-29,2026-02-16,64.0,Near Expiry,0,
BATCH-12643,MED-014,LOC-008,600,2027-06-18,2026-01-11,98.0,Available,0,
BATCH-12644,MED-013,LOC-010,1200,2027-01-30,2026-07-08,72.0,Available,0,
BATCH-12645,MED-002,LOC-001,1200,2027-07-22,2026-01-02,68.0,Available,0,
BATCH-12646,MED-037,LOC-005,600,2026-11-25,2026-02-23,25.0,Available,0,
BATCH-12647,MED-021,LOC-006,600,2026-11-22,2025-11-23,54.0,Available,0,
BATCH-12648,MED-038,LOC-004,600,2026-12-04,2025-12-22,38.0,Available,0,
BATCH-12649,MED-016,LOC-006,600,2027-07-17,2026-03-10,64.0,Available,0,
BATCH-12650,MED-023,LOC-009,1200,2026-11-11,2026-03-09,65.0,Available,0,
BATCH-12651,MED-035,LOC-009,212,2026-09-20,2026-05-14,112.0,Available,0,
BATCH-12652,MED-013,LOC-010,158,2026-09-13,2026-05-25,72.0,Near Expiry,0,
BATCH-12653,MED-020,LOC-003,1200,2026-11-19,2026-02-05,26.0,Available,0,
BATCH-12654,MED-015,LOC-006,600,2026-11-04,2026-01-07,110.0,Available,0,
BATCH-12655,MED-005,LOC-005,248,2026-11-10,2026-05-23,115.5,Available,0,
BATCH-12656,MED-001,LOC-001,600,2027-04-05,2025-12-19,24.5,Available,0,
BATCH-12657,MED-036,LOC-003,1200,2026-10-11,2026-03-03,135.0,Available,0,
BATCH-12658,MED-012,LOC-007,56,2026-10-03,2026-05-06,52.0,Available,0,
BATCH-12659,MED-033,LOC-009,967,2026-10-29,2026-06-16,105.0,Available,0,
BATCH-12660,MED-009,LOC-004,1200,2027-03-05,2026-06-23,76.0,Available,0,
BATCH-12661,MED-021,LOC-003,1200,2027-01-21,2025-11-18,54.0,Available,0,
BATCH-12662,MED-035,LOC-010,1200,2027-02-23,2025-12-09,112.0,Available,0,
BATCH-12663,MED-020,LOC-007,600,2027-05-22,2026-03-19,26.0,Available,0,
BATCH-12664,MED-024,LOC-004,795,2026-10-09,2026-05-02,82.0,Available,0,
BATCH-12665,MED-034,LOC-002,107,2027-09-08,2026-01-23,28.0,Available,0,
BATCH-12666,MED-006,LOC-004,509,2026-10-25,2026-05-25,42.0,Available,0,
BATCH-12667,MED-004,LOC-004,600,2026-11-30,2026-01-29,32.0,Available,0,
BATCH-12668,MED-028,LOC-009,600,2026-10-14,2026-02-25,15.0,Available,0,
BATCH-12669,MED-006,LOC-005,1200,2026-10-15,2026-05-31,42.0,Available,0,
BATCH-12670,MED-034,LOC-004,346,2026-09-28,2026-06-27,28.0,Near Expiry,0,
BATCH-12671,MED-035,LOC-004,704,2026-12-15,2026-05-23,112.0,Available,0,
BATCH-12672,MED-026,LOC-005,600,2026-10-26,2026-07-01,168.0,Available,0,
BATCH-12673,MED-031,LOC-007,115,2026-10-05,2026-03-15,290.0,Near Expiry,0,
BATCH-12674,MED-001,LOC-008,600,2026-10-26,2026-01-17,24.5,Available,0,
BATCH-12675,MED-007,LOC-008,421,2026-09-27,2025-12-08,85.0,Near Expiry,0,
BATCH-12676,MED-007,LOC-009,1200,2026-10-29,2026-05-17,85.0,Available,0,
BATCH-12677,MED-011,LOC-007,600,2027-05-27,2025-12-21,480.0,Available,0,
BATCH-12678,MED-007,LOC-010,1200,2026-11-22,2026-07-03,85.0,Available,0,
BATCH-12679,MED-015,LOC-010,165,2026-11-22,2025-12-24,110.0,Available,0,
BATCH-12680,MED-003,LOC-010,600,2026-12-04,2026-03-10,18.2,Available,0,
BATCH-12681,MED-008,LOC-010,115,2026-10-12,2026-06-11,28.5,Available,0,
BATCH-12682,MED-036,LOC-010,358,2026-09-30,2026-06-06,135.0,Available,0,
BATCH-12683,MED-018,LOC-003,329,2026-09-28,2026-06-25,45.0,Available,0,
BATCH-12684,MED-009,LOC-006,1200,2027-07-03,2025-12-21,76.0,Available,0,
BATCH-12685,MED-028,LOC-010,600,2026-12-04,2026-07-06,15.0,Available,0,
BATCH-12686,MED-018,LOC-009,102,2026-09-17,2025-12-09,45.0,Near Expiry,0,
BATCH-12687,MED-024,LOC-009,176,2026-10-04,2026-05-24,82.0,Available,0,
BATCH-12688,MED-027,LOC-006,1200,2026-11-08,2025-12-19,36.0,Available,0,
BATCH-12689,MED-020,LOC-006,1200,2027-06-21,2026-02-16,26.0,Available,0,
BATCH-12690,MED-023,LOC-002,72,2026-09-12,2026-04-26,65.0,Near Expiry,0,
BATCH-12691,MED-006,LOC-003,1200,2027-04-14,2026-05-25,42.0,Available,0,
BATCH-12692,MED-033,LOC-010,1200,2026-11-28,2026-02-14,105.0,Available,0,
BATCH-12693,MED-039,LOC-008,238,2026-10-03,2026-03-10,45.0,Near Expiry,0,
BATCH-12694,MED-033,LOC-008,1200,2027-05-14,2026-06-24,105.0,Available,0,
BATCH-12695,MED-025,LOC-001,600,2026-10-23,2026-05-09,78.0,Available,0,
BATCH-12696,MED-036,LOC-010,600,2026-10-18,2026-03-20,135.0,Available,0,
BATCH-12697,MED-030,LOC-007,600,2026-11-07,2026-01-23,140.0,Available,0,
BATCH-12698,MED-015,LOC-005,600,2026-10-31,2025-12-09,110.0,Available,0,
BATCH-12699,MED-015,LOC-002,1200,2026-11-25,2025-12-30,110.0,Available,0,
BATCH-12700,MED-012,LOC-005,105,2026-11-23,2026-01-02,52.0,Available,0,
BATCH-12701,MED-032,LOC-005,600,2027-06-02,2026-06-13,420.0,Available,0,
BATCH-12702,MED-035,LOC-001,75,2026-12-02,2025-12-01,112.0,Available,0,
BATCH-12703,MED-008,LOC-009,1200,2026-09-29,2025-12-05,28.5,Near Expiry,0,
BATCH-12704,MED-031,LOC-001,229,2026-11-04,2025-12-07,290.0,Available,0,
BATCH-12705,MED-038,LOC-005,1200,2027-07-09,2025-12-12,38.0,Available,0,
BATCH-12706,MED-031,LOC-010,600,2026-10-20,2025-11-29,290.0,Available,0,
BATCH-12707,MED-027,LOC-006,600,2026-10-27,2026-02-18,36.0,Available,0,
BATCH-12708,MED-037,LOC-004,600,2026-10-21,2026-05-05,25.0,Available,0,
BATCH-12709,MED-038,LOC-001,209,2026-11-18,2026-01-18,38.0,Available,0,
BATCH-12710,MED-027,LOC-001,600,2027-06-22,2026-01-08,36.0,Available,0,
BATCH-12711,MED-027,LOC-002,340,2026-09-22,2025-12-24,36.0,Available,0,
BATCH-12712,MED-029,LOC-008,600,2027-07-22,2026-02-10,125.0,Available,0,
BATCH-12713,MED-037,LOC-010,600,2027-07-06,2026-06-06,25.0,Available,0,
BATCH-12714,MED-029,LOC-002,111,2026-11-12,2026-06-28,125.0,Available,0,
BATCH-12715,MED-008,LOC-003,1200,2026-11-23,2026-05-29,28.5,Available,0,
BATCH-12716,MED-027,LOC-009,1200,2027-03-05,2026-04-30,36.0,Available,0,
BATCH-12717,MED-016,LOC-001,600,2027-03-30,2026-02-05,64.0,Available,0,
BATCH-12718,MED-002,LOC-007,164,2026-12-24,2025-12-11,68.0,Available,0,
BATCH-12719,MED-017,LOC-004,600,2026-11-10,2026-04-01,22.0,Available,0,
BATCH-12720,MED-029,LOC-009,1200,2027-05-24,2025-12-25,125.0,Available,0,
BATCH-12721,MED-009,LOC-009,600,2026-10-26,2026-01-10,76.0,Available,0,
BATCH-12722,MED-017,LOC-005,1200,2026-12-06,2026-02-20,22.0,Available,0,
BATCH-12723,MED-022,LOC-004,85,2026-10-06,2025-12-29,58.0,Near Expiry,0,
BATCH-12724,MED-011,LOC-006,418,2026-10-20,2025-11-23,480.0,Available,0,
BATCH-12725,MED-021,LOC-004,113,2027-07-08,2025-12-30,54.0,Available,0,
BATCH-12726,MED-022,LOC-001,600,2026-11-07,2026-03-26,58.0,Available,0,
BATCH-12727,MED-026,LOC-001,63,2026-11-11,2026-05-15,168.0,Available,0,
BATCH-12728,MED-008,LOC-004,600,2027-08-13,2026-07-04,28.5,Available,0,
BATCH-12729,MED-021,LOC-009,1200,2026-10-24,2025-11-18,54.0,Available,0,
BATCH-12730,MED-037,LOC-003,600,2026-11-25,2026-02-18,25.0,Available,0,
BATCH-12731,MED-034,LOC-008,949,2026-10-10,2025-12-19,28.0,Near Expiry,0,
BATCH-12732,MED-024,LOC-007,97,2026-09-21,2026-01-23,82.0,Near Expiry,0,
BATCH-12733,MED-001,LOC-004,1200,2026-09-23,2026-03-05,24.5,Near Expiry,0,
BATCH-12734,MED-021,LOC-002,600,2026-11-15,2026-02-28,54.0,Available,0,
BATCH-12735,MED-002,LOC-003,600,2026-12-03,2026-01-13,68.0,Available,0,
BATCH-12736,MED-032,LOC-006,315,2026-10-19,2026-06-25,420.0,Available,0,
BATCH-12737,MED-005,LOC-001,101,2027-04-26,2026-03-31,115.5,Available,0,
BATCH-12738,MED-002,LOC-002,600,2026-10-23,2026-01-19,68.0,Available,0,
BATCH-12739,MED-004,LOC-004,107,2027-07-01,2026-06-28,32.0,Available,0,
BATCH-12740,MED-019,LOC-009,1200,2027-03-16,2026-05-22,92.0,Available,0,
BATCH-12741,MED-033,LOC-008,22,2026-09-25,2026-05-18,105.0,Near Expiry,0,
BATCH-12742,MED-028,LOC-001,600,2027-04-21,2026-04-18,15.0,Available,0,
BATCH-12743,MED-026,LOC-008,36,2026-09-16,2026-01-24,168.0,Near Expiry,0,
BATCH-12744,MED-030,LOC-001,387,2026-09-19,2026-02-18,140.0,Near Expiry,0,
BATCH-12745,MED-031,LOC-003,127,2026-09-12,2026-02-16,290.0,Near Expiry,0,
BATCH-12746,MED-036,LOC-003,1200,2026-12-03,2026-04-13,135.0,Available,0,
BATCH-12747,MED-010,LOC-010,1200,2026-10-11,2025-12-12,145.0,Available,0,
BATCH-12748,MED-013,LOC-008,600,2026-11-26,2026-06-01,72.0,Available,0,
BATCH-12749,MED-024,LOC-006,185,2027-01-18,2026-03-25,82.0,Available,0,
BATCH-12750,MED-029,LOC-002,600,2026-10-16,2026-07-08,125.0,Available,0,
BATCH-12751,MED-030,LOC-005,96,2026-11-13,2025-12-22,140.0,Available,0,
BATCH-12752,MED-036,LOC-008,600,2027-07-08,2026-06-02,135.0,Available,0,
BATCH-12753,MED-035,LOC-004,222,2026-11-15,2026-04-27,112.0,Available,0,
BATCH-12754,MED-031,LOC-008,309,2026-10-08,2025-12-22,290.0,Near Expiry,0,
BATCH-12755,MED-020,LOC-004,179,2026-11-16,2026-02-01,26.0,Available,0,
BATCH-12756,MED-030,LOC-009,600,2026-11-29,2025-12-03,140.0,Available,0,
BATCH-12757,MED-026,LOC-005,903,2026-10-04,2026-01-28,168.0,Available,0,
BATCH-12758,MED-037,LOC-001,600,2027-04-04,2026-05-04,25.0,Available,0,
BATCH-12759,MED-009,LOC-005,600,2026-11-07,2026-03-27,76.0,Available,0,
BATCH-12760,MED-037,LOC-005,20,2026-09-11,2026-04-13,25.0,Near Expiry,0,
BATCH-12761,MED-011,LOC-007,192,2026-11-04,2026-01-16,480.0,Available,0,
BATCH-12762,MED-010,LOC-001,88,2026-10-07,2026-02-10,145.0,Near Expiry,0,
BATCH-12763,MED-004,LOC-002,1200,2026-11-14,2026-03-15,32.0,Available,0,
BATCH-12764,MED-008,LOC-008,565,2026-09-23,2025-11-21,28.5,Near Expiry,0,
BATCH-12765,MED-022,LOC-007,600,2026-12-05,2026-07-09,58.0,Available,0,
BATCH-12766,MED-009,LOC-010,89,2027-03-31,2026-04-19,76.0,Available,0,
BATCH-12767,MED-029,LOC-005,185,2026-10-06,2026-05-11,125.0,Near Expiry,0,
BATCH-12768,MED-021,LOC-010,224,2026-10-24,2025-11-21,54.0,Available,0,
BATCH-12769,MED-006,LOC-006,393,2026-10-30,2026-07-07,42.0,Available,0,
BATCH-12770,MED-011,LOC-005,448,2026-11-04,2026-05-13,480.0,Available,0,
BATCH-12771,MED-010,LOC-010,600,2026-11-28,2026-07-03,145.0,Available,0,
BATCH-12772,MED-030,LOC-007,410,2026-09-17,2026-01-28,140.0,Near Expiry,0,
BATCH-12773,MED-033,LOC-008,968,2026-11-03,2026-01-13,105.0,Available,0,
BATCH-12774,MED-004,LOC-005,600,2026-09-25,2026-02-04,32.0,Near Expiry,0,
BATCH-12775,MED-004,LOC-007,77,2026-10-22,2025-12-17,32.0,Available,0,
BATCH-12776,MED-040,LOC-004,119,2026-10-18,2026-01-18,2200.0,Available,0,
BATCH-12777,MED-014,LOC-010,600,2027-06-05,2026-05-29,98.0,Available,0,
BATCH-12778,MED-030,LOC-004,83,2026-11-05,2025-12-13,140.0,Available,0,
BATCH-12779,MED-002,LOC-008,199,2026-09-28,2025-11-25,68.0,Near Expiry,0,
BATCH-12780,MED-015,LOC-007,1200,2026-11-07,2026-05-28,110.0,Available,0,
BATCH-12781,MED-017,LOC-001,1200,2026-11-27,2026-04-08,22.0,Available,0,
BATCH-12782,MED-011,LOC-001,606,2026-10-22,2026-07-01,480.0,Available,0,
BATCH-12783,MED-004,LOC-003,1200,2026-10-15,2026-04-20,32.0,Available,0,
BATCH-12784,MED-006,LOC-006,600,2027-05-25,2026-02-26,42.0,Available,0,
BATCH-12785,MED-018,LOC-001,600,2026-10-15,2025-11-25,45.0,Available,0,
BATCH-12786,MED-022,LOC-007,600,2026-10-13,2026-02-11,58.0,Available,0,
BATCH-12787,MED-006,LOC-003,217,2026-10-27,2025-12-19,42.0,Available,0,
BATCH-12788,MED-034,LOC-002,246,2026-12-07,2026-05-10,28.0,Available,0,
BATCH-12789,MED-023,LOC-001,600,2026-11-03,2026-05-16,65.0,Available,0,
BATCH-12790,MED-005,LOC-010,1200,2026-11-25,2026-06-14,115.5,Available,0,
BATCH-12791,MED-021,LOC-006,520,2026-11-13,2025-11-26,54.0,Available,0,
BATCH-12792,MED-033,LOC-003,1200,2027-07-07,2026-05-11,105.0,Available,0,
BATCH-12793,MED-008,LOC-007,379,2026-09-20,2025-12-01,28.5,Near Expiry,0,
BATCH-12794,MED-028,LOC-004,600,2026-10-11,2025-12-01,15.0,Available,0,
BATCH-12795,MED-021,LOC-001,600,2026-10-12,2026-04-23,54.0,Available,0,
BATCH-12796,MED-023,LOC-007,1200,2026-11-24,2025-11-30,65.0,Available,0,
BATCH-12797,MED-014,LOC-007,93,2026-09-15,2026-07-02,98.0,Near Expiry,0,
BATCH-12798,MED-006,LOC-005,1200,2027-07-11,2026-01-06,42.0,Available,0,
BATCH-12799,MED-014,LOC-010,1200,2026-10-04,2026-02-20,98.0,Near Expiry,0,
BATCH-12800,MED-003,LOC-005,1200,2027-06-28,2026-01-25,18.2,Available,0,
BATCH-12801,MED-036,LOC-009,600,2026-10-04,2026-02-25,135.0,Near Expiry,0,
BATCH-12802,MED-023,LOC-007,600,2027-01-02,2026-04-14,65.0,Available,0,
BATCH-12803,MED-026,LOC-009,525,2026-11-15,2026-04-06,168.0,Available,0,
BATCH-12804,MED-010,LOC-008,261,2026-09-18,2026-02-21,145.0,Near Expiry,0,
BATCH-12805,MED-019,LOC-008,191,2026-09-24,2026-04-13,92.0,Near Expiry,0,
BATCH-12806,MED-002,LOC-009,532,2026-09-30,2025-11-28,68.0,Near Expiry,0,
BATCH-12807,MED-037,LOC-006,150,2026-09-26,2026-05-01,25.0,Near Expiry,0,
BATCH-12808,MED-006,LOC-005,1200,2026-10-19,2026-02-18,42.0,Available,0,
BATCH-12809,MED-034,LOC-009,1200,2026-11-24,2026-04-08,28.0,Available,0,
BATCH-12810,MED-032,LOC-002,220,2026-09-27,2026-07-01,420.0,Near Expiry,0,
BATCH-12811,MED-026,LOC-004,600,2027-04-16,2025-11-17,168.0,Available,0,
BATCH-12812,MED-029,LOC-004,600,2026-11-14,2026-07-08,125.0,Available,0,
BATCH-12813,MED-023,LOC-007,1200,2026-11-05,2026-05-19,65.0,Available,0,
BATCH-12814,MED-031,LOC-008,1200,2026-12-19,2026-01-20,290.0,Available,0,
BATCH-12815,MED-036,LOC-008,236,2026-09-23,2026-06-15,135.0,Available,0,
BATCH-12816,MED-001,LOC-002,600,2026-10-09,2026-04-08,24.5,Near Expiry,0,
BATCH-12817,MED-004,LOC-006,190,2026-10-12,2026-03-05,32.0,Available,0,
BATCH-12818,MED-037,LOC-010,600,2027-03-26,2026-02-17,25.0,Available,0,
BATCH-12819,MED-034,LOC-009,1200,2026-10-20,2026-04-07,28.0,Available,0,
BATCH-12820,MED-013,LOC-005,600,2026-10-18,2025-12-27,72.0,Available,0,
BATCH-12821,MED-019,LOC-004,600,2026-10-30,2026-04-25,92.0,Available,0,
BATCH-12822,MED-018,LOC-002,600,2026-10-29,2026-02-18,45.0,Available,0,
BATCH-12823,MED-027,LOC-007,600,2026-10-07,2026-05-24,36.0,Near Expiry,0,
BATCH-12824,MED-011,LOC-003,638,2026-10-25,2025-12-25,480.0,Available,0,
BATCH-12825,MED-001,LOC-003,472,2026-09-19,2025-11-25,24.5,Near Expiry,0,
BATCH-12826,MED-030,LOC-008,600,2027-01-31,2026-05-26,140.0,Available,0,
BATCH-12827,MED-003,LOC-005,588,2026-10-04,2026-05-31,18.2,Available,0,
BATCH-12828,MED-022,LOC-002,237,2026-10-24,2026-07-01,58.0,Available,0,
BATCH-12829,MED-012,LOC-004,144,2026-11-25,2026-02-28,52.0,Available,0,
BATCH-12830,MED-040,LOC-001,978,2026-11-22,2025-12-20,2200.0,Available,0,
BATCH-12831,MED-009,LOC-008,239,2026-10-21,2025-12-12,76.0,Available,0,
BATCH-12832,MED-019,LOC-005,1200,2026-10-11,2026-06-05,92.0,Available,0,
BATCH-12833,MED-036,LOC-003,82,2026-10-28,2025-12-10,135.0,Available,0,
BATCH-12834,MED-030,LOC-004,1200,2026-10-20,2026-04-10,140.0,Available,0,
BATCH-12835,MED-008,LOC-009,87,2026-09-12,2026-04-06,28.5,Near Expiry,0,
BATCH-12836,MED-008,LOC-010,600,2027-07-07,2026-07-11,28.5,Available,0,
BATCH-12837,MED-006,LOC-009,225,2026-12-03,2026-06-11,42.0,Available,0,
BATCH-12838,MED-040,LOC-003,296,2026-12-07,2026-04-07,2200.0,Available,0,
BATCH-12839,MED-020,LOC-008,600,2026-10-28,2026-01-22,26.0,Available,0,
BATCH-12840,MED-015,LOC-005,115,2026-08-28,2026-03-02,110.0,Expired,0,
BATCH-12841,MED-036,LOC-002,1200,2026-10-21,2025-11-19,135.0,Available,0,
BATCH-12842,MED-011,LOC-006,195,2026-11-24,2025-12-01,480.0,Available,0,
BATCH-12843,MED-003,LOC-009,226,2026-10-11,2026-02-16,18.2,Available,0,
BATCH-12844,MED-025,LOC-008,290,2026-10-09,2026-03-17,78.0,Available,0,
BATCH-12845,MED-017,LOC-006,1200,2027-06-27,2026-05-04,22.0,Available,0,
BATCH-12846,MED-010,LOC-008,967,2026-10-26,2026-02-09,145.0,Available,0,
BATCH-12847,MED-018,LOC-001,600,2026-10-02,2026-02-04,45.0,Near Expiry,0,
BATCH-12848,MED-029,LOC-001,120,2026-11-17,2026-05-10,125.0,Available,0,
BATCH-12849,MED-040,LOC-005,513,2026-10-08,2026-04-27,2200.0,Near Expiry,0,
BATCH-12850,MED-002,LOC-004,1200,2026-10-02,2025-11-14,68.0,Near Expiry,0,
BATCH-12851,MED-003,LOC-006,1081,2026-10-23,2026-05-12,18.2,Available,0,
BATCH-12852,MED-006,LOC-001,1200,2027-07-05,2026-01-29,42.0,Available,0,
BATCH-12853,MED-007,LOC-003,600,2026-10-23,2026-07-03,85.0,Available,0,
BATCH-12854,MED-029,LOC-005,116,2027-07-02,2026-03-16,125.0,Available,0,
BATCH-12855,MED-038,LOC-009,600,2026-11-26,2026-05-09,38.0,Available,0,
BATCH-12856,MED-016,LOC-007,600,2026-12-22,2026-06-29,64.0,Available,0,
BATCH-12857,MED-005,LOC-008,1200,2026-11-04,2025-12-04,115.5,Available,0,
BATCH-12858,MED-037,LOC-005,133,2026-12-05,2026-05-22,25.0,Available,0,
BATCH-12859,MED-034,LOC-002,145,2026-09-20,2026-02-16,28.0,Near Expiry,0,
BATCH-12860,MED-003,LOC-005,1200,2026-11-15,2025-11-18,18.2,Available,0,
BATCH-12861,MED-006,LOC-006,268,2026-10-29,2026-03-26,42.0,Available,0,
BATCH-12862,MED-034,LOC-005,115,2026-12-03,2026-03-30,28.0,Available,0,
BATCH-12863,MED-011,LOC-004,209,2026-11-13,2026-03-12,480.0,Available,0,
BATCH-12864,MED-015,LOC-006,433,2026-10-11,2025-11-30,110.0,Available,0,
BATCH-12865,MED-038,LOC-010,977,2026-10-08,2026-04-14,38.0,Near Expiry,0,
BATCH-12866,MED-008,LOC-010,1200,2026-11-06,2026-03-18,28.5,Available,0,
BATCH-12867,MED-014,LOC-010,600,2027-07-16,2026-01-16,98.0,Available,0,
BATCH-12868,MED-010,LOC-004,189,2027-06-06,2025-12-08,145.0,Available,0,
BATCH-12869,MED-016,LOC-010,341,2026-10-03,2026-04-04,64.0,Near Expiry,0,
BATCH-12870,MED-006,LOC-004,1200,2026-10-17,2025-12-22,42.0,Available,0,
BATCH-12871,MED-039,LOC-007,1200,2026-10-12,2026-03-24,45.0,Available,0,
BATCH-12872,MED-007,LOC-008,600,2027-05-22,2026-03-16,85.0,Available,0,
BATCH-12873,MED-025,LOC-003,600,2026-10-23,2026-01-15,78.0,Available,0,
BATCH-12874,MED-024,LOC-005,600,2026-10-23,2026-05-20,82.0,Available,0,
BATCH-12875,MED-001,LOC-002,79,2027-05-26,2026-04-11,24.5,Available,0,
BATCH-12876,MED-039,LOC-004,205,2026-10-15,2026-03-13,45.0,Available,0,
BATCH-12877,MED-035,LOC-007,124,2026-11-03,2026-02-13,112.0,Available,0,
BATCH-12878,MED-004,LOC-006,111,2026-09-12,2026-06-29,32.0,Near Expiry,0,
BATCH-12879,MED-008,LOC-001,1200,2026-09-28,2026-03-28,28.5,Near Expiry,0,
BATCH-12880,MED-013,LOC-009,557,2026-10-19,2025-12-27,72.0,Available,0,
BATCH-12881,MED-006,LOC-004,90,2026-09-16,2026-01-04,42.0,Near Expiry,0,
BATCH-12882,MED-034,LOC-005,600,2026-11-22,2025-12-11,28.0,Available,0,
BATCH-12883,MED-036,LOC-007,600,2026-10-17,2026-01-21,135.0,Available,0,
BATCH-12884,MED-017,LOC-009,548,2026-10-09,2026-03-15,22.0,Available,0,
BATCH-12885,MED-024,LOC-006,1200,2026-11-12,2026-02-07,82.0,Available,0,
BATCH-12886,MED-034,LOC-009,241,2026-09-22,2026-05-19,28.0,Near Expiry,0,
BATCH-12887,MED-019,LOC-002,77,2026-10-13,2026-01-30,92.0,Available,0,
BATCH-12888,MED-002,LOC-003,594,2026-09-26,2026-01-17,68.0,Near Expiry,0,
BATCH-12889,MED-013,LOC-006,600,2027-01-12,2026-03-29,72.0,Available,0,
BATCH-12890,MED-016,LOC-003,524,2026-10-06,2026-01-11,64.0,Near Expiry,0,
BATCH-12891,MED-022,LOC-003,600,2027-09-09,2026-06-04,58.0,Available,0,
BATCH-12892,MED-030,LOC-002,1200,2026-10-07,2026-02-13,140.0,Near Expiry,0,
BATCH-12893,MED-037,LOC-006,1200,2027-03-04,2025-11-15,25.0,Available,0,
BATCH-12894,MED-040,LOC-007,600,2027-04-21,2026-04-26,2200.0,Available,0,
BATCH-12895,MED-028,LOC-009,600,2026-10-14,2025-12-01,15.0,Available,0,
BATCH-12896,MED-015,LOC-004,59,2026-09-13,2026-07-06,110.0,Near Expiry,0,
BATCH-12897,MED-032,LOC-008,190,2026-09-28,2026-04-14,420.0,Near Expiry,0,
BATCH-12898,MED-025,LOC-003,600,2027-09-07,2026-03-12,78.0,Available,0,
BATCH-12899,MED-037,LOC-002,80,2026-11-10,2026-01-11,25.0,Available,0,
BATCH-12900,MED-030,LOC-003,294,2026-09-23,2026-04-02,140.0,Available,0,
BATCH-12901,MED-021,LOC-009,1200,2026-10-28,2025-12-21,54.0,Available,0,
BATCH-12902,MED-023,LOC-010,223,2026-11-25,2026-03-15,65.0,Available,0,
BATCH-12903,MED-037,LOC-004,600,2026-11-21,2026-03-09,25.0,Available,0,
BATCH-12904,MED-037,LOC-003,600,2026-10-25,2026-05-05,25.0,Available,0,
BATCH-12905,MED-014,LOC-007,1200,2027-07-31,2026-07-09,98.0,Available,0,
BATCH-12906,MED-010,LOC-006,405,2026-10-31,2026-03-16,145.0,Available,0,
BATCH-12907,MED-036,LOC-005,1200,2026-11-15,2026-05-21,135.0,Available,0,
BATCH-12908,MED-035,LOC-001,131,2026-10-18,2026-07-04,112.0,Available,0,
BATCH-12909,MED-011,LOC-005,234,2027-02-19,2026-03-04,480.0,Available,0,
BATCH-12910,MED-011,LOC-002,20,2026-09-14,2026-01-19,480.0,Near Expiry,0,
BATCH-12911,MED-029,LOC-004,600,2026-11-21,2025-12-29,125.0,Available,0,
BATCH-12912,MED-001,LOC-008,614,2026-09-20,2025-12-08,24.5,Near Expiry,0,
BATCH-12913,MED-035,LOC-008,145,2026-11-01,2026-06-25,112.0,Available,0,
BATCH-12914,MED-040,LOC-007,600,2027-03-27,2026-02-01,2200.0,Available,0,
BATCH-12915,MED-021,LOC-006,1200,2026-11-01,2026-01-12,54.0,Available,0,
BATCH-12916,MED-006,LOC-001,201,2026-11-29,2026-04-26,42.0,Available,0,
BATCH-12917,MED-009,LOC-003,600,2026-10-16,2026-05-20,76.0,Available,0,
BATCH-12918,MED-029,LOC-003,508,2026-09-28,2026-01-03,125.0,Near Expiry,0,
BATCH-12919,MED-013,LOC-005,600,2026-12-08,2025-12-15,72.0,Available,0,
BATCH-12920,MED-014,LOC-010,600,2026-10-01,2026-06-06,98.0,Near Expiry,0,
BATCH-12921,MED-008,LOC-007,129,2026-11-17,2026-06-11,28.5,Available,0,
BATCH-12922,MED-040,LOC-007,600,2027-08-08,2026-01-07,2200.0,Available,0,
BATCH-12923,MED-001,LOC-005,1200,2026-11-09,2026-05-09,24.5,Available,0,
BATCH-12924,MED-007,LOC-007,1200,2026-10-29,2026-03-16,85.0,Available,0,
BATCH-12925,MED-019,LOC-005,1200,2027-05-28,2026-02-21,92.0,Available,0,
BATCH-12926,MED-007,LOC-008,63,2026-10-15,2026-02-14,85.0,Available,0,
BATCH-12927,MED-034,LOC-001,1200,2026-11-19,2026-06-18,28.0,Available,0,
BATCH-12928,MED-002,LOC-010,45,2027-07-06,2026-02-05,68.0,Available,0,
BATCH-12929,MED-013,LOC-002,1200,2026-10-16,2026-01-12,72.0,Available,0,
BATCH-12930,MED-016,LOC-003,600,2026-10-05,2026-04-20,64.0,Available,0,
BATCH-12931,MED-029,LOC-005,396,2026-09-26,2026-01-14,125.0,Near Expiry,0,
BATCH-12932,MED-012,LOC-006,42,2027-03-21,2026-02-10,52.0,Available,0,
BATCH-12933,MED-008,LOC-006,600,2027-05-25,2026-04-22,28.5,Available,0,
BATCH-12934,MED-029,LOC-009,1200,2026-11-15,2026-04-01,125.0,Available,0,
BATCH-12935,MED-029,LOC-005,1200,2026-11-10,2026-05-13,125.0,Available,0,
BATCH-12936,MED-023,LOC-009,600,2027-08-26,2026-07-11,65.0,Available,0,
BATCH-12937,MED-035,LOC-007,79,2026-09-17,2025-12-09,112.0,Near Expiry,0,
BATCH-12938,MED-012,LOC-010,600,2027-04-01,2026-04-09,52.0,Available,0,
BATCH-12939,MED-019,LOC-006,1200,2026-11-15,2026-07-01,92.0,Available,0,
BATCH-12940,MED-037,LOC-007,42,2026-10-25,2026-03-08,25.0,Available,0,
BATCH-12941,MED-007,LOC-004,139,2027-04-03,2026-07-08,85.0,Available,0,
BATCH-12942,MED-027,LOC-003,600,2026-10-19,2026-04-20,36.0,Available,0,
BATCH-12943,MED-025,LOC-001,600,2026-12-08,2025-12-07,78.0,Available,0,
BATCH-12944,MED-003,LOC-002,1200,2027-03-05,2026-05-27,18.2,Available,0,
BATCH-12945,MED-025,LOC-009,1200,2026-11-22,2026-06-27,78.0,Available,0,
BATCH-12946,MED-018,LOC-008,1200,2026-11-03,2026-06-24,45.0,Available,0,
BATCH-12947,MED-037,LOC-009,1200,2026-12-03,2026-05-15,25.0,Available,0,
BATCH-12948,MED-032,LOC-005,1200,2026-10-14,2026-01-04,420.0,Available,0,
BATCH-12949,MED-037,LOC-010,52,2027-08-12,2026-02-15,25.0,Available,0,
BATCH-12950,MED-030,LOC-002,220,2026-12-09,2026-04-19,140.0,Available,0,
BATCH-12951,MED-015,LOC-004,600,2026-11-25,2026-01-02,110.0,Available,0,
BATCH-12952,MED-010,LOC-009,600,2026-10-31,2026-02-19,145.0,Available,0,
BATCH-12953,MED-007,LOC-009,1200,2027-04-21,2025-12-26,85.0,Available,0,
BATCH-12954,MED-026,LOC-004,59,2026-09-15,2026-07-10,168.0,Near Expiry,0,
BATCH-12955,MED-019,LOC-010,230,2026-11-29,2025-12-07,92.0,Available,0,
BATCH-12956,MED-020,LOC-005,600,2026-11-01,2025-11-24,26.0,Available,0,
BATCH-12957,MED-018,LOC-002,63,2027-01-01,2026-03-19,45.0,Available,0,
BATCH-12958,MED-028,LOC-003,1200,2026-11-04,2025-11-17,15.0,Available,0,
BATCH-12959,MED-020,LOC-008,207,2027-02-03,2026-01-17,26.0,Available,0,
BATCH-12960,MED-017,LOC-004,152,2026-10-31,2025-11-19,22.0,Available,0,
BATCH-12961,MED-022,LOC-010,129,2027-08-03,2025-12-17,58.0,Available,0,
BATCH-12962,MED-024,LOC-009,147,2027-07-28,2026-03-05,82.0,Available,0,
BATCH-12963,MED-022,LOC-007,1200,2026-12-05,2026-02-21,58.0,Available,0,
BATCH-12964,MED-020,LOC-004,600,2026-12-29,2026-03-09,26.0,Available,0,
BATCH-12965,MED-029,LOC-002,600,2027-08-05,2026-03-15,125.0,Available,0,
BATCH-12966,MED-013,LOC-006,1200,2026-11-30,2026-02-02,72.0,Available,0,
BATCH-12967,MED-014,LOC-007,1200,2026-11-14,2026-05-25,98.0,Available,0,
BATCH-12968,MED-021,LOC-005,36,2026-09-12,2026-02-12,54.0,Near Expiry,0,
BATCH-12969,MED-003,LOC-003,156,2026-09-22,2026-01-19,18.2,Available,0,
BATCH-12970,MED-016,LOC-006,600,2026-12-02,2026-04-19,64.0,Available,0,
BATCH-12971,MED-017,LOC-010,600,2026-11-16,2026-06-07,22.0,Available,0,
BATCH-12972,MED-005,LOC-005,600,2026-10-30,2026-04-19,115.5,Available,0,
BATCH-12973,MED-021,LOC-006,309,2026-10-25,2026-07-02,54.0,Available,0,
BATCH-12974,MED-008,LOC-008,600,2026-10-17,2026-03-27,28.5,Available,0,
BATCH-12975,MED-024,LOC-010,47,2026-10-26,2025-12-20,82.0,Available,0,
BATCH-12976,MED-036,LOC-010,1200,2026-11-01,2026-02-10,135.0,Available,0,
BATCH-12977,MED-031,LOC-001,600,2027-05-25,2026-07-05,290.0,Available,0,
BATCH-12978,MED-011,LOC-003,600,2027-04-10,2026-01-26,480.0,Available,0,
BATCH-12979,MED-019,LOC-007,114,2026-11-21,2026-05-10,92.0,Available,0,
BATCH-12980,MED-024,LOC-006,1200,2027-06-02,2026-02-14,82.0,Available,0,
BATCH-12981,MED-027,LOC-004,600,2026-11-23,2026-07-11,36.0,Available,0,
BATCH-12982,MED-020,LOC-004,179,2026-09-22,2025-12-05,26.0,Near Expiry,0,
BATCH-12983,MED-017,LOC-007,122,2026-09-15,2026-05-28,22.0,Near Expiry,0,
BATCH-12984,MED-037,LOC-007,1200,2026-12-06,2025-12-11,25.0,Available,0,
BATCH-12985,MED-037,LOC-001,600,2026-10-09,2026-06-27,25.0,Near Expiry,0,
BATCH-12986,MED-002,LOC-007,600,2026-10-07,2026-01-29,68.0,Near Expiry,0,
BATCH-12987,MED-005,LOC-006,1200,2026-11-15,2026-07-03,115.5,Available,0,
BATCH-12988,MED-014,LOC-005,600,2026-10-12,2026-03-17,98.0,Available,0,
BATCH-12989,MED-008,LOC-007,229,2026-09-20,2026-05-24,28.5,Near Expiry,0,
BATCH-12990,MED-015,LOC-010,1200,2026-12-07,2025-12-10,110.0,Available,0,
BATCH-12991,MED-037,LOC-007,1200,2027-02-23,2026-06-14,25.0,Available,0,
BATCH-12992,MED-002,LOC-008,52,2026-09-23,2026-07-02,68.0,Available,0,
BATCH-12993,MED-010,LOC-009,894,2026-10-02,2026-05-02,145.0,Near Expiry,0,
BATCH-12994,MED-021,LOC-005,600,2026-11-20,2026-03-09,54.0,Available,0,
BATCH-12995,MED-011,LOC-009,1200,2027-01-10,2026-04-01,480.0,Available,0,
BATCH-12996,MED-034,LOC-001,600,2027-03-05,2026-03-27,28.0,Available,0,
BATCH-12997,MED-017,LOC-007,600,2026-11-21,2026-03-06,22.0,Available,0,
BATCH-12998,MED-032,LOC-007,185,2026-09-15,2026-03-28,420.0,Near Expiry,0,
BATCH-12999,MED-028,LOC-005,1200,2026-11-02,2026-02-02,15.0,Available,0,
BATCH-13000,MED-022,LOC-003,600,2026-10-17,2026-03-19,58.0,Available,0,
BATCH-13001,MED-036,LOC-009,600,2026-10-25,2026-07-12,135.0,Available,0,
BATCH-13002,MED-021,LOC-008,1172,2026-11-04,2025-12-02,54.0,Available,0,
BATCH-13003,MED-010,LOC-010,600,2026-11-29,2026-03-18,145.0,Available,0,
BATCH-13004,MED-026,LOC-009,248,2026-09-15,2026-06-08,168.0,Near Expiry,0,
BATCH-13005,MED-026,LOC-002,1200,2026-12-04,2026-04-07,168.0,Available,0,
BATCH-13006,MED-001,LOC-006,492,2026-10-03,2026-03-02,24.5,Near Expiry,0,
BATCH-13007,MED-026,LOC-009,1200,2026-12-05,2026-05-22,168.0,Available,0,
BATCH-13008,MED-026,LOC-007,435,2026-10-26,2025-12-02,168.0,Available,0,
BATCH-13009,MED-030,LOC-010,87,2026-12-08,2026-06-11,140.0,Available,0,
BATCH-13010,MED-009,LOC-009,600,2026-11-17,2026-04-08,76.0,Available,0,
BATCH-13011,MED-002,LOC-002,600,2026-11-12,2026-02-05,68.0,Available,0,
BATCH-13012,MED-029,LOC-001,1200,2027-02-08,2026-03-14,125.0,Available,0,
BATCH-13013,MED-026,LOC-008,1200,2027-01-31,2026-04-10,168.0,Available,0,
BATCH-13014,MED-007,LOC-001,1200,2026-10-20,2026-06-28,85.0,Available,0,
BATCH-13015,MED-036,LOC-010,600,2026-10-25,2026-02-10,135.0,Available,0,
BATCH-13016,MED-019,LOC-007,723,2026-09-19,2026-06-25,92.0,Near Expiry,0,
BATCH-13017,MED-037,LOC-001,124,2026-09-14,2026-06-29,25.0,Near Expiry,0,
BATCH-13018,MED-002,LOC-003,50,2026-09-04,2026-02-18,68.0,Expired,0,
BATCH-13019,MED-015,LOC-010,770,2026-09-20,2026-01-21,110.0,Near Expiry,0,
BATCH-13020,MED-031,LOC-006,600,2027-08-09,2026-05-05,290.0,Available,0,
BATCH-13021,MED-022,LOC-004,135,2027-07-14,2026-04-21,58.0,Available,0,
BATCH-13022,MED-020,LOC-005,1200,2027-03-05,2026-04-15,26.0,Available,0,
BATCH-13023,MED-040,LOC-005,936,2026-11-15,2026-06-28,2200.0,Available,0,
BATCH-13024,MED-008,LOC-006,1200,2027-03-28,2026-03-22,28.5,Available,0,
BATCH-13025,MED-024,LOC-002,176,2027-03-16,2026-05-12,82.0,Available,0,
BATCH-13026,MED-015,LOC-008,175,2027-06-30,2026-01-04,110.0,Available,0,
BATCH-13027,MED-029,LOC-007,21,2026-12-03,2026-01-20,125.0,Available,0,
BATCH-13028,MED-034,LOC-006,600,2026-11-04,2026-06-20,28.0,Available,0,
BATCH-13029,MED-003,LOC-006,477,2026-11-29,2026-01-08,18.2,Available,0,
BATCH-13030,MED-038,LOC-010,20,2026-09-11,2025-12-15,38.0,Near Expiry,0,
BATCH-13031,MED-003,LOC-006,867,2026-10-19,2026-04-19,18.2,Available,0,
BATCH-13032,MED-036,LOC-007,1200,2026-09-26,2026-05-11,135.0,Near Expiry,0,
BATCH-13033,MED-038,LOC-002,179,2026-09-21,2026-06-28,38.0,Near Expiry,0,
BATCH-13034,MED-005,LOC-009,600,2026-11-01,2026-03-26,115.5,Available,0,
BATCH-13035,MED-021,LOC-010,208,2026-09-23,2026-04-12,54.0,Near Expiry,0,
BATCH-13036,MED-014,LOC-001,600,2027-07-30,2026-01-08,98.0,Available,0,
BATCH-13037,MED-035,LOC-001,1200,2026-12-30,2025-11-28,112.0,Available,0,
BATCH-13038,MED-027,LOC-005,600,2026-10-07,2026-03-08,36.0,Available,0,
BATCH-13039,MED-022,LOC-005,143,2026-11-15,2025-12-14,58.0,Available,0,
BATCH-13040,MED-036,LOC-002,140,2026-11-14,2026-06-26,135.0,Available,0,
BATCH-13041,MED-017,LOC-010,1200,2026-11-18,2026-03-20,22.0,Available,0,
BATCH-13042,MED-012,LOC-010,548,2026-10-25,2026-06-16,52.0,Available,0,
BATCH-13043,MED-031,LOC-003,600,2026-10-01,2026-05-27,290.0,Near Expiry,0,
BATCH-13044,MED-023,LOC-003,234,2026-12-08,2026-05-27,65.0,Available,0,
BATCH-13045,MED-028,LOC-010,600,2027-09-01,2026-01-27,15.0,Available,0,
BATCH-13046,MED-030,LOC-008,214,2026-10-19,2026-04-19,140.0,Available,0,
BATCH-13047,MED-019,LOC-002,229,2026-09-18,2026-02-06,92.0,Near Expiry,0,
BATCH-13048,MED-014,LOC-007,1200,2026-12-11,2026-01-17,98.0,Available,0,
BATCH-13049,MED-012,LOC-008,473,2026-10-13,2026-01-15,52.0,Available,0,
BATCH-13050,MED-034,LOC-010,29,2026-09-12,2025-12-09,28.0,Near Expiry,0,
BATCH-13051,MED-039,LOC-004,1200,2026-11-05,2026-01-22,45.0,Available,0,
BATCH-13052,MED-005,LOC-006,1200,2026-11-05,2026-04-01,115.5,Available,0,
BATCH-13053,MED-016,LOC-001,600,2027-08-05,2026-07-05,64.0,Available,0,
BATCH-13054,MED-002,LOC-006,1200,2027-01-31,2026-04-07,68.0,Available,0,
BATCH-13055,MED-029,LOC-005,65,2026-10-12,2026-05-19,125.0,Available,0,
BATCH-13056,MED-032,LOC-002,1200,2026-11-30,2026-01-27,420.0,Available,0,
BATCH-13057,MED-023,LOC-007,208,2026-09-20,2026-06-16,65.0,Near Expiry,0,
BATCH-13058,MED-035,LOC-001,464,2026-12-07,2026-05-26,112.0,Available,0,
BATCH-13059,MED-004,LOC-007,600,2026-10-21,2026-01-15,32.0,Available,0,
BATCH-13060,MED-022,LOC-009,95,2026-10-18,2026-04-13,58.0,Available,0,
BATCH-13061,MED-006,LOC-009,600,2027-03-04,2026-02-02,42.0,Available,0,
BATCH-13062,MED-009,LOC-002,600,2027-09-03,2026-01-13,76.0,Available,0,
BATCH-13063,MED-021,LOC-010,600,2026-10-29,2025-11-18,54.0,Available,0,
BATCH-13064,MED-035,LOC-009,600,2027-09-08,2026-04-30,112.0,Available,0,
BATCH-13065,MED-016,LOC-002,1200,2026-12-06,2026-01-21,64.0,Available,0,
BATCH-13066,MED-036,LOC-008,202,2026-09-23,2026-06-02,135.0,Near Expiry,0,
BATCH-13067,MED-025,LOC-009,211,2026-10-20,2026-06-10,78.0,Available,0,
BATCH-13068,MED-031,LOC-009,67,2026-10-24,2026-02-24,290.0,Available,0,
BATCH-13069,MED-031,LOC-003,58,2026-12-03,2026-04-07,290.0,Available,0,
BATCH-13070,MED-001,LOC-009,132,2027-08-14,2026-03-20,24.5,Available,0,
BATCH-13071,MED-006,LOC-001,1200,2026-11-01,2026-02-25,42.0,Available,0,
BATCH-13072,MED-023,LOC-006,300,2026-10-21,2025-11-26,65.0,Available,0,
BATCH-13073,MED-029,LOC-008,1200,2026-12-04,2026-07-03,125.0,Available,0,
BATCH-13074,MED-022,LOC-009,1200,2026-10-29,2026-03-14,58.0,Available,0,
BATCH-13075,MED-030,LOC-004,227,2027-02-12,2026-05-30,140.0,Available,0,
BATCH-13076,MED-029,LOC-001,1200,2026-10-16,2025-12-23,125.0,Available,0,
BATCH-13077,MED-010,LOC-006,490,2026-10-20,2025-11-22,145.0,Available,0,
BATCH-13078,MED-015,LOC-010,1200,2027-08-01,2026-01-27,110.0,Available,0,
BATCH-13079,MED-027,LOC-008,600,2027-01-14,2026-04-11,36.0,Available,0,
BATCH-13080,MED-019,LOC-007,243,2027-08-02,2026-05-14,92.0,Available,0,
BATCH-13081,MED-022,LOC-007,87,2026-11-19,2026-05-02,58.0,Available,0,
BATCH-13082,MED-028,LOC-008,600,2027-03-26,2026-05-26,15.0,Available,0,
BATCH-13083,MED-011,LOC-005,132,2026-11-20,2026-04-13,480.0,Available,0,
BATCH-13084,MED-002,LOC-001,1200,2026-11-23,2025-11-26,68.0,Available,0,
BATCH-13085,MED-017,LOC-006,127,2026-11-28,2026-01-20,22.0,Available,0,
BATCH-13086,MED-018,LOC-001,550,2026-10-11,2026-01-31,45.0,Available,0,
BATCH-13087,MED-009,LOC-001,600,2026-09-25,2026-07-05,76.0,Near Expiry,0,
BATCH-13088,MED-032,LOC-002,600,2027-06-20,2026-06-06,420.0,Available,0,
BATCH-13089,MED-040,LOC-001,376,2026-11-08,2026-02-22,2200.0,Available,0,
BATCH-13090,MED-002,LOC-002,70,2026-10-17,2026-05-21,68.0,Available,0,
BATCH-13091,MED-021,LOC-007,457,2026-10-15,2026-01-31,54.0,Available,0,
BATCH-13092,MED-030,LOC-002,600,2027-06-23,2026-04-10,140.0,Available,0,
BATCH-13093,MED-038,LOC-005,600,2026-10-26,2026-04-16,38.0,Available,0,
BATCH-13094,MED-024,LOC-001,600,2027-05-24,2025-11-25,82.0,Available,0,
BATCH-13095,MED-037,LOC-002,234,2026-10-20,2026-03-03,25.0,Available,0,
BATCH-13096,MED-019,LOC-002,600,2026-11-29,2026-04-15,92.0,Available,0,
BATCH-13097,MED-024,LOC-003,185,2027-01-10,2026-03-18,82.0,Available,0,
BATCH-13098,MED-033,LOC-003,600,2027-01-17,2026-04-03,105.0,Available,0,
BATCH-13099,MED-012,LOC-002,101,2026-11-09,2026-04-08,52.0,Available,0,
BATCH-13100,MED-010,LOC-001,600,2026-12-30,2025-12-22,145.0,Available,0,
BATCH-13101,MED-040,LOC-005,138,2026-10-11,2026-03-03,2200.0,Available,0,
BATCH-13102,MED-004,LOC-004,600,2027-06-13,2026-01-19,32.0,Available,0,
BATCH-13103,MED-011,LOC-005,600,2027-05-05,2026-07-10,480.0,Available,0,
BATCH-13104,MED-028,LOC-004,600,2026-11-06,2025-12-21,15.0,Available,0,
BATCH-13105,MED-006,LOC-009,600,2027-06-13,2026-01-10,42.0,Available,0,
BATCH-13106,MED-021,LOC-010,1200,2026-12-02,2026-07-06,54.0,Available,0,
BATCH-13107,MED-039,LOC-005,1200,2026-10-08,2026-06-03,45.0,Near Expiry,0,
BATCH-13108,MED-006,LOC-009,1200,2027-01-23,2025-12-24,42.0,Available,0,
BATCH-13109,MED-015,LOC-005,1200,2027-06-15,2026-03-13,110.0,Available,0,
BATCH-13110,MED-040,LOC-007,247,2026-12-08,2026-03-16,2200.0,Available,0,
BATCH-13111,MED-016,LOC-005,1200,2027-02-07,2025-12-28,64.0,Available,0,
BATCH-13112,MED-011,LOC-010,327,2026-10-10,2026-03-06,480.0,Near Expiry,0,
BATCH-13113,MED-006,LOC-005,1200,2026-11-19,2026-02-19,42.0,Available,0,
BATCH-13114,MED-039,LOC-001,600,2026-11-30,2026-02-27,45.0,Available,0,
BATCH-13115,MED-020,LOC-006,29,2026-09-21,2026-06-15,26.0,Available,0,
BATCH-13116,MED-033,LOC-003,20,2026-09-07,2026-02-19,105.0,Expired,0,
BATCH-13117,MED-010,LOC-004,1200,2027-07-02,2026-03-09,145.0,Available,0,
BATCH-13118,MED-005,LOC-008,313,2026-10-08,2026-02-22,115.5,Near Expiry,0,
BATCH-13119,MED-033,LOC-008,339,2026-10-21,2025-12-16,105.0,Available,0,
BATCH-13120,MED-011,LOC-001,600,2027-04-16,2026-05-04,480.0,Available,0,
BATCH-13121,MED-002,LOC-008,85,2026-09-15,2026-03-13,68.0,Near Expiry,0,
BATCH-13122,MED-032,LOC-008,137,2026-11-02,2026-06-03,420.0,Available,0,
BATCH-13123,MED-010,LOC-004,35,2026-09-14,2025-12-31,145.0,Near Expiry,0,
BATCH-13124,MED-013,LOC-008,1200,2027-08-24,2026-01-07,72.0,Available,0,
BATCH-13125,MED-004,LOC-006,214,2027-07-23,2025-12-08,32.0,Available,0,
BATCH-13126,MED-037,LOC-010,1200,2026-11-04,2026-05-21,25.0,Available,0,
BATCH-13127,MED-030,LOC-001,651,2026-09-15,2026-02-07,140.0,Near Expiry,0,
BATCH-13128,MED-026,LOC-007,83,2026-11-17,2025-12-04,168.0,Available,0,
BATCH-13129,MED-014,LOC-008,59,2026-09-14,2026-06-15,98.0,Near Expiry,0,
BATCH-13130,MED-002,LOC-010,1200,2026-12-09,2026-06-26,68.0,Available,0,
BATCH-13131,MED-027,LOC-004,1200,2026-10-17,2026-04-27,36.0,Available,0,
BATCH-13132,MED-026,LOC-006,1200,2027-08-18,2026-04-28,168.0,Available,0,
BATCH-13133,MED-034,LOC-009,1200,2026-10-08,2026-03-15,28.0,Near Expiry,0,
BATCH-13134,MED-037,LOC-008,56,2026-10-04,2026-04-20,25.0,Available,0,
BATCH-13135,MED-024,LOC-009,1200,2027-04-29,2026-04-12,82.0,Available,0,
BATCH-13136,MED-014,LOC-010,1200,2027-07-13,2025-12-24,98.0,Available,0,
BATCH-13137,MED-020,LOC-009,600,2027-04-09,2026-03-25,26.0,Available,0,
BATCH-13138,MED-032,LOC-004,500,2026-10-29,2025-12-09,420.0,Available,0,
BATCH-13139,MED-002,LOC-001,1200,2026-10-18,2026-03-29,68.0,Available,0,
BATCH-13140,MED-020,LOC-007,202,2026-11-05,2026-05-03,26.0,Available,0,
BATCH-13141,MED-018,LOC-002,1200,2026-10-26,2025-12-28,45.0,Available,0,
BATCH-13142,MED-015,LOC-002,1200,2026-10-22,2025-11-27,110.0,Available,0,
BATCH-13143,MED-026,LOC-001,308,2026-09-29,2026-07-11,168.0,Near Expiry,0,
BATCH-13144,MED-017,LOC-002,1200,2026-10-16,2026-02-23,22.0,Available,0,
BATCH-13145,MED-014,LOC-007,600,2027-01-16,2026-03-28,98.0,Available,0,
BATCH-13146,MED-002,LOC-004,600,2027-01-17,2026-06-20,68.0,Available,0,
BATCH-13147,MED-002,LOC-006,1200,2026-11-02,2026-02-01,68.0,Available,0,
BATCH-13148,MED-017,LOC-003,237,2027-08-23,2026-05-10,22.0,Available,0,
BATCH-13149,MED-015,LOC-008,1200,2026-10-19,2025-12-18,110.0,Available,0,
BATCH-13150,MED-018,LOC-006,506,2026-10-21,2025-12-08,45.0,Available,0,
BATCH-13151,MED-002,LOC-001,341,2026-09-18,2026-06-19,68.0,Available,0,
BATCH-13152,MED-010,LOC-008,600,2027-04-01,2026-03-01,145.0,Available,0,
BATCH-13153,MED-009,LOC-002,73,2026-12-03,2025-12-28,76.0,Available,0,
BATCH-13154,MED-025,LOC-009,1171,2026-09-29,2025-12-01,78.0,Near Expiry,0,
BATCH-13155,MED-029,LOC-001,1200,2027-03-19,2026-05-07,125.0,Available,0,
BATCH-13156,MED-037,LOC-002,600,2026-11-09,2025-11-22,25.0,Available,0,
BATCH-13157,MED-027,LOC-005,1200,2026-12-19,2026-05-12,36.0,Available,0,
BATCH-13158,MED-017,LOC-009,28,2026-11-07,2026-01-03,22.0,Available,0,
BATCH-13159,MED-001,LOC-007,600,2026-10-03,2026-04-19,24.5,Available,0,
BATCH-13160,MED-008,LOC-005,1200,2027-06-09,2026-05-08,28.5,Available,0,
BATCH-13161,MED-028,LOC-010,1200,2026-10-15,2025-12-11,15.0,Available,0,
BATCH-13162,MED-031,LOC-006,1200,2027-02-14,2026-03-13,290.0,Available,0,
BATCH-13163,MED-001,LOC-002,203,2026-11-09,2026-01-03,24.5,Available,0,
BATCH-13164,MED-005,LOC-008,225,2026-09-27,2026-01-24,115.5,Near Expiry,0,
BATCH-13165,MED-012,LOC-004,376,2026-10-14,2025-12-16,52.0,Available,0,
BATCH-13166,MED-011,LOC-007,195,2026-11-03,2026-03-03,480.0,Available,0,
BATCH-13167,MED-003,LOC-001,561,2026-09-18,2026-06-16,18.2,Near Expiry,0,
BATCH-13168,MED-019,LOC-006,282,2026-10-13,2026-01-05,92.0,Available,0,
BATCH-13169,MED-037,LOC-005,600,2026-11-12,2026-01-15,25.0,Available,0,
BATCH-13170,MED-016,LOC-006,248,2026-12-04,2026-06-04,64.0,Available,0,
BATCH-13171,MED-035,LOC-004,202,2026-11-25,2026-05-30,112.0,Available,0,
BATCH-13172,MED-023,LOC-007,1200,2026-11-28,2026-02-20,65.0,Available,0,
BATCH-13173,MED-009,LOC-007,140,2027-06-21,2026-05-03,76.0,Available,0,
BATCH-13174,MED-007,LOC-002,36,2026-10-28,2026-06-09,85.0,Available,0,
BATCH-13175,MED-034,LOC-008,600,2027-09-03,2025-12-22,28.0,Available,0,
BATCH-13176,MED-001,LOC-008,600,2026-11-13,2026-06-13,24.5,Available,0,
BATCH-13177,MED-026,LOC-005,1200,2026-11-02,2026-01-27,168.0,Available,0,
BATCH-13178,MED-038,LOC-009,64,2026-11-04,2026-02-15,38.0,Available,0,
BATCH-13179,MED-020,LOC-008,201,2026-10-09,2026-02-23,26.0,Near Expiry,0,
BATCH-13180,MED-012,LOC-004,600,2026-12-03,2026-01-22,52.0,Available,0,
BATCH-13181,MED-032,LOC-008,29,2026-09-14,2026-02-19,420.0,Near Expiry,0,
BATCH-13182,MED-016,LOC-003,1200,2026-10-14,2026-06-02,64.0,Available,0,
BATCH-13183,MED-036,LOC-001,1200,2026-11-15,2025-12-31,135.0,Available,0,
BATCH-13184,MED-038,LOC-001,600,2026-12-01,2026-03-31,38.0,Available,0,
BATCH-13185,MED-024,LOC-004,137,2026-11-16,2025-12-12,82.0,Available,0,
BATCH-13186,MED-005,LOC-007,600,2026-11-04,2025-12-13,115.5,Available,0,
BATCH-13187,MED-001,LOC-001,25,2026-10-03,2025-12-31,24.5,Near Expiry,0,
BATCH-13188,MED-029,LOC-001,600,2027-08-16,2026-03-01,125.0,Available,0,
BATCH-13189,MED-027,LOC-007,1200,2027-04-04,2026-05-31,36.0,Available,0,
BATCH-13190,MED-003,LOC-010,1200,2027-08-30,2026-05-13,18.2,Available,0,
BATCH-13191,MED-010,LOC-007,600,2026-11-19,2026-02-24,145.0,Available,0,
BATCH-13192,MED-040,LOC-007,172,2026-11-07,2026-03-13,2200.0,Available,0,
BATCH-13193,MED-022,LOC-007,600,2026-10-15,2026-03-25,58.0,Available,0,
BATCH-13194,MED-039,LOC-009,594,2026-09-21,2026-02-12,45.0,Near Expiry,0,
BATCH-13195,MED-023,LOC-001,1200,2026-12-30,2026-05-24,65.0,Available,0,
BATCH-13196,MED-010,LOC-001,528,2026-09-23,2026-05-16,145.0,Near Expiry,0,
BATCH-13197,MED-025,LOC-005,600,2026-11-09,2026-04-08,78.0,Available,0,
BATCH-13198,MED-003,LOC-008,78,2027-04-21,2025-12-26,18.2,Available,0,
BATCH-13199,MED-022,LOC-002,600,2026-10-21,2026-06-05,58.0,Available,0,
BATCH-13200,MED-031,LOC-006,234,2026-09-28,2026-05-22,290.0,Near Expiry,0,
BATCH-13201,MED-002,LOC-001,600,2026-11-21,2025-12-09,68.0,Available,0,
BATCH-13202,MED-027,LOC-010,600,2027-03-19,2026-06-08,36.0,Available,0,
BATCH-13203,MED-009,LOC-003,217,2026-11-21,2026-01-15,76.0,Available,0,
BATCH-13204,MED-034,LOC-004,147,2026-11-08,2025-12-23,28.0,Available,0,
BATCH-13205,MED-012,LOC-003,1200,2026-10-29,2026-05-20,52.0,Available,0,
BATCH-13206,MED-015,LOC-008,600,2027-01-06,2026-07-11,110.0,Available,0,
BATCH-13207,MED-014,LOC-005,600,2026-12-27,2026-05-21,98.0,Available,0,
BATCH-13208,MED-015,LOC-004,73,2026-11-30,2026-02-02,110.0,Available,0,
BATCH-13209,MED-035,LOC-005,287,2026-10-31,2025-12-28,112.0,Available,0,
BATCH-13210,MED-036,LOC-001,1200,2026-10-18,2026-03-22,135.0,Available,0,
BATCH-13211,MED-024,LOC-002,565,2026-10-24,2026-02-16,82.0,Available,0,
BATCH-13212,MED-025,LOC-005,1200,2026-11-02,2026-04-12,78.0,Available,0,
BATCH-13213,MED-010,LOC-002,600,2026-11-01,2026-01-15,145.0,Available,0,
BATCH-13214,MED-011,LOC-007,164,2026-10-21,2026-05-21,480.0,Available,0,
BATCH-13215,MED-039,LOC-007,1200,2026-11-21,2026-02-05,45.0,Available,0,
BATCH-13216,MED-009,LOC-009,600,2027-03-29,2026-01-31,76.0,Available,0,
BATCH-13217,MED-040,LOC-010,193,2026-11-09,2026-01-20,2200.0,Available,0,
BATCH-13218,MED-014,LOC-002,1200,2026-11-10,2026-05-13,98.0,Available,0,
BATCH-13219,MED-024,LOC-010,194,2027-07-13,2026-04-15,82.0,Available,0,
BATCH-13220,MED-002,LOC-003,186,2026-10-23,2026-03-23,68.0,Available,0,
BATCH-13221,MED-034,LOC-007,600,2026-12-04,2026-07-03,28.0,Available,0,
BATCH-13222,MED-032,LOC-007,600,2026-11-07,2026-04-27,420.0,Available,0,
BATCH-13223,MED-016,LOC-003,20,2026-11-21,2026-01-08,64.0,Available,0,
BATCH-13224,MED-015,LOC-009,600,2026-10-20,2026-06-05,110.0,Available,0,
BATCH-13225,MED-021,LOC-006,581,2026-11-22,2026-05-12,54.0,Available,0,
BATCH-13226,MED-027,LOC-004,1200,2026-11-18,2026-02-05,36.0,Available,0,
BATCH-13227,MED-001,LOC-004,600,2026-11-21,2026-04-21,24.5,Available,0,
BATCH-13228,MED-024,LOC-004,50,2026-09-11,2026-05-18,82.0,Near Expiry,0,
BATCH-13229,MED-006,LOC-001,117,2026-12-03,2025-12-18,42.0,Available,0,
BATCH-13230,MED-025,LOC-004,600,2026-11-15,2026-04-14,78.0,Available,0,
BATCH-13231,MED-012,LOC-003,600,2027-03-24,2026-05-01,52.0,Available,0,
BATCH-13232,MED-039,LOC-002,488,2026-10-23,2026-07-11,45.0,Available,0,
BATCH-13233,MED-001,LOC-005,211,2026-11-23,2026-04-02,24.5,Available,0,
BATCH-13234,MED-029,LOC-004,1200,2027-02-26,2026-03-29,125.0,Available,0,
BATCH-13235,MED-029,LOC-009,600,2027-03-21,2026-01-23,125.0,Available,0,
BATCH-13236,MED-018,LOC-002,1200,2026-10-24,2025-12-21,45.0,Available,0,
BATCH-13237,MED-002,LOC-010,188,2026-09-21,2026-04-29,68.0,Available,0,
BATCH-13238,MED-024,LOC-009,127,2026-09-27,2026-03-09,82.0,Near Expiry,0,
BATCH-13239,MED-028,LOC-010,600,2027-04-19,2025-11-20,15.0,Available,0,
BATCH-13240,MED-015,LOC-009,1200,2026-10-28,2025-11-29,110.0,Available,0,
BATCH-13241,MED-021,LOC-003,600,2026-11-28,2026-07-05,54.0,Available,0,
BATCH-13242,MED-006,LOC-009,332,2026-10-05,2026-04-26,42.0,Near Expiry,0,
BATCH-13243,MED-035,LOC-009,132,2026-10-02,2025-12-16,112.0,Near Expiry,0,
BATCH-13244,MED-026,LOC-009,1002,2026-10-17,2026-03-06,168.0,Available,0,
BATCH-13245,MED-021,LOC-001,119,2026-09-19,2026-02-16,54.0,Near Expiry,0,
BATCH-13246,MED-018,LOC-007,600,2027-03-04,2026-05-06,45.0,Available,0,
BATCH-13247,MED-023,LOC-005,1200,2026-11-29,2026-04-19,65.0,Available,0,
BATCH-13248,MED-007,LOC-006,600,2026-11-06,2026-05-13,85.0,Available,0,
BATCH-13249,MED-003,LOC-004,348,2026-10-20,2026-03-27,18.2,Available,0,
BATCH-13250,MED-020,LOC-010,600,2027-03-28,2026-03-12,26.0,Available,0,
BATCH-13251,MED-038,LOC-002,600,2026-12-08,2026-06-22,38.0,Available,0,
BATCH-13252,MED-022,LOC-001,600,2027-04-10,2026-01-07,58.0,Available,0,
BATCH-13253,MED-023,LOC-009,600,2027-08-24,2026-01-11,65.0,Available,0,
BATCH-13254,MED-003,LOC-001,1200,2027-05-13,2026-06-11,18.2,Available,0,
BATCH-13255,MED-014,LOC-004,122,2026-11-07,2026-02-23,98.0,Available,0,
BATCH-13256,MED-001,LOC-002,1200,2027-08-30,2026-04-23,24.5,Available,0,
BATCH-13257,MED-002,LOC-003,22,2026-12-05,2025-12-06,68.0,Available,0,
BATCH-13258,MED-007,LOC-001,44,2026-09-17,2026-04-28,85.0,Near Expiry,0,
BATCH-13259,MED-035,LOC-002,273,2027-01-07,2026-04-05,112.0,Available,0,
BATCH-13260,MED-019,LOC-010,1200,2026-11-28,2026-06-13,92.0,Available,0,
BATCH-13261,MED-024,LOC-001,600,2027-05-31,2026-06-12,82.0,Available,0,
BATCH-13262,MED-038,LOC-004,600,2027-07-08,2026-02-26,38.0,Available,0,
BATCH-13263,MED-032,LOC-002,522,2026-10-28,2026-07-10,420.0,Available,0,
BATCH-13264,MED-014,LOC-003,45,2027-06-15,2026-07-08,98.0,Available,0,
BATCH-13265,MED-039,LOC-007,1200,2026-10-06,2025-12-16,45.0,Near Expiry,0,
BATCH-13266,MED-018,LOC-010,217,2026-10-15,2026-07-02,45.0,Available,0,
BATCH-13267,MED-017,LOC-001,600,2026-12-06,2026-05-19,22.0,Available,0,
BATCH-13268,MED-031,LOC-008,85,2026-10-28,2026-04-14,290.0,Available,0,
BATCH-13269,MED-035,LOC-001,66,2026-10-14,2026-06-25,112.0,Available,0,
BATCH-13270,MED-027,LOC-003,171,2026-11-30,2026-05-15,36.0,Available,0,
BATCH-13271,MED-024,LOC-002,1033,2026-10-26,2026-01-21,82.0,Available,0,
BATCH-13272,MED-036,LOC-007,190,2026-09-16,2026-06-26,135.0,Near Expiry,0,
BATCH-13273,MED-009,LOC-004,1200,2027-04-02,2026-05-23,76.0,Available,0,
BATCH-13274,MED-038,LOC-009,600,2027-02-17,2026-06-27,38.0,Available,0,
BATCH-13275,MED-019,LOC-006,236,2026-11-27,2026-01-25,92.0,Available,0,
BATCH-13276,MED-007,LOC-001,1200,2027-06-26,2026-01-31,85.0,Available,0,
BATCH-13277,MED-036,LOC-001,1200,2027-06-11,2026-07-05,135.0,Available,0,
BATCH-13278,MED-010,LOC-001,600,2027-07-14,2026-07-11,145.0,Available,0,
BATCH-13279,MED-007,LOC-009,234,2027-04-18,2026-05-08,85.0,Available,0,
BATCH-13280,MED-003,LOC-009,600,2026-12-02,2026-02-06,18.2,Available,0,
BATCH-13281,MED-036,LOC-004,1200,2026-10-29,2026-04-20,135.0,Available,0,
BATCH-13282,MED-023,LOC-001,105,2026-12-15,2026-02-11,65.0,Available,0,
BATCH-13283,MED-033,LOC-001,429,2026-10-15,2026-01-16,105.0,Available,0,
BATCH-13284,MED-039,LOC-009,349,2026-10-07,2025-11-20,45.0,Near Expiry,0,
BATCH-13285,MED-017,LOC-003,1200,2026-11-18,2026-06-22,22.0,Available,0,
BATCH-13286,MED-002,LOC-005,600,2026-11-24,2025-11-16,68.0,Available,0,
BATCH-13287,MED-012,LOC-006,174,2027-09-09,2026-04-30,52.0,Available,0,
BATCH-13288,MED-006,LOC-010,1200,2027-03-19,2026-07-01,42.0,Available,0,
BATCH-13289,MED-019,LOC-008,347,2026-10-08,2026-03-14,92.0,Near Expiry,0,
BATCH-13290,MED-034,LOC-006,119,2026-11-10,2026-06-08,28.0,Available,0,
BATCH-13291,MED-009,LOC-010,1200,2027-06-26,2026-06-21,76.0,Available,0,
BATCH-13292,MED-009,LOC-009,1200,2026-10-11,2025-12-28,76.0,Available,0,
BATCH-13293,MED-009,LOC-005,221,2027-07-02,2025-11-30,76.0,Available,0,
BATCH-13294,MED-027,LOC-008,600,2026-11-13,2026-04-02,36.0,Available,0,
BATCH-13295,MED-032,LOC-005,72,2026-09-11,2025-12-14,420.0,Near Expiry,0,
BATCH-13296,MED-006,LOC-003,593,2026-10-19,2026-05-28,42.0,Available,0,
BATCH-13297,MED-025,LOC-001,99,2026-09-13,2026-01-03,78.0,Near Expiry,0,
BATCH-13298,MED-039,LOC-007,1200,2027-07-29,2026-05-27,45.0,Available,0,
BATCH-13299,MED-004,LOC-006,78,2026-12-14,2026-02-02,32.0,Available,0,
BATCH-13300,MED-022,LOC-004,1200,2027-03-16,2026-01-09,58.0,Available,0,
BATCH-13301,MED-027,LOC-001,1200,2026-11-06,2026-02-03,36.0,Available,0,
BATCH-13302,MED-016,LOC-003,244,2026-10-10,2026-07-11,64.0,Near Expiry,0,
BATCH-13303,MED-038,LOC-005,1200,2027-04-04,2026-01-08,38.0,Available,0,
BATCH-13304,MED-005,LOC-005,1200,2027-08-15,2026-03-03,115.5,Available,0,
BATCH-13305,MED-013,LOC-008,600,2027-08-13,2026-02-11,72.0,Available,0,
BATCH-13306,MED-003,LOC-003,403,2026-09-21,2026-02-27,18.2,Near Expiry,0,
BATCH-13307,MED-032,LOC-010,600,2027-08-31,2026-06-22,420.0,Available,0,
BATCH-13308,MED-037,LOC-007,915,2026-09-27,2026-03-30,25.0,Near Expiry,0,
BATCH-13309,MED-040,LOC-007,600,2027-05-29,2026-04-11,2200.0,Available,0,
BATCH-13310,MED-023,LOC-003,1200,2026-11-04,2026-01-14,65.0,Available,0,
BATCH-13311,MED-035,LOC-003,307,2026-10-03,2026-06-04,112.0,Available,0,
BATCH-13312,MED-012,LOC-003,1200,2026-11-16,2026-04-20,52.0,Available,0,
BATCH-13313,MED-034,LOC-009,1200,2026-12-22,2026-04-19,28.0,Available,0,
BATCH-13314,MED-022,LOC-006,1043,2026-10-04,2026-03-14,58.0,Near Expiry,0,
BATCH-13315,MED-029,LOC-007,483,2026-10-23,2025-11-20,125.0,Available,0,
BATCH-13316,MED-035,LOC-008,104,2026-11-02,2026-01-15,112.0,Available,0,
BATCH-13317,MED-009,LOC-001,1200,2026-11-20,2026-05-20,76.0,Available,0,
BATCH-13318,MED-014,LOC-007,1200,2026-11-29,2026-05-25,98.0,Available,0,
BATCH-13319,MED-009,LOC-007,41,2026-10-09,2026-03-11,76.0,Near Expiry,0,
BATCH-13320,MED-017,LOC-005,600,2026-10-08,2026-07-09,22.0,Available,0,
BATCH-13321,MED-023,LOC-003,600,2026-12-07,2026-02-10,65.0,Available,0,
BATCH-13322,MED-020,LOC-005,600,2027-03-29,2026-06-25,26.0,Available,0,
BATCH-13323,MED-008,LOC-006,248,2026-09-25,2025-12-23,28.5,Available,0,
BATCH-13324,MED-040,LOC-008,50,2026-09-11,2026-01-02,2200.0,Near Expiry,0,
BATCH-13325,MED-015,LOC-005,199,2026-10-30,2026-03-07,110.0,Available,0,
BATCH-13326,MED-023,LOC-009,600,2026-11-30,2026-06-25,65.0,Available,0,
BATCH-13327,MED-031,LOC-009,600,2026-11-02,2025-11-16,290.0,Available,0,
BATCH-13328,MED-038,LOC-003,76,2026-11-18,2026-05-18,38.0,Available,0,
BATCH-13329,MED-033,LOC-003,73,2026-11-19,2026-02-13,105.0,Available,0,
BATCH-13330,MED-014,LOC-002,960,2026-09-23,2026-02-08,98.0,Near Expiry,0,
BATCH-13331,MED-029,LOC-001,1200,2026-10-17,2026-01-18,125.0,Available,0,
BATCH-13332,MED-034,LOC-004,147,2027-08-04,2026-04-24,28.0,Available,0,
BATCH-13333,MED-017,LOC-001,215,2026-10-18,2026-03-31,22.0,Available,0,
BATCH-13334,MED-023,LOC-007,61,2026-09-16,2026-03-19,65.0,Near Expiry,0,
BATCH-13335,MED-036,LOC-003,491,2026-09-23,2026-01-28,135.0,Near Expiry,0,
BATCH-13336,MED-014,LOC-009,215,2026-10-28,2026-05-31,98.0,Available,0,
BATCH-13337,MED-029,LOC-003,1200,2026-11-02,2025-12-22,125.0,Available,0,
BATCH-13338,MED-001,LOC-005,165,2026-11-21,2026-01-29,24.5,Available,0,
BATCH-13339,MED-011,LOC-001,600,2027-07-03,2026-01-25,480.0,Available,0,
BATCH-13340,MED-023,LOC-004,470,2026-09-24,2025-11-20,65.0,Near Expiry,0,
BATCH-13341,MED-034,LOC-005,1200,2026-11-27,2026-06-19,28.0,Available,0,
BATCH-13342,MED-020,LOC-007,1200,2026-10-15,2026-05-07,26.0,Available,0,
BATCH-13343,MED-025,LOC-004,98,2026-11-01,2026-06-20,78.0,Available,0,
BATCH-13344,MED-036,LOC-004,600,2027-04-18,2026-02-02,135.0,Available,0,
BATCH-13345,MED-022,LOC-010,600,2026-10-22,2026-01-05,58.0,Available,0,
BATCH-13346,MED-024,LOC-010,600,2027-03-05,2026-06-24,82.0,Available,0,
BATCH-13347,MED-007,LOC-004,600,2027-07-07,2026-05-24,85.0,Available,0,
BATCH-13348,MED-012,LOC-008,522,2026-10-24,2026-03-01,52.0,Available,0,
BATCH-13349,MED-024,LOC-009,315,2026-10-17,2025-12-11,82.0,Available,0,
BATCH-13350,MED-039,LOC-002,600,2026-11-17,2025-12-26,45.0,Available,0,
BATCH-13351,MED-035,LOC-005,371,2026-10-03,2026-05-24,112.0,Available,0,
BATCH-13352,MED-032,LOC-007,304,2026-09-18,2026-06-23,420.0,Near Expiry,0,
BATCH-13353,MED-022,LOC-005,1200,2026-11-10,2026-04-25,58.0,Available,0,
BATCH-13354,MED-027,LOC-005,1200,2026-11-15,2025-12-30,36.0,Available,0,
BATCH-13355,MED-039,LOC-001,600,2026-10-04,2026-06-18,45.0,Available,0,
BATCH-13356,MED-017,LOC-008,188,2026-11-10,2026-04-24,22.0,Available,0,
BATCH-13357,MED-039,LOC-010,600,2027-06-03,2025-11-23,45.0,Available,0,
BATCH-13358,MED-025,LOC-008,600,2026-11-28,2026-04-06,78.0,Available,0,
BATCH-13359,MED-003,LOC-010,137,2026-11-13,2026-07-01,18.2,Available,0,
BATCH-13360,MED-012,LOC-007,1200,2026-11-01,2026-05-29,52.0,Available,0,
BATCH-13361,MED-025,LOC-010,1200,2026-11-15,2025-11-25,78.0,Available,0,
BATCH-13362,MED-031,LOC-002,133,2026-12-04,2026-01-28,290.0,Available,0,
BATCH-13363,MED-040,LOC-004,224,2026-10-03,2026-06-12,2200.0,Near Expiry,0,
BATCH-13364,MED-040,LOC-002,600,2027-08-05,2026-01-20,2200.0,Available,0,
BATCH-13365,MED-027,LOC-001,1200,2027-07-15,2026-03-04,36.0,Available,0,
BATCH-13366,MED-035,LOC-009,106,2026-10-13,2026-07-04,112.0,Available,0,
BATCH-13367,MED-031,LOC-004,600,2027-08-23,2026-04-07,290.0,Available,0,
BATCH-13368,MED-038,LOC-005,600,2027-03-19,2025-12-06,38.0,Available,0,
BATCH-13369,MED-011,LOC-007,215,2026-10-03,2026-03-08,480.0,Near Expiry,0,
BATCH-13370,MED-023,LOC-010,1200,2026-11-07,2025-12-20,65.0,Available,0,
BATCH-13371,MED-029,LOC-007,560,2026-10-19,2025-12-15,125.0,Available,0,
BATCH-13372,MED-006,LOC-006,327,2026-10-31,2025-12-17,42.0,Available,0,
BATCH-13373,MED-017,LOC-006,1200,2026-12-02,2026-01-30,22.0,Available,0,
BATCH-13374,MED-024,LOC-004,390,2026-10-16,2026-02-09,82.0,Available,0,
BATCH-13375,MED-034,LOC-010,600,2026-11-08,2026-05-15,28.0,Available,0,
BATCH-13376,MED-016,LOC-008,217,2027-06-06,2026-05-02,64.0,Available,0,
BATCH-13377,MED-031,LOC-009,37,2026-09-12,2026-05-23,290.0,Near Expiry,0,
BATCH-13378,MED-013,LOC-003,600,2026-11-13,2026-05-10,72.0,Available,0,
BATCH-13379,MED-034,LOC-001,600,2026-11-18,2025-12-17,28.0,Available,0,
BATCH-13380,MED-004,LOC-005,1096,2026-09-18,2026-04-05,32.0,Near Expiry,0,
BATCH-13381,MED-017,LOC-001,600,2026-10-12,2025-12-19,22.0,Available,0,
BATCH-13382,MED-015,LOC-009,1200,2026-10-29,2026-03-24,110.0,Available,0,
BATCH-13383,MED-026,LOC-008,250,2026-10-24,2026-05-05,168.0,Available,0,
BATCH-13384,MED-026,LOC-007,144,2027-04-15,2026-05-18,168.0,Available,0,
BATCH-13385,MED-013,LOC-010,1200,2026-11-18,2026-06-14,72.0,Available,0,
BATCH-13386,MED-004,LOC-010,1200,2026-11-06,2026-06-25,32.0,Available,0,
BATCH-13387,MED-012,LOC-008,555,2026-10-26,2025-12-19,52.0,Available,0,
BATCH-13388,MED-008,LOC-007,600,2026-10-27,2026-05-06,28.5,Available,0,
BATCH-13389,MED-031,LOC-004,600,2026-11-17,2025-12-04,290.0,Available,0,
BATCH-13390,MED-014,LOC-006,1200,2026-10-31,2026-04-08,98.0,Available,0,
BATCH-13391,MED-034,LOC-010,353,2026-09-28,2025-12-18,28.0,Near Expiry,0,
BATCH-13392,MED-012,LOC-007,263,2026-09-17,2026-03-15,52.0,Near Expiry,0,
BATCH-13393,MED-034,LOC-008,1200,2026-11-04,2026-03-14,28.0,Available,0,
BATCH-13394,MED-035,LOC-002,423,2027-03-13,2026-05-12,112.0,Available,0,
BATCH-13395,MED-014,LOC-010,330,2026-09-24,2026-05-09,98.0,Near Expiry,0,
BATCH-13396,MED-020,LOC-002,600,2026-11-16,2025-11-22,26.0,Available,0,
BATCH-13397,MED-029,LOC-001,600,2026-11-02,2026-03-05,125.0,Available,0,
BATCH-13398,MED-003,LOC-007,88,2027-06-14,2026-06-12,18.2,Available,0,
BATCH-13399,MED-003,LOC-008,111,2026-09-14,2026-02-27,18.2,Near Expiry,0,
BATCH-13400,MED-020,LOC-008,78,2026-11-18,2026-03-03,26.0,Available,0,
BATCH-13401,MED-017,LOC-009,1200,2027-06-07,2026-03-16,22.0,Available,0,
BATCH-13402,MED-022,LOC-005,1200,2026-11-10,2025-12-02,58.0,Available,0,
BATCH-13403,MED-009,LOC-008,619,2026-09-19,2026-05-25,76.0,Near Expiry,0,
BATCH-13404,MED-033,LOC-004,600,2027-06-27,2025-12-19,105.0,Available,0,
BATCH-13405,MED-028,LOC-008,86,2027-05-25,2026-01-02,15.0,Available,0,
BATCH-13406,MED-018,LOC-001,170,2026-12-01,2026-02-16,45.0,Available,0,
BATCH-13407,MED-014,LOC-001,131,2026-09-23,2026-07-04,98.0,Available,0,
BATCH-13408,MED-001,LOC-006,1200,2026-10-07,2026-06-29,24.5,Near Expiry,0,
BATCH-13409,MED-014,LOC-001,1200,2027-07-03,2026-04-06,98.0,Available,0,
BATCH-13410,MED-039,LOC-003,600,2027-06-11,2025-12-07,45.0,Available,0,
BATCH-13411,MED-016,LOC-001,1200,2026-10-31,2026-02-11,64.0,Available,0,
BATCH-13412,MED-004,LOC-003,1200,2026-11-16,2025-11-18,32.0,Available,0,
BATCH-13413,MED-039,LOC-006,833,2026-10-05,2026-04-20,45.0,Available,0,
BATCH-13414,MED-013,LOC-002,197,2026-11-27,2026-06-07,72.0,Available,0,
BATCH-13415,MED-025,LOC-009,592,2026-09-19,2025-12-01,78.0,Near Expiry,0,
BATCH-13416,MED-037,LOC-004,600,2027-01-07,2025-11-22,25.0,Available,0,
BATCH-13417,MED-029,LOC-004,600,2027-06-11,2026-03-21,125.0,Available,0,
BATCH-13418,MED-014,LOC-010,600,2027-02-24,2026-05-04,98.0,Available,0,
BATCH-13419,MED-016,LOC-009,1200,2027-06-19,2025-12-05,64.0,Available,0,
BATCH-13420,MED-010,LOC-004,170,2027-02-18,2026-03-23,145.0,Available,0,
BATCH-13421,MED-023,LOC-002,600,2026-11-15,2025-12-02,65.0,Available,0,
BATCH-13422,MED-034,LOC-009,600,2026-11-12,2026-04-17,28.0,Available,0,
BATCH-13423,MED-033,LOC-002,600,2026-12-03,2026-01-07,105.0,Available,0,
BATCH-13424,MED-017,LOC-009,551,2026-10-14,2026-01-21,22.0,Available,0,
BATCH-13425,MED-019,LOC-009,1200,2026-11-28,2026-01-04,92.0,Available,0,
BATCH-13426,MED-021,LOC-001,1200,2026-11-14,2026-01-26,54.0,Available,0,
BATCH-13427,MED-019,LOC-001,462,2026-09-28,2025-11-16,92.0,Near Expiry,0,
BATCH-13428,MED-023,LOC-010,1200,2026-12-04,2025-11-15,65.0,Available,0,
BATCH-13429,MED-033,LOC-009,50,2026-09-11,2026-01-11,105.0,Near Expiry,0,
BATCH-13430,MED-029,LOC-006,547,2026-11-04,2025-12-10,125.0,Available,0,
BATCH-13431,MED-024,LOC-010,600,2027-06-17,2026-05-01,82.0,Available,0,
BATCH-13432,MED-029,LOC-003,600,2027-04-16,2026-03-11,125.0,Available,0,
BATCH-13433,MED-004,LOC-005,600,2027-06-14,2026-02-09,32.0,Available,0,
BATCH-13434,MED-027,LOC-008,600,2027-02-02,2026-03-23,36.0,Available,0,
BATCH-13435,MED-027,LOC-008,623,2026-09-28,2026-05-17,36.0,Near Expiry,0,
BATCH-13436,MED-011,LOC-008,79,2026-10-19,2026-02-03,480.0,Available,0,
BATCH-13437,MED-010,LOC-003,600,2026-12-01,2026-03-11,145.0,Available,0,
BATCH-13438,MED-019,LOC-006,1200,2027-03-23,2026-05-03,92.0,Available,0,
BATCH-13439,MED-004,LOC-001,110,2026-10-22,2026-04-17,32.0,Available,0,
BATCH-13440,MED-023,LOC-010,600,2027-06-14,2025-11-18,65.0,Available,0,
BATCH-13441,MED-036,LOC-004,570,2026-10-09,2025-12-04,135.0,Near Expiry,0,
BATCH-13442,MED-040,LOC-006,508,2027-05-13,2025-12-19,2200.0,Available,0,
BATCH-13443,MED-004,LOC-005,1200,2026-10-03,2025-11-21,32.0,Near Expiry,0,
BATCH-13444,MED-021,LOC-003,1200,2026-10-10,2026-02-13,54.0,Near Expiry,0,
BATCH-13445,MED-025,LOC-001,1200,2027-04-13,2025-12-02,78.0,Available,0,
BATCH-13446,MED-003,LOC-009,600,2026-12-08,2026-03-02,18.2,Available,0,
BATCH-13447,MED-002,LOC-002,52,2026-09-13,2025-12-22,68.0,Near Expiry,0,
BATCH-13448,MED-007,LOC-006,1200,2027-03-08,2026-07-01,85.0,Available,0,
BATCH-13449,MED-003,LOC-010,166,2026-12-01,2026-01-20,18.2,Available,0,
BATCH-13450,MED-028,LOC-004,600,2026-11-11,2026-05-26,15.0,Available,0,
BATCH-13451,MED-035,LOC-009,36,2026-11-26,2026-05-30,112.0,Available,0,
BATCH-13452,MED-036,LOC-009,1200,2026-11-26,2026-04-27,135.0,Available,0,
BATCH-13453,MED-034,LOC-002,600,2027-07-09,2025-12-27,28.0,Available,0,
BATCH-13454,MED-018,LOC-003,1200,2026-11-27,2026-05-14,45.0,Available,0,
BATCH-13455,MED-012,LOC-005,1200,2026-09-30,2026-03-11,52.0,Near Expiry,0,
BATCH-13456,MED-027,LOC-005,600,2026-10-11,2026-05-08,36.0,Available,0,
BATCH-13457,MED-011,LOC-008,541,2026-11-23,2026-03-30,480.0,Available,0,
BATCH-13458,MED-021,LOC-009,461,2026-10-10,2026-03-21,54.0,Near Expiry,0,
BATCH-13459,MED-011,LOC-005,1200,2026-10-25,2026-01-24,480.0,Available,0,
BATCH-13460,MED-017,LOC-007,83,2027-03-31,2025-12-21,22.0,Available,0,
BATCH-13461,MED-006,LOC-006,666,2026-10-24,2026-03-31,42.0,Available,0,
BATCH-13462,MED-040,LOC-005,236,2026-09-12,2025-12-22,2200.0,Near Expiry,0,
BATCH-13463,MED-036,LOC-010,600,2027-04-26,2025-12-28,135.0,Available,0,
BATCH-13464,MED-034,LOC-002,600,2027-02-10,2026-01-24,28.0,Available,0,
BATCH-13465,MED-010,LOC-004,600,2026-11-30,2026-02-01,145.0,Available,0,
BATCH-13466,MED-036,LOC-008,489,2026-09-19,2026-05-20,135.0,Near Expiry,0,
BATCH-13467,MED-018,LOC-001,600,2027-01-11,2026-05-21,45.0,Available,0,
BATCH-13468,MED-034,LOC-006,103,2026-11-17,2026-06-29,28.0,Available,0,
BATCH-13469,MED-038,LOC-007,1200,2026-12-09,2025-11-27,38.0,Available,0,
BATCH-13470,MED-026,LOC-006,600,2027-08-02,2026-03-06,168.0,Available,0,
BATCH-13471,MED-023,LOC-006,39,2026-09-16,2026-06-09,65.0,Near Expiry,0,
BATCH-13472,MED-028,LOC-005,1200,2026-11-29,2026-05-06,15.0,Available,0,
BATCH-13473,MED-015,LOC-003,1200,2026-10-22,2026-03-29,110.0,Available,0,
BATCH-13474,MED-023,LOC-004,1200,2027-04-18,2026-05-28,65.0,Available,0,
BATCH-13475,MED-006,LOC-009,55,2026-10-19,2026-03-18,42.0,Available,0,
BATCH-13476,MED-004,LOC-004,1200,2026-10-31,2026-02-15,32.0,Available,0,
BATCH-13477,MED-023,LOC-001,600,2027-07-07,2026-04-08,65.0,Available,0,
BATCH-13478,MED-036,LOC-006,201,2026-09-11,2026-05-25,135.0,Near Expiry,0,
BATCH-13479,MED-037,LOC-009,72,2027-08-10,2025-11-24,25.0,Available,0,
BATCH-13480,MED-012,LOC-008,1200,2026-12-02,2026-01-10,52.0,Available,0,
BATCH-13481,MED-014,LOC-004,1200,2026-11-10,2026-04-01,98.0,Available,0,
BATCH-13482,MED-033,LOC-010,1200,2027-08-18,2026-07-01,105.0,Available,0,
BATCH-13483,MED-039,LOC-002,600,2026-11-21,2026-03-17,45.0,Available,0,
BATCH-13484,MED-019,LOC-010,600,2027-07-06,2026-04-11,92.0,Available,0,
BATCH-13485,MED-031,LOC-001,600,2026-11-21,2026-02-05,290.0,Available,0,
BATCH-13486,MED-019,LOC-004,1200,2026-10-27,2025-12-14,92.0,Available,0,
BATCH-13487,MED-001,LOC-008,600,2026-11-08,2026-01-04,24.5,Available,0,
BATCH-13488,MED-005,LOC-001,600,2026-11-14,2025-11-25,115.5,Available,0,
BATCH-13489,MED-038,LOC-008,1200,2026-11-05,2025-11-15,38.0,Available,0,
BATCH-13490,MED-019,LOC-008,363,2026-09-22,2026-05-11,92.0,Near Expiry,0,
BATCH-13491,MED-019,LOC-004,600,2027-03-11,2026-03-29,92.0,Available,0,
BATCH-13492,MED-012,LOC-004,276,2026-09-20,2026-04-12,52.0,Available,0,
BATCH-13493,MED-010,LOC-005,1200,2026-10-21,2026-04-17,145.0,Available,0,
BATCH-13494,MED-009,LOC-001,56,2026-11-22,2026-02-01,76.0,Available,0,
BATCH-13495,MED-030,LOC-006,195,2026-09-18,2026-04-12,140.0,Available,0,
BATCH-13496,MED-028,LOC-009,1200,2026-10-24,2026-02-14,15.0,Available,0,
BATCH-13497,MED-005,LOC-002,136,2027-01-21,2026-01-15,115.5,Available,0,
BATCH-13498,MED-039,LOC-004,600,2027-04-12,2026-04-10,45.0,Available,0,
BATCH-13499,MED-015,LOC-001,199,2026-11-21,2026-05-04,110.0,Available,0,
BATCH-13500,MED-021,LOC-002,600,2027-07-12,2026-04-19,54.0,Available,0,
BATCH-13501,MED-019,LOC-004,535,2026-09-21,2026-05-15,92.0,Near Expiry,0,
BATCH-13502,MED-026,LOC-005,1200,2026-10-27,2025-12-24,168.0,Available,0,
BATCH-13503,MED-022,LOC-002,1200,2026-11-14,2026-01-09,58.0,Available,0,
BATCH-13504,MED-005,LOC-006,1200,2026-11-27,2026-03-05,115.5,Available,0,
BATCH-13505,MED-004,LOC-010,516,2026-09-27,2026-04-10,32.0,Near Expiry,0,
BATCH-13506,MED-016,LOC-001,600,2026-11-02,2025-12-27,64.0,Available,0,
BATCH-13507,MED-004,LOC-001,1200,2026-11-27,2025-11-24,32.0,Available,0,
BATCH-13508,MED-017,LOC-004,600,2026-10-25,2026-07-04,22.0,Available,0,
BATCH-13509,MED-001,LOC-005,1200,2026-10-14,2025-12-15,24.5,Available,0,
BATCH-13510,MED-040,LOC-003,180,2026-12-01,2025-12-11,2200.0,Available,0,
BATCH-13511,MED-037,LOC-008,313,2026-10-08,2026-02-24,25.0,Available,0,
BATCH-13512,MED-039,LOC-008,1200,2026-10-22,2026-02-08,45.0,Available,0,
BATCH-13513,MED-016,LOC-010,248,2026-10-10,2026-06-28,64.0,Near Expiry,0,
BATCH-13514,MED-038,LOC-002,600,2027-03-16,2026-05-10,38.0,Available,0,
BATCH-13515,MED-025,LOC-005,205,2026-11-10,2026-03-02,78.0,Available,0,
BATCH-13516,MED-020,LOC-001,600,2026-11-02,2026-01-10,26.0,Available,0,
BATCH-13517,MED-023,LOC-003,1200,2027-05-30,2026-02-16,65.0,Available,0,
BATCH-13518,MED-030,LOC-001,21,2026-12-07,2025-11-14,140.0,Available,0,
BATCH-13519,MED-037,LOC-005,102,2026-11-07,2026-07-09,25.0,Available,0,
BATCH-13520,MED-028,LOC-003,600,2026-12-03,2026-05-27,15.0,Available,0,
BATCH-13521,MED-027,LOC-001,51,2027-06-24,2025-12-23,36.0,Available,0,
BATCH-13522,MED-036,LOC-007,600,2026-12-07,2026-07-07,135.0,Available,0,
BATCH-13523,MED-015,LOC-007,1200,2027-01-13,2026-02-12,110.0,Available,0,
BATCH-13524,MED-036,LOC-002,147,2026-11-11,2026-06-30,135.0,Available,0,
BATCH-13525,MED-026,LOC-003,600,2026-11-21,2025-11-17,168.0,Available,0,
BATCH-13526,MED-030,LOC-008,1200,2027-08-20,2025-12-24,140.0,Available,0,
BATCH-13527,MED-038,LOC-008,167,2026-09-30,2025-11-29,38.0,Near Expiry,0,
BATCH-13528,MED-039,LOC-007,600,2026-10-11,2026-03-09,45.0,Available,0,
BATCH-13529,MED-024,LOC-007,1200,2026-11-28,2026-01-18,82.0,Available,0,
BATCH-13530,MED-011,LOC-003,29,2026-09-17,2025-12-16,480.0,Near Expiry,0,
BATCH-13531,MED-026,LOC-004,1200,2027-08-02,2025-12-20,168.0,Available,0,
BATCH-13532,MED-040,LOC-003,164,2026-10-12,2026-03-08,2200.0,Available,0,
BATCH-13533,MED-034,LOC-007,600,2026-11-16,2026-04-11,28.0,Available,0,
BATCH-13534,MED-032,LOC-008,386,2026-10-25,2026-05-01,420.0,Available,0,
BATCH-13535,MED-040,LOC-010,237,2026-11-20,2026-01-26,2200.0,Available,0,
BATCH-13536,MED-025,LOC-010,1200,2026-11-25,2026-01-01,78.0,Available,0,
BATCH-13537,MED-003,LOC-002,600,2026-11-11,2026-01-15,18.2,Available,0,
BATCH-13538,MED-008,LOC-003,600,2026-10-26,2026-06-14,28.5,Available,0,
BATCH-13539,MED-037,LOC-004,262,2026-09-25,2026-05-19,25.0,Near Expiry,0,
BATCH-13540,MED-036,LOC-004,195,2026-09-16,2026-04-03,135.0,Near Expiry,0,
BATCH-13541,MED-031,LOC-006,167,2026-09-28,2026-05-28,290.0,Available,0,
BATCH-13542,MED-018,LOC-009,600,2027-04-18,2026-03-12,45.0,Available,0,
BATCH-13543,MED-026,LOC-010,600,2027-03-20,2026-04-29,168.0,Available,0,
BATCH-13544,MED-011,LOC-003,98,2026-09-25,2026-01-28,480.0,Near Expiry,0,
BATCH-13545,MED-001,LOC-004,115,2026-11-18,2026-01-18,24.5,Available,0,
BATCH-13546,MED-004,LOC-006,219,2026-10-26,2026-01-16,32.0,Available,0,
BATCH-13547,MED-037,LOC-002,573,2026-10-17,2026-06-24,25.0,Available,0,
BATCH-13548,MED-021,LOC-004,476,2026-10-27,2025-11-18,54.0,Available,0,
BATCH-13549,MED-023,LOC-001,600,2027-02-20,2025-11-24,65.0,Available,0,
BATCH-13550,MED-033,LOC-001,135,2026-11-16,2026-04-06,105.0,Available,0,
BATCH-13551,MED-023,LOC-007,241,2026-10-07,2026-05-22,65.0,Near Expiry,0,
BATCH-13552,MED-030,LOC-001,1200,2027-09-10,2026-04-23,140.0,Available,0,
BATCH-13553,MED-018,LOC-004,600,2027-04-28,2026-05-05,45.0,Available,0,
BATCH-13554,MED-002,LOC-005,600,2026-10-03,2026-02-11,68.0,Near Expiry,0,
BATCH-13555,MED-038,LOC-003,202,2026-09-18,2026-02-28,38.0,Near Expiry,0,
BATCH-13556,MED-040,LOC-007,1070,2026-11-29,2026-01-29,2200.0,Available,0,
BATCH-13557,MED-038,LOC-004,247,2026-10-21,2026-05-20,38.0,Available,0,
BATCH-13558,MED-005,LOC-002,1200,2026-10-10,2025-12-06,115.5,Near Expiry,0,
BATCH-13559,MED-026,LOC-001,244,2026-12-07,2025-12-10,168.0,Available,0,
BATCH-13560,MED-011,LOC-007,95,2026-09-28,2026-05-01,480.0,Available,0,
BATCH-13561,MED-008,LOC-004,63,2026-10-19,2025-12-21,28.5,Available,0,
BATCH-13562,MED-010,LOC-004,600,2026-11-10,2026-03-09,145.0,Available,0,
BATCH-13563,MED-019,LOC-004,1200,2026-10-23,2025-11-21,92.0,Available,0,
BATCH-13564,MED-040,LOC-006,32,2027-04-21,2026-03-14,2200.0,Available,0,
BATCH-13565,MED-027,LOC-001,39,2027-04-16,2025-11-17,36.0,Available,0,
BATCH-13566,MED-004,LOC-008,1200,2026-12-04,2026-04-12,32.0,Available,0,
BATCH-13567,MED-009,LOC-002,1200,2026-11-04,2026-01-05,76.0,Available,0,
BATCH-13568,MED-011,LOC-003,371,2026-10-14,2026-03-10,480.0,Available,0,
BATCH-13569,MED-033,LOC-001,1200,2027-05-31,2026-03-23,105.0,Available,0,
BATCH-13570,MED-034,LOC-006,395,2026-10-17,2026-05-18,28.0,Available,0,
BATCH-13571,MED-001,LOC-003,600,2026-11-29,2025-12-20,24.5,Available,0,
BATCH-13572,MED-021,LOC-009,313,2026-10-08,2026-01-23,54.0,Near Expiry,0,
BATCH-13573,MED-004,LOC-006,898,2026-09-27,2026-05-30,32.0,Near Expiry,0,
BATCH-13574,MED-008,LOC-002,600,2026-11-15,2026-02-16,28.5,Available,0,
BATCH-13575,MED-019,LOC-002,1200,2026-11-04,2026-06-21,92.0,Available,0,
BATCH-13576,MED-024,LOC-007,1200,2027-03-17,2026-02-14,82.0,Available,0,
BATCH-13577,MED-027,LOC-006,155,2026-09-21,2025-12-14,36.0,Available,0,
BATCH-13578,MED-003,LOC-003,217,2026-09-15,2026-01-28,18.2,Near Expiry,0,
BATCH-13579,MED-040,LOC-009,235,2026-11-26,2026-04-03,2200.0,Available,0,
BATCH-13580,MED-035,LOC-003,950,2026-11-05,2026-02-09,112.0,Available,0,
BATCH-13581,MED-030,LOC-006,197,2027-01-31,2025-11-21,140.0,Available,0,
BATCH-13582,MED-037,LOC-002,163,2027-05-19,2026-05-25,25.0,Available,0,
BATCH-13583,MED-002,LOC-002,476,2026-09-19,2025-11-29,68.0,Near Expiry,0,
BATCH-13584,MED-026,LOC-009,1200,2027-04-09,2026-04-29,168.0,Available,0,
BATCH-13585,MED-001,LOC-003,600,2026-09-26,2026-04-03,24.5,Near Expiry,0,
BATCH-13586,MED-011,LOC-001,245,2027-05-19,2026-05-10,480.0,Available,0,
BATCH-13587,MED-017,LOC-003,141,2026-10-24,2026-03-22,22.0,Available,0,
BATCH-13588,MED-025,LOC-001,600,2026-10-15,2026-02-04,78.0,Available,0,
BATCH-13589,MED-038,LOC-009,140,2026-12-02,2025-11-22,38.0,Available,0,
BATCH-13590,MED-020,LOC-001,600,2027-08-22,2026-03-10,26.0,Available,0,
BATCH-13591,MED-022,LOC-003,1200,2027-01-05,2026-07-07,58.0,Available,0,
BATCH-13592,MED-003,LOC-006,173,2026-12-19,2026-01-17,18.2,Available,0,
BATCH-13593,MED-032,LOC-003,600,2026-10-25,2025-12-19,420.0,Available,0,
BATCH-13594,MED-023,LOC-005,171,2027-07-21,2026-01-03,65.0,Available,0,
BATCH-13595,MED-014,LOC-010,504,2026-10-01,2026-01-01,98.0,Near Expiry,0,
BATCH-13596,MED-012,LOC-004,150,2026-11-13,2025-12-18,52.0,Available,0,
BATCH-13597,MED-037,LOC-004,137,2027-03-18,2026-01-22,25.0,Available,0,
BATCH-13598,MED-036,LOC-007,90,2026-11-25,2025-11-28,135.0,Available,0,
BATCH-13599,MED-012,LOC-004,600,2026-11-09,2026-03-18,52.0,Available,0,
BATCH-13600,MED-039,LOC-006,1200,2026-11-12,2025-12-14,45.0,Available,0,
